date,revenue_k_twd,source_file,company_name,source_kind,revenue_bn_twd,mom,yoy,year,month,model_eligible,origin,as_of,peer_available_at,emc_2383_revenue_k_twd,iteq_6213_revenue_k_twd,emc_2383_revenue_bn_twd,emc_2383_log,emc_2383_yoy,emc_2383_mom,iteq_6213_revenue_bn_twd,iteq_6213_log,iteq_6213_yoy,iteq_6213_mom,peer_mean_yoy,peer_revenue_sum_bn_twd,peer_sum_log,ntd_usd,fx_available_at,ntd_usd_mom,ntd_usd_yoy,ntd_usd_roll3,financial_year,financial_quarter,financial_period,financial_period_end,financial_available_at,financial_availability_policy,financial_source_file,financial_source_url,revenue_ntd_m,cogs_ntd_m,gross_profit_ntd_m,opex_ntd_m,operating_income_ntd_m,pbt_ntd_m,tax_ntd_m,net_income_ntd_m,cash_ntd_m,accounts_receivable_ntd_m,inventory_ntd_m,ppe_ntd_m,total_assets_ntd_m,short_term_borrowings_ntd_m,accounts_payable_ntd_m,bonds_payable_ntd_m,long_term_borrowings_ntd_m,total_liabilities_ntd_m,equity_ntd_m,cfo_ytd_ntd_m,capex_ytd_ntd_m,fin_gross_margin_pct,fin_operating_margin_pct,fin_inventory_asset_ratio,fin_ppe_asset_ratio,fin_ar_asset_ratio,fin_cash_asset_ratio,fin_debt_asset_ratio,fin_capex_ytd_asset_ratio,fin_cfo_ytd_asset_ratio,ppe_yoy_growth,inventory_yoy_growth,accounts_receivable_yoy_growth
2013-01-01,1048274,data/raw/mops_monthly/t21sc03_102_1_0.html,台燿,MOPS OTC historical monthly revenue HTML,1.048274,1.1096913772804569,1.3954087811744489,2013,1,True,2013-01-01,2013-02-16,2013-02-10,1397313.0,1746019.0,1.397313,0.33455110671803934,,,1.746019,0.5573383393742384,,,,3.143332,1.1452833837990117,29.184,2013-02-05,,,,,,,,,,,,,,,,,,,,,,,,,,,,,,,,,,,,,,,,,,,,
2013-02-01,832778,data/raw/mops_monthly/t21sc03_102_2_0.html,台燿,MOPS OTC historical monthly revenue HTML,0.832778,-0.2055722072664207,0.8110208138065715,2013,2,True,2013-02-01,2013-03-16,2013-03-10,1233338.0,1490765.0,1.233338,0.2097243147586944,,-0.11735022861735345,1.490765,0.3992894110197601,,-0.146191994474287,,2.724103,1.0021391996135247,29.665,2013-03-05,0.016481633771929793,,,,,,,,,,,,,,,,,,,,,,,,,,,,,,,,,,,,,,,,,,,
2013-03-01,1104024,data/raw/mops_monthly/t21sc03_102_3_0.html,台燿,MOPS OTC historical monthly revenue HTML,1.104024,0.3257122546464963,1.156006319460854,2013,3,True,2013-03-01,2013-04-16,2013-04-10,1510498.0,1758338.0,1.510498,0.4124393977788338,,0.22472347401928738,1.758338,0.5643690447189346,,0.17948704188788978,,3.268836,1.1844339582364345,29.798,2013-04-05,0.00448339794370467,,29.548999999999996,,,,,,,,,,,,,,,,,,,,,,,,,,,,,,,,,,,,,,,,,
2013-04-01,1167380,data/raw/mops_monthly/t21sc03_102_4_0.html,台燿,MOPS OTC historical monthly revenue HTML,1.16738,0.0573864336282545,1.1613585280144565,2013,4,True,2013-04-01,2013-05-16,2013-05-10,1442536.0,1760728.0,1.442536,0.3664026757611487,,-0.04499310823317859,1.760728,0.5657273598897592,,0.0013592380987046404,,3.203264,1.1641702899591464,29.88,2013-05-05,0.0027518625411102615,,29.781000000000002,,,,,,,,,,,,,,,,,,,,,,,,,,,,,,,,,,,,,,,,,
2013-05-01,999975,data/raw/mops_monthly/t21sc03_102_5_0.html,台燿,MOPS OTC historical monthly revenue HTML,0.999975,-0.1434023197245114,0.7079459045849246,2013,5,True,2013-05-01,2013-06-16,2013-06-10,1341371.0,1582983.0,1.341371,0.2936922252459846,,-0.07012996556065143,1.582983,0.4593110417382415,,-0.10094972079730657,,2.924354,1.0730736015909743,29.888,2013-06-05,0.00026773761713538846,,29.855333333333334,,,,,,,,,,,,,,,,,,,,,,,,,,,,,,,,,,,,,,,,,
2013-06-01,858164,data/raw/mops_monthly/t21sc03_102_6_0.html,台燿,MOPS OTC historical monthly revenue HTML,0.858164,-0.141814545363634,0.6219162548076469,2013,6,True,2013-06-01,2013-07-16,2013-07-10,1335587.0,1537954.0,1.335587,0.2893708955868624,,-0.004312006148932679,1.537954,0.4304529616634782,,-0.02844566239814328,,2.8735410000000003,1.0555450671777709,30.089,2013-07-05,0.006725107066380964,,29.952333333333332,,,,,,,,,,,,,,,,,,,,,,,,,,,,,,,,,,,,,,,,,
2013-07-01,986458,data/raw/mops_monthly/t21sc03_102_7_0.html,台燿,MOPS OTC historical monthly revenue HTML,0.986458,0.1494982311073407,1.1140816908230158,2013,7,True,2013-07-01,2013-08-16,2013-08-10,1434752.0,1605256.0,1.434752,0.36099201197643843,,0.07424825189223916,1.605256,0.4732832454205906,,0.04376073666702651,,3.0400080000000003,1.1118601469936151,30.041,2013-08-05,-0.0015952673734587197,,30.006,,,,,,,,,,,,,,,,,,,,,,,,,,,,,,,,,,,,,,,,,
2013-08-01,1015886,data/raw/mops_monthly/t21sc03_102_8_0.html,台燿,MOPS OTC historical monthly revenue HTML,1.015886,0.0298319847373127,0.839749939784892,2013,8,True,2013-08-01,2013-09-16,2013-09-10,1544876.0,1730045.0,1.544876,0.4349436482291145,,0.07675472834329544,1.730045,0.5481474197320865,,0.07773775646999614,,3.274921,1.1862937466588672,30.029,2013-09-05,-0.00039945407942476585,,30.052999999999997,,,,,,,,,,,,,,,,,,,,,,,,,,,,,,,,,,,,,,,,,
2013-09-01,985834,data/raw/mops_monthly/t21sc03_102_9_0.html,台燿,MOPS OTC historical monthly revenue HTML,0.985834,-0.0295820594043033,0.7947521059118459,2013,9,True,2013-09-01,2013-10-16,2013-10-10,1526528.0,1694269.0,1.526528,0.42299587563839436,,-0.011876681364717867,1.694269,0.527251379372857,,-0.02067923088705792,,3.220797,1.1696288444573526,29.782,2013-10-05,-0.008225382130607084,,29.950666666666667,,,,,,,,,,,,,,,,,,,,,,,,,,,,,,,,,,,,,,,,,
2013-10-01,973109,data/raw/mops_monthly/t21sc03_102_10_0.html,台燿,MOPS OTC historical monthly revenue HTML,0.973109,-0.0129078526405054,0.7134915743691781,2013,10,True,2013-10-01,2013-11-16,2013-11-10,1418859.0,1587823.0,1.418859,0.34985302749027386,,-0.070531952247191,1.587823,0.46236389565553104,,-0.06282709534318343,,3.006682,1.1008371451716894,29.492,2013-11-05,-0.009737425290443857,,29.767666666666667,,,,,,,,,,,,,,,,,,,,,,,,,,,,,,,,,,,,,,,,,
2013-11-01,971938,data/raw/mops_monthly/t21sc03_102_11_0.html,台燿,MOPS OTC historical monthly revenue HTML,0.971938,-0.0012033595414285,0.789002089142899,2013,11,True,2013-11-01,2013-12-16,2013-12-10,1250107.0,1590784.0,1.250107,0.22322914765073887,,-0.11893500340766772,1.590784,0.4642269764682811,,0.001864817426123766,,2.840891,1.0441177353637643,29.589,2013-12-05,0.0032890275328902874,,29.621,,,,,,,,,,,,,,,,,,,,,,,,,,,,,,,,,,,,,,,,,
2013-12-01,1036293,data/raw/mops_monthly/t21sc03_102_12_0.html,台燿,MOPS OTC historical monthly revenue HTML,1.036293,0.0662130712041302,1.0855791581553071,2013,12,True,2013-12-01,2014-01-16,2014-01-10,1437436.0,1773654.0,1.437436,0.3628609709591159,,0.14985037280808755,1.773654,0.573041825405869,,0.11495589596073397,,3.21109,1.166610443366092,29.813,2014-01-05,0.00757038088478823,,29.631333333333334,,,,,,,,,,,,,,,,,,,,,,,,,,,,,,,,,,,,,,,,,
2014-01-01,1127227,data/raw/mops_monthly/t21sc03_103_1_0.html,台燿,MOPS OTC historical monthly revenue HTML,1.127227,0.0877493141418499,0.0753171403659731,2014,1,True,2014-01-01,2014-02-16,2014-02-10,1479727.0,1708598.0,1.479727,0.3918576113018258,0.05898034298686117,0.029421135967097056,1.708598,0.5356731511857087,-0.02143218372766842,-0.036679081714922956,0.018774079629596374,3.188325,1.159495700524925,30.264,2014-02-05,0.015127628886727251,0.03700657894736836,29.888666666666666,,,,,,,,,,,,,,,,,,,,,,,,,,,,,,,,,,,,,,,,,
2014-02-01,882362,data/raw/mops_monthly/t21sc03_103_2_0.html,台燿,MOPS OTC historical monthly revenue HTML,0.882362,-0.2172277633520134,0.0595404777743888,2014,2,True,2014-02-01,2014-03-16,2014-03-10,1245119.0,1518560.0,1.245119,0.2192311076782885,0.009552126018982587,-0.1585481646276644,1.51856,0.41776251740004494,0.018644789755595248,-0.11122452443465347,0.014098457887288918,2.7636789999999998,1.0165627631263796,30.377,2014-03-05,0.003733809146180267,0.024001348390358945,30.15133333333333,,,,,,,,,,,,,,,,,,,,,,,,,,,,,,,,,,,,,,,,,
2014-03-01,1037649,data/raw/mops_monthly/t21sc03_103_3_0.html,台燿,MOPS OTC historical monthly revenue HTML,1.037649,0.1759901265013679,-0.0601209756309644,2014,3,True,2014-03-01,2014-04-16,2014-04-10,1464741.0,1713345.0,1.464741,0.38167843503064297,-0.030292658447743648,0.17638635343288467,1.713345,0.5384476001143019,-0.025588368106700843,0.12826954483194597,-0.027940513277222245,3.178086,1.156279128793063,30.446,2014-04-05,0.0022714553774239032,0.0217464259346265,30.36233333333333,,,,,,,,,,,,,,,,,,,,,,,,,,,,,,,,,,,,,,,,,
2014-04-01,1122932,data/raw/mops_monthly/t21sc03_103_4_0.html,台燿,MOPS OTC historical monthly revenue HTML,1.122932,0.0821886784452161,-0.0380750055680241,2014,4,True,2014-04-01,2014-05-16,2014-05-10,1479782.0,1762519.0,1.479782,0.39189477962941405,0.02581980623013913,0.0102687096217009,1.762519,0.5667440357880253,0.00101719288839619,0.02870058277813281,0.01341849955926766,3.242301,1.176283262927258,30.268,2014-05-05,-0.005846416606450799,0.01298527443105768,30.36366666666667,,,,,,,,,,,,,,,,,,,,,,,,,,,,,,,,,,,,,,,,,
2014-05-01,1132155,data/raw/mops_monthly/t21sc03_103_5_0.html,台燿,MOPS OTC historical monthly revenue HTML,1.132155,0.0082133201298031,0.1321833045826146,2014,5,True,2014-05-01,2014-06-16,2014-06-10,1459767.0,1762906.0,1.459767,0.3782768339434632,0.08826491701401018,-0.013525640939003103,1.762906,0.5669635837866663,0.11366072787894765,0.00021957210106671177,0.10096282244647892,3.2226730000000003,1.1702111394173689,30.177,2014-06-05,-0.003006475485661464,0.009669432548179868,30.297,,,,,,,,,,,,,,,,,,,,,,,,,,,,,,,,,,,,,,,,,
2014-06-01,1093287,data/raw/mops_monthly/t21sc03_103_6_0.html,台燿,MOPS OTC historical monthly revenue HTML,1.093287,-0.0343309882480756,0.2739837606797766,2014,6,True,2014-06-01,2014-07-16,2014-07-10,1419160.0,1582596.0,1.41916,0.350065147283079,0.06257398432299799,-0.02781745305928962,1.582596,0.459066536703347,0.029026875966381205,-0.10227998543314287,0.0458004301446896,3.001756,1.099197450760706,30.043,2014-07-05,-0.0044404679060211505,-0.0015287978995646156,30.162666666666667,,,,,,,,,,,,,,,,,,,,,,,,,,,,,,,,,,,,,,,,,
2014-07-01,1215641,data/raw/mops_monthly/t21sc03_103_7_0.html,台燿,MOPS OTC historical monthly revenue HTML,1.215641,0.1119138890337121,0.2323292020542182,2014,7,True,2014-07-01,2014-08-16,2014-08-10,1662268.0,1701175.0,1.662268,0.508182934937842,0.15857514051208854,0.17130415175174063,1.701175,0.531319188780309,0.05975308611212182,0.0749268922706745,0.10916411331210518,3.363443,1.2129651517069562,30.0,2014-08-05,-0.0014312818293779062,-0.0013648014380347462,30.073333333333334,,,,,,,,,,,,,,,,,,,,,,,,,,,,,,,,,,,,,,,,,
2014-08-01,1168909,data/raw/mops_monthly/t21sc03_103_8_0.html,台燿,MOPS OTC historical monthly revenue HTML,1.168909,-0.0384422703742305,0.1506300903841571,2014,8,True,2014-08-01,2014-09-16,2014-09-10,1646292.0,1651654.0,1.646292,0.4985254862783886,0.06564669267954204,-0.009610965259512882,1.651654,0.5017772100632438,-0.04531153813918143,-0.02910987993592673,0.010167577270180306,3.297946,1.1932998504436259,30.037,2014-09-05,0.0012333333333331975,0.00026640913783348985,30.026666666666667,,,,,,,,,,,,,,,,,,,,,,,,,,,,,,,,,,,,,,,,,
2014-09-01,1159237,data/raw/mops_monthly/t21sc03_103_9_0.html,台燿,MOPS OTC historical monthly revenue HTML,1.159237,-0.0082743823514062,0.1758947246696707,2014,9,True,2014-09-01,2014-10-16,2014-10-10,1786953.0,1714359.0,1.786953,0.5805119347681775,0.1705995566409524,0.08544110036372654,1.714359,0.5390392498189318,0.011857621192384427,0.037964973293437954,0.09122858891666841,3.501312,1.2531377553968395,30.155,2014-10-05,0.003928488197889379,0.01252434356322607,30.064000000000004,,,,,,,,,,,,,,,,,,,,,,,,,,,,,,,,,,,,,,,,,
2014-10-01,1204861,data/raw/mops_monthly/t21sc03_103_10_0.html,台燿,MOPS OTC historical monthly revenue HTML,1.204861,0.0393569218373808,0.238156259987319,2014,10,True,2014-10-01,2014-11-16,2014-11-10,1762733.0,1679279.0,1.762733,0.5668654455483846,0.242359529734808,-0.013553798001402328,1.679279,0.51836453463013,0.05759835951488301,-0.020462458563229702,0.1499789446248455,3.442012,1.2360561841284186,30.432,2014-11-05,0.009185872989553978,0.031873050318730334,30.208,,,,,,,,,,,,,,,,,,,,,,,,,,,,,,,,,,,,,,,,,
2014-11-01,1128626,data/raw/mops_monthly/t21sc03_103_11_0.html,台燿,MOPS OTC historical monthly revenue HTML,1.128626,-0.0632728588608977,0.1612119291559748,2014,11,True,2014-11-01,2014-12-16,2014-12-10,1694258.0,1641975.0,1.694258,0.5272448868762648,0.35529038714286054,-0.03884592845314638,1.641975,0.4958997855793725,0.03217973024621812,-0.02221429553993115,0.19373505869453933,3.336233,1.2048423261822132,30.793,2014-12-05,0.01186251314405884,0.04069079725573688,30.459999999999997,,,,,,,,,,,,,,,,,,,,,,,,,,,,,,,,,,,,,,,,,
2014-12-01,1135136,data/raw/mops_monthly/t21sc03_103_12_0.html,台燿,MOPS OTC historical monthly revenue HTML,1.135136,0.0057680755183737,0.0953813255517503,2014,12,True,2014-12-01,2015-01-16,2015-01-10,1783967.0,1735261.0,1.783967,0.5788395362288845,0.24107577659109714,0.0529488425021456,1.735261,0.5511578343616792,-0.02164627373771888,0.0568132888746784,0.10971475142668913,3.519228,1.258241647374438,31.451,2015-01-05,0.02136849283928166,0.054942474759333226,30.892,,,,,,,,,,,,,,,,,,,,,,,,,,,,,,,,,,,,,,,,,
2015-01-01,1210765,data/raw/mops_monthly/t21sc03_104_1_0.html,台燿,MOPS OTC historical monthly revenue HTML,1.210765,0.0666254968567645,0.0741092965303351,2015,1,True,2015-01-01,2015-02-16,2015-02-10,1794432.0,1765337.0,1.794432,0.5846885373238789,0.21267774393519878,0.005866139900569944,1.765337,0.5683416070037153,0.033207928371682405,0.01733226298522239,0.1229428361534406,3.559769,1.2696956551181957,31.685,2015-02-05,0.007440144987440833,0.04695347607718747,31.30966666666667,,,,,,,,,,,,,,,,,,,,,,,,,,,,,,,,,,,,,,,,,
2015-02-01,929907,data/raw/mops_monthly/t21sc03_104_2_0.html,台燿,MOPS OTC historical monthly revenue HTML,0.929907,-0.2319673925163017,0.0538837801265241,2015,2,True,2015-02-01,2015-03-16,2015-03-10,1476119.0,1283717.0,1.476119,0.38941634623462973,0.18552443581697808,-0.17738927972751273,1.283717,0.24975977599059762,-0.15464848277315346,-0.27282043032010317,0.015437976521912311,2.759836,1.0151712576737482,31.566,2015-03-05,-0.003755720372416005,0.03914145570662009,31.567333333333334,,,,,,,,,,,,,,,,,,,,,,,,,,,,,,,,,,,,,,,,,
2015-03-01,1052153,data/raw/mops_monthly/t21sc03_104_3_0.html,台燿,MOPS OTC historical monthly revenue HTML,1.052153,0.1314604578737441,0.0139777516289225,2015,3,True,2015-03-01,2015-04-16,2015-04-10,1692045.0,1500046.0,1.692045,0.5259378565750519,0.15518374920890454,0.14627953437358365,1.500046,0.4054957743046184,-0.12449273205338096,0.16851767172982823,0.01534550857776179,3.192091,1.1606761879531249,31.526,2015-04-05,-0.0012671862130140266,0.03547264008408324,31.59233333333333,,,,,,,,,,,,,,,,,,,,,,,,,,,,,,,,,,,,,,,,,
2015-04-01,985165,data/raw/mops_monthly/t21sc03_104_4_0.html,台燿,MOPS OTC historical monthly revenue HTML,0.985165,-0.0636675464499934,-0.122685077992256,2015,4,True,2015-04-01,2015-05-16,2015-05-10,1669619.0,1486441.0,1.669619,0.5125954566873532,0.12828713959218319,-0.013253784621567455,1.486441,0.39638467212005685,-0.15663831141678475,-0.009069721861862945,-0.014175585912300781,3.15606,1.1493244142097574,31.13,2015-05-05,-0.012561060711793415,0.02847892163340826,31.40733333333333,,,,,,,,,,,,,,,,,,,,,,,,,,,,,,,,,,,,,,,,,
2015-05-01,1011793,data/raw/mops_monthly/t21sc03_104_5_0.html,台燿,MOPS OTC historical monthly revenue HTML,1.011793,0.0270289748417777,-0.1063122982277162,2015,5,True,2015-05-01,2015-06-16,2015-06-10,1617205.0,1488995.0,1.617205,0.4806993505432412,0.10785145848618294,-0.031392790810358506,1.488995,0.39810139573787273,-0.1553747051742974,0.0017181980314053824,-0.023761623344057237,3.1062000000000003,1.1334001141537737,30.717,2015-06-05,-0.013266945069065228,0.017894422904861207,31.12433333333333,,,,,,,,,,,,,,,,,,,,,,,,,,,,,,,,,,,,,,,,,
2015-06-01,990189,data/raw/mops_monthly/t21sc03_104_6_0.html,台燿,MOPS OTC historical monthly revenue HTML,0.990189,-0.021352193581098,-0.0943009475096657,2015,6,True,2015-06-01,2015-07-16,2015-07-10,1586245.0,1378300.0,1.586245,0.461369587953234,0.11773513909636679,-0.019144140662439302,1.3783,0.32085085571825617,-0.12908916741859566,-0.07434208979882406,-0.005677014161114435,2.964545,1.0867235636756454,31.113,2015-07-05,0.012891883973044305,0.03561561761475218,30.986666666666665,,,,,,,,,,,,,,,,,,,,,,,,,,,,,,,,,,,,,,,,,
2015-07-01,1115975,data/raw/mops_monthly/t21sc03_104_7_0.html,台燿,MOPS OTC historical monthly revenue HTML,1.115975,0.1270323140329774,-0.0819863759119674,2015,7,True,2015-07-01,2015-08-16,2015-08-10,1890243.0,1622303.0,1.890243,0.6367053922355247,0.13714695825221912,0.19164630936582938,1.622303,0.48384674465891336,-0.04636324893088606,0.17703185083073358,0.04539185466066653,3.512546,1.2563411306595205,31.343,2015-08-05,0.0073924083180663125,0.04476666666666662,31.057666666666666,,,,,,,,,,,,,,,,,,,,,,,,,,,,,,,,,,,,,,,,,
2015-08-01,1204991,data/raw/mops_monthly/t21sc03_104_8_0.html,台燿,MOPS OTC historical monthly revenue HTML,1.204991,0.0797652277156746,0.0308681000830688,2015,8,True,2015-08-01,2015-09-16,2015-09-10,2017145.0,1732380.0,2.017145,0.7016831453321647,0.22526562723988208,0.0671352836645871,1.73238,0.5494961856137908,0.0488758541437857,0.06785230625844862,0.1370707406918339,3.749525,1.3216291652927532,32.387,2015-09-05,0.033308872794563404,0.07823684122915076,31.614333333333335,,,,,,,,,,,,,,,,,,,,,,,,,,,,,,,,,,,,,,,,,
2015-09-01,1175102,data/raw/mops_monthly/t21sc03_104_9_0.html,台燿,MOPS OTC historical monthly revenue HTML,1.175102,-0.0248043346381838,0.0136857260422156,2015,9,True,2015-09-01,2015-10-16,2015-10-10,2100558.0,1673334.0,2.100558,0.742203023719303,0.17549706119858777,0.0413520098951734,1.673334,0.5148180434418234,-0.023930226982796454,-0.03408374606033315,0.07578341710789566,3.773892,1.3281068296847423,32.889,2015-10-05,0.015500046314879556,0.09066489802686117,32.20633333333333,,,,,,,,,,,,,,,,,,,,,,,,,,,,,,,,,,,,,,,,,
2015-10-01,1054928,data/raw/mops_monthly/t21sc03_104_10_0.html,台燿,MOPS OTC historical monthly revenue HTML,1.054928,-0.102266867046435,-0.1244400806400073,2015,10,True,2015-10-01,2015-11-16,2015-11-10,1819818.0,1629661.0,1.819818,0.5987364960883705,0.03238437131431704,-0.13365020151788243,1.629661,0.48837201772865324,-0.029547204484781875,-0.02609939199227418,0.0014185834147675824,3.449479,1.2382232051466782,32.727,2015-11-05,-0.004925659034935914,0.07541403785488954,32.66766666666667,,,,,,,,,,,,,,,,,,,,,,,,,,,,,,,,,,,,,,,,,
2015-11-01,1073180,data/raw/mops_monthly/t21sc03_104_11_0.html,台燿,MOPS OTC historical monthly revenue HTML,1.07318,0.0173016547100843,-0.0491269915809133,2015,11,True,2015-11-01,2015-12-16,2015-12-10,1559396.0,1600483.0,1.559396,0.4442985668009358,-0.07959944707358624,-0.14310332132114312,1.600483,0.47030545869064555,-0.02526956865969332,-0.01790433715969142,-0.05243450786663978,3.159879,1.1505337357264558,32.802,2015-12-05,0.002291685764048035,0.06524210047738133,32.806000000000004,,,,,,,,,,,,,,,,,,,,,,,,,,,,,,,,,,,,,,,,,
2015-12-01,1116461,data/raw/mops_monthly/t21sc03_104_12_0.html,台燿,MOPS OTC historical monthly revenue HTML,1.116461,0.040329674425539,-0.0164517731796013,2015,12,True,2015-12-01,2016-01-16,2016-01-10,1646626.0,1738525.0,1.646626,0.4987283458704861,-0.07698628954459363,0.0559383248385914,1.738525,0.553037052575212,0.0018809850506640302,0.0862502132168852,-0.0375526522469648,3.385151,1.219398513936514,33.006,2016-01-05,0.00621913297969634,0.04944198912594189,32.845,,,,,,,,,,,,,,,,,,,,,,,,,,,,,,,,,,,,,,,,,
2016-01-01,1099012,data/raw/mops_monthly/t21sc03_105_1_0.html,台燿,MOPS OTC historical monthly revenue HTML,1.099012,-0.0156288486566031,-0.0922994965992575,2016,1,True,2016-01-01,2016-02-16,2016-02-10,1725465.0,1711126.0,1.725465,0.5454965793745392,-0.03843388882944576,0.047879117662420034,1.711126,0.5371516333442092,-0.03070858425331824,-0.015759911419162886,-0.034571236541382,3.436591,1.2344799916595932,33.644,2016-02-05,0.01932981882082041,0.061827363105570354,33.150666666666666,,,,,,,,,,,,,,,,,,,,,,,,,,,,,,,,,,,,,,,,,
2016-02-01,923976,data/raw/mops_monthly/t21sc03_105_2_0.html,台燿,MOPS OTC historical monthly revenue HTML,0.923976,-0.1592666868059675,-0.0063780571605548,2016,2,True,2016-02-01,2016-03-16,2016-03-10,1361804.0,1282586.0,1.361804,0.3088102913512978,-0.07744294328573775,-0.21076115713735133,1.282586,0.24887835234481337,-0.0008810353060682008,-0.2504432753637078,-0.03916198929590298,2.64439,0.9724404148939749,33.552,2016-03-05,-0.0027345143264772,0.06291579547614523,33.400666666666666,,,,,,,,,,,,,,,,,,,,,,,,,,,,,,,,,,,,,,,,,
2016-03-01,1185895,data/raw/mops_monthly/t21sc03_105_3_0.html,台燿,MOPS OTC historical monthly revenue HTML,1.185895,0.2834694840558629,0.1271126917853202,2016,3,True,2016-03-01,2016-04-16,2016-04-10,1733810.0,1655576.0,1.73381,0.5503212991137029,0.024683149679825434,0.27317146960942984,1.655576,0.5041489845322344,0.10368348703973074,0.2908109085862467,0.06418331835977809,3.389386,1.2206487840440272,32.855,2016-04-05,-0.020773724368145063,0.04215568102518552,33.35033333333333,,,,,,,,,,,,,,,,,,,,,,,,,,,,,,,,,,,,,,,,,
2016-04-01,1163080,data/raw/mops_monthly/t21sc03_105_4_0.html,台燿,MOPS OTC historical monthly revenue HTML,1.16308,-0.019238634111789,0.1805941136763891,2016,4,True,2016-04-01,2016-05-16,2016-05-10,1775575.0,1548336.0,1.775575,0.5741243141309316,0.06346118485714403,0.02408856795150549,1.548336,0.43718080587823266,0.0416397287211534,-0.06477503901965243,0.052550456789148714,3.323911,1.20114210166483,32.355,2016-05-05,-0.015218383807639624,0.03935110825570187,32.92066666666667,,,,,,,,,,,,,,,,,,,,,,,,,,,,,,,,,,,,,,,,,
2016-05-01,1133834,data/raw/mops_monthly/t21sc03_105_5_0.html,台燿,MOPS OTC historical monthly revenue HTML,1.133834,-0.0251453038484024,0.1206185454930011,2016,5,True,2016-05-01,2016-06-16,2016-06-10,1790294.0,1636193.0,1.790294,0.5823798521758532,0.10702972103103825,0.008289708967517573,1.636193,0.4923722018827109,0.09885728293244767,0.0567428516807722,0.10294350198174296,3.426487,1.231535538077694,32.573,2016-06-05,0.006737753052078688,0.06042256730800544,32.59433333333333,2016.0,1.0,2016Q1,2016-03-31,2016-06-01,conservative_proxy_Q1_Jun1_Q2_Sep1_Q3_Dec1_Q4_next_Apr1,data/raw/mops_financials/6274_2016_Q1_C.html,https://mopsov.twse.com.tw/server-java/t164sb01?step=1&CO_ID=6274&SYEAR=2016&SSEASON=1&REPORT_ID=C,3208.132,2507.954,700.178,364.279,335.899,323.646,96.422,227.224,1459.809,3865.298,1363.179,2999.134,11213.681,190.238,2606.78,0.0,402.313,4742.473,6471.208,331.735,-12.028,21.825099465982078,10.47023626209894,0.1215639182173989,0.2674531226632896,0.3446948419524329,0.1301810707830907,0.0528417920930691,0.0010726183489614,0.0295830601922776,,,
2016-06-01,1028237,data/raw/mops_monthly/t21sc03_105_6_0.html,台燿,MOPS OTC historical monthly revenue HTML,1.028237,-0.0931326807980709,0.0384249875528814,2016,6,True,2016-06-01,2016-07-16,2016-07-10,1702388.0,1626468.0,1.702388,0.5320319712681644,0.07321882811293334,-0.04910143250214771,1.626468,0.48641079259078923,0.18005368932743226,-0.005943675348812794,0.1266362587201828,3.328856,1.202628701424207,32.4,2016-07-05,-0.005311147269210781,0.041365345675441034,32.44266666666667,2016.0,1.0,2016Q1,2016-03-31,2016-06-01,conservative_proxy_Q1_Jun1_Q2_Sep1_Q3_Dec1_Q4_next_Apr1,data/raw/mops_financials/6274_2016_Q1_C.html,https://mopsov.twse.com.tw/server-java/t164sb01?step=1&CO_ID=6274&SYEAR=2016&SSEASON=1&REPORT_ID=C,3208.132,2507.954,700.178,364.279,335.899,323.646,96.422,227.224,1459.809,3865.298,1363.179,2999.134,11213.681,190.238,2606.78,0.0,402.313,4742.473,6471.208,331.735,-12.028,21.825099465982078,10.47023626209894,0.1215639182173989,0.2674531226632896,0.3446948419524329,0.1301810707830907,0.0528417920930691,0.0010726183489614,0.0295830601922776,,,
2016-07-01,1087644,data/raw/mops_monthly/t21sc03_105_7_0.html,台燿,MOPS OTC historical monthly revenue HTML,1.087644,0.0577755906469032,-0.0253867694168775,2016,7,True,2016-07-01,2016-08-16,2016-08-10,1878718.0,1641494.0,1.878718,0.6305896293385271,-0.006097099685066887,0.10357803273989252,1.641494,0.49560680275940944,0.01182947944989321,0.009238423381216165,0.0028661898824131615,3.520212,1.2585212150691436,32.124,2016-08-05,-0.00851851851851837,0.024917844494783514,32.36566666666667,2016.0,1.0,2016Q1,2016-03-31,2016-06-01,conservative_proxy_Q1_Jun1_Q2_Sep1_Q3_Dec1_Q4_next_Apr1,data/raw/mops_financials/6274_2016_Q1_C.html,https://mopsov.twse.com.tw/server-java/t164sb01?step=1&CO_ID=6274&SYEAR=2016&SSEASON=1&REPORT_ID=C,3208.132,2507.954,700.178,364.279,335.899,323.646,96.422,227.224,1459.809,3865.298,1363.179,2999.134,11213.681,190.238,2606.78,0.0,402.313,4742.473,6471.208,331.735,-12.028,21.825099465982078,10.47023626209894,0.1215639182173989,0.2674531226632896,0.3446948419524329,0.1301810707830907,0.0528417920930691,0.0010726183489614,0.0295830601922776,,,
2016-08-01,1167878,data/raw/mops_monthly/t21sc03_105_8_0.html,台燿,MOPS OTC historical monthly revenue HTML,1.167878,0.0737686228214378,-0.0307994001614949,2016,8,True,2016-08-01,2016-09-16,2016-09-10,2127988.0,1737168.0,2.127988,0.7551769323657539,0.054950437375597794,0.1326809026155069,1.737168,0.5522562010621754,0.002763827797596319,0.058284708929791984,0.028857132586597056,3.8651560000000003,1.3520020434499498,31.577,2016-09-05,-0.01702776740131995,-0.025010034890542432,32.03366666666667,2016.0,2.0,2016Q2,2016-06-30,2016-09-01,conservative_proxy_Q1_Jun1_Q2_Sep1_Q3_Dec1_Q4_next_Apr1,data/raw/mops_financials/6274_2016_Q2_C.html,https://mopsov.twse.com.tw/server-java/t164sb01?step=1&CO_ID=6274&SYEAR=2016&SSEASON=2&REPORT_ID=C,6535.68,5171.346,1364.334,733.521,630.813,603.226,145.878,457.348,1269.304,3973.916,1366.206,2862.721,11331.108,214.48,2571.32,0.0,387.3,5090.588,6240.52,614.819,-18.902,20.875165246768507,9.651834239130434,0.1205712627573578,0.2526426365365152,0.3507085097062,0.1120194071047597,0.0531086633363656,0.0016681510757818,0.0542593892847901,,,
2016-09-01,1109498,data/raw/mops_monthly/t21sc03_105_9_0.html,台燿,MOPS OTC historical monthly revenue HTML,1.109498,-0.0499880980718875,-0.0558283451138709,2016,9,True,2016-09-01,2016-10-16,2016-10-10,2096305.0,1634174.0,2.096305,0.7401762711396518,-0.002024700103496202,-0.01488871177844997,1.634174,0.4911374779165601,-0.023402381114589255,-0.059288451088207905,-0.012713540609042728,3.730479,1.3165366436413721,31.483,2016-10-05,-0.0029768502390981055,-0.04274985557481237,31.727999999999998,2016.0,2.0,2016Q2,2016-06-30,2016-09-01,conservative_proxy_Q1_Jun1_Q2_Sep1_Q3_Dec1_Q4_next_Apr1,data/raw/mops_financials/6274_2016_Q2_C.html,https://mopsov.twse.com.tw/server-java/t164sb01?step=1&CO_ID=6274&SYEAR=2016&SSEASON=2&REPORT_ID=C,6535.68,5171.346,1364.334,733.521,630.813,603.226,145.878,457.348,1269.304,3973.916,1366.206,2862.721,11331.108,214.48,2571.32,0.0,387.3,5090.588,6240.52,614.819,-18.902,20.875165246768507,9.651834239130434,0.1205712627573578,0.2526426365365152,0.3507085097062,0.1120194071047597,0.0531086633363656,0.0016681510757818,0.0542593892847901,,,
2016-10-01,1087649,data/raw/mops_monthly/t21sc03_105_10_0.html,台燿,MOPS OTC historical monthly revenue HTML,1.087649,-0.01969268984712,0.0310172826960701,2016,10,True,2016-10-01,2016-11-16,2016-11-10,1932178.0,1693281.0,1.932178,0.6586478640515636,0.06174243798006174,-0.07829347351649696,1.693281,0.5266680669328847,0.039038793957761664,0.036169343044253566,0.0503906159689117,3.625459,1.2879809009805705,31.571,2016-11-05,0.0027951592923165514,-0.03532251657652685,31.543666666666667,2016.0,2.0,2016Q2,2016-06-30,2016-09-01,conservative_proxy_Q1_Jun1_Q2_Sep1_Q3_Dec1_Q4_next_Apr1,data/raw/mops_financials/6274_2016_Q2_C.html,https://mopsov.twse.com.tw/server-java/t164sb01?step=1&CO_ID=6274&SYEAR=2016&SSEASON=2&REPORT_ID=C,6535.68,5171.346,1364.334,733.521,630.813,603.226,145.878,457.348,1269.304,3973.916,1366.206,2862.721,11331.108,214.48,2571.32,0.0,387.3,5090.588,6240.52,614.819,-18.902,20.875165246768507,9.651834239130434,0.1205712627573578,0.2526426365365152,0.3507085097062,0.1120194071047597,0.0531086633363656,0.0016681510757818,0.0542593892847901,,,
2016-11-01,1225664,data/raw/mops_monthly/t21sc03_105_11_0.html,台燿,MOPS OTC historical monthly revenue HTML,1.225664,0.1268929590336587,0.1420861365288208,2016,11,True,2016-11-01,2016-12-16,2016-12-10,2028694.0,1679294.0,2.028694,0.7073922362617453,0.30094857239597905,0.04995191954364464,1.679294,0.5183734669951553,0.04924201006821072,-0.008260294658712808,0.17509529123209489,3.7079880000000003,1.3104894114524175,31.758,2016-12-05,0.005923157327927475,-0.031827327601975486,31.604000000000003,2016.0,3.0,2016Q3,2016-09-30,2016-12-01,conservative_proxy_Q1_Jun1_Q2_Sep1_Q3_Dec1_Q4_next_Apr1,data/raw/mops_financials/6274_2016_Q3_C.html,https://mopsov.twse.com.tw/server-java/t164sb01?step=1&CO_ID=6274&SYEAR=2016&SSEASON=3&REPORT_ID=C,9900.189,7914.42,1985.769,1104.028,881.741,844.004,201.949,642.055,949.807,4069.314,1419.819,2754.598,11101.629,338.806,2861.363,0.0,125.44,4793.588,6308.041,1034.567,-15.429,20.057889803921924,8.906304718021039,0.127892852481379,0.2481255678783717,0.3665510710184964,0.0855556423296076,0.0418178269153112,0.0013897960380409,0.0931905578901979,,,
2016-12-01,1211943,data/raw/mops_monthly/t21sc03_105_12_0.html,台燿,MOPS OTC historical monthly revenue HTML,1.211943,-0.0111947483160148,0.085522020025778,2016,12,True,2016-12-01,2017-01-16,2017-01-10,1924402.0,1832337.0,1.924402,0.6546152701275935,0.16869404467073879,-0.0514084430673134,1.832337,0.605592201299916,0.05396068506348772,0.09113532234379451,0.11132736486711325,3.756739,1.3235512938565919,32.012,2017-01-05,0.007997984759745558,-0.03011573653275157,31.780333333333335,2016.0,3.0,2016Q3,2016-09-30,2016-12-01,conservative_proxy_Q1_Jun1_Q2_Sep1_Q3_Dec1_Q4_next_Apr1,data/raw/mops_financials/6274_2016_Q3_C.html,https://mopsov.twse.com.tw/server-java/t164sb01?step=1&CO_ID=6274&SYEAR=2016&SSEASON=3&REPORT_ID=C,9900.189,7914.42,1985.769,1104.028,881.741,844.004,201.949,642.055,949.807,4069.314,1419.819,2754.598,11101.629,338.806,2861.363,0.0,125.44,4793.588,6308.041,1034.567,-15.429,20.057889803921924,8.906304718021039,0.127892852481379,0.2481255678783717,0.3665510710184964,0.0855556423296076,0.0418178269153112,0.0013897960380409,0.0931905578901979,,,
2017-01-01,1253293,data/raw/mops_monthly/t21sc03_106_1_0.html,台燿,MOPS OTC historical monthly revenue HTML,1.253293,0.0341187663116169,0.140381542694711,2017,1,True,2017-01-01,2017-02-16,2017-02-10,1889538.0,1527558.0,1.889538,0.6363323547456936,0.09508914988133621,-0.01811679680233136,1.527558,0.42367038188284883,-0.10727906653279773,-0.1663334855979004,-0.006094958325730759,3.417096,1.2287910675585203,31.742,2017-02-05,-0.008434337123578661,-0.05653311140173578,31.837333333333333,2016.0,3.0,2016Q3,2016-09-30,2016-12-01,conservative_proxy_Q1_Jun1_Q2_Sep1_Q3_Dec1_Q4_next_Apr1,data/raw/mops_financials/6274_2016_Q3_C.html,https://mopsov.twse.com.tw/server-java/t164sb01?step=1&CO_ID=6274&SYEAR=2016&SSEASON=3&REPORT_ID=C,9900.189,7914.42,1985.769,1104.028,881.741,844.004,201.949,642.055,949.807,4069.314,1419.819,2754.598,11101.629,338.806,2861.363,0.0,125.44,4793.588,6308.041,1034.567,-15.429,20.057889803921924,8.906304718021039,0.127892852481379,0.2481255678783717,0.3665510710184964,0.0855556423296076,0.0418178269153112,0.0013897960380409,0.0931905578901979,,,
2017-02-01,1294898,data/raw/mops_monthly/t21sc03_106_2_0.html,台燿,MOPS OTC historical monthly revenue HTML,1.294898,0.0331965470165396,0.40144116297393,2017,2,True,2017-02-01,2017-03-16,2017-03-10,1783312.0,1618001.0,1.783312,0.5784723095514304,0.3095217814017288,-0.05621797497589354,1.618001,0.48119143668308056,0.2615146274791711,0.059207571823786775,0.28551820444044995,3.401313,1.2241615335457623,30.898,2017-03-05,-0.026589376850860047,-0.07910109680495947,31.550666666666668,2016.0,3.0,2016Q3,2016-09-30,2016-12-01,conservative_proxy_Q1_Jun1_Q2_Sep1_Q3_Dec1_Q4_next_Apr1,data/raw/mops_financials/6274_2016_Q3_C.html,https://mopsov.twse.com.tw/server-java/t164sb01?step=1&CO_ID=6274&SYEAR=2016&SSEASON=3&REPORT_ID=C,9900.189,7914.42,1985.769,1104.028,881.741,844.004,201.949,642.055,949.807,4069.314,1419.819,2754.598,11101.629,338.806,2861.363,0.0,125.44,4793.588,6308.041,1034.567,-15.429,20.057889803921924,8.906304718021039,0.127892852481379,0.2481255678783717,0.3665510710184964,0.0855556423296076,0.0418178269153112,0.0013897960380409,0.0931905578901979,,,
2017-03-01,1425661,data/raw/mops_monthly/t21sc03_106_3_0.html,台燿,MOPS OTC historical monthly revenue HTML,1.425661,0.1009832434678252,0.2021814747511374,2017,3,True,2017-03-01,2017-04-16,2017-04-10,2093822.0,1974738.0,2.093822,0.7389911040596852,0.20764212918370517,0.17411983993827196,1.974738,0.6804357313253562,0.19278003546801847,0.22048008622986015,0.20021108232586182,4.06856,1.4032891284957525,30.658,2017-04-05,-0.007767493041620721,-0.06686957845076835,31.099333333333334,2016.0,4.0,2016Q4,2016-12-31,2017-04-01,conservative_proxy_Q1_Jun1_Q2_Sep1_Q3_Dec1_Q4_next_Apr1,data/raw/mops_financials/6274_2016_Q4_C.html,https://mopsov.twse.com.tw/server-java/t164sb01?step=1&CO_ID=6274&SYEAR=2016&SSEASON=4&REPORT_ID=C,13422.547,10733.473,2689.074,1472.372,1216.702,1169.484,260.073,909.411,1157.512,4301.058,1556.211,2871.067,11698.617,294.616,3226.247,0.0,0.0,5162.405,6536.212,1396.461,-300.446,20.0340069585899,9.064613444825335,0.1330252114416601,0.2454193517062743,0.3676552536081829,0.0989443453016711,0.0251838315588928,0.0256821810646506,0.1193697511423786,,,
2017-04-01,1254519,data/raw/mops_monthly/t21sc03_106_4_0.html,台燿,MOPS OTC historical monthly revenue HTML,1.254519,-0.120043965571058,0.0786179798466142,2017,4,True,2017-04-01,2017-05-16,2017-05-10,1975698.0,1737696.0,1.975698,0.6809217536372717,0.11270884079805144,-0.056415492816485835,1.737696,0.552560097850115,0.12229903586818369,-0.12003718974365218,0.11750393833311756,3.713394,1.3119462832200142,30.39,2017-05-05,-0.008741600887207324,-0.06073249884098275,30.648666666666667,2016.0,4.0,2016Q4,2016-12-31,2017-04-01,conservative_proxy_Q1_Jun1_Q2_Sep1_Q3_Dec1_Q4_next_Apr1,data/raw/mops_financials/6274_2016_Q4_C.html,https://mopsov.twse.com.tw/server-java/t164sb01?step=1&CO_ID=6274&SYEAR=2016&SSEASON=4&REPORT_ID=C,13422.547,10733.473,2689.074,1472.372,1216.702,1169.484,260.073,909.411,1157.512,4301.058,1556.211,2871.067,11698.617,294.616,3226.247,0.0,0.0,5162.405,6536.212,1396.461,-300.446,20.0340069585899,9.064613444825335,0.1330252114416601,0.2454193517062743,0.3676552536081829,0.0989443453016711,0.0251838315588928,0.0256821810646506,0.1193697511423786,,,
2017-05-01,1302382,data/raw/mops_monthly/t21sc03_106_5_0.html,台燿,MOPS OTC historical monthly revenue HTML,1.302382,0.0381524711861678,0.1486531538126392,2017,5,True,2017-05-01,2017-06-16,2017-06-10,2027812.0,1509261.0,2.027812,0.7069573792621998,0.13266982964809126,0.02637751316243686,1.509261,0.4116201270561106,-0.07757764518000021,-0.13145855201370082,0.027546092234045527,3.537073,1.2632995489699335,30.156,2017-06-05,-0.00769990128331699,-0.07420256040278761,30.401333333333337,2017.0,1.0,2017Q1,2017-03-31,2017-06-01,conservative_proxy_Q1_Jun1_Q2_Sep1_Q3_Dec1_Q4_next_Apr1,data/raw/mops_financials/6274_2017_Q1_C.html,https://mopsov.twse.com.tw/server-java/t164sb01?step=1&CO_ID=6274&SYEAR=2017&SSEASON=1&REPORT_ID=C,3974.787,3071.432,903.355,440.471,462.884,438.45,123.14,315.31,1341.373,4662.65,1843.485,2735.849,12259.995,395.481,3386.42,0.0,237.32,5600.361,6659.634,91.01,-27.791,22.72712978079077,11.64550452640607,0.1503658851410624,0.2231525379904314,0.3803141844674487,0.1094105666437873,0.0516151107728836,0.0022668035345854,0.007423330923055,-0.0877870078495992,0.3523425756998897,0.2062847418232694
2017-06-01,1276749,data/raw/mops_monthly/t21sc03_106_6_0.html,台燿,MOPS OTC historical monthly revenue HTML,1.276749,-0.0196816295065502,0.2416874708846306,2017,6,True,2017-06-01,2017-07-16,2017-07-10,1978043.0,1603593.0,1.978043,0.6821079720946637,0.16192254644652104,-0.02454320222979245,1.603593,0.4722467365983387,-0.014064217679044422,0.06250211196075428,0.07392916438373831,3.581636,1.2758196792677918,30.265,2017-07-05,0.0036145377371004095,-0.06589506172839499,30.270333333333337,2017.0,1.0,2017Q1,2017-03-31,2017-06-01,conservative_proxy_Q1_Jun1_Q2_Sep1_Q3_Dec1_Q4_next_Apr1,data/raw/mops_financials/6274_2017_Q1_C.html,https://mopsov.twse.com.tw/server-java/t164sb01?step=1&CO_ID=6274&SYEAR=2017&SSEASON=1&REPORT_ID=C,3974.787,3071.432,903.355,440.471,462.884,438.45,123.14,315.31,1341.373,4662.65,1843.485,2735.849,12259.995,395.481,3386.42,0.0,237.32,5600.361,6659.634,91.01,-27.791,22.72712978079077,11.64550452640607,0.1503658851410624,0.2231525379904314,0.3803141844674487,0.1094105666437873,0.0516151107728836,0.0022668035345854,0.007423330923055,-0.0877870078495992,0.3523425756998897,0.2062847418232694
2017-07-01,1272968,data/raw/mops_monthly/t21sc03_106_7_0.html,台燿,MOPS OTC historical monthly revenue HTML,1.272968,-0.0029614278139241,0.1703903115357599,2017,7,True,2017-07-01,2017-08-16,2017-08-10,1958901.0,1706731.0,1.958901,0.6723836016976688,0.04267963579419587,-0.009677241596871222,1.706731,0.5345798449853563,0.039742454130200944,0.06431681854435634,0.041211044962198407,3.665632,1.2990007624912985,30.435,2017-08-05,0.005617049396993146,-0.05257751214045581,30.28533333333333,2017.0,1.0,2017Q1,2017-03-31,2017-06-01,conservative_proxy_Q1_Jun1_Q2_Sep1_Q3_Dec1_Q4_next_Apr1,data/raw/mops_financials/6274_2017_Q1_C.html,https://mopsov.twse.com.tw/server-java/t164sb01?step=1&CO_ID=6274&SYEAR=2017&SSEASON=1&REPORT_ID=C,3974.787,3071.432,903.355,440.471,462.884,438.45,123.14,315.31,1341.373,4662.65,1843.485,2735.849,12259.995,395.481,3386.42,0.0,237.32,5600.361,6659.634,91.01,-27.791,22.72712978079077,11.64550452640607,0.1503658851410624,0.2231525379904314,0.3803141844674487,0.1094105666437873,0.0516151107728836,0.0022668035345854,0.007423330923055,-0.0877870078495992,0.3523425756998897,0.2062847418232694
2017-08-01,1398728,data/raw/mops_monthly/t21sc03_106_8_0.html,台燿,MOPS OTC historical monthly revenue HTML,1.398728,0.0987927426298225,0.1976661945853932,2017,8,True,2017-08-01,2017-09-16,2017-09-10,2111395.0,1911978.0,2.111395,0.7473488664736562,-0.007797506376915786,0.07784671098743634,1.911978,0.6481383082868611,0.10062930010223536,0.12025738092294569,0.04641589686265979,4.023372999999999,1.3921206055476587,30.263,2017-09-05,-0.005651388204369834,-0.041612566108243376,30.320999999999998,2017.0,2.0,2017Q2,2017-06-30,2017-09-01,conservative_proxy_Q1_Jun1_Q2_Sep1_Q3_Dec1_Q4_next_Apr1,data/raw/mops_financials/6274_2017_Q2_C.html,https://mopsov.twse.com.tw/server-java/t164sb01?step=1&CO_ID=6274&SYEAR=2017&SSEASON=2&REPORT_ID=C,7808.402,6135.14,1673.262,884.34,788.922,760.687,189.88,570.807,1463.989,4893.787,2067.951,2737.405,12807.796,345.929,3291.607,0.0,475.939,6287.599,6520.197,-9.758,-68.417,21.428994050255096,10.10350133100217,0.1614603324412724,0.2137295909460144,0.3820943900105842,0.1143045220270529,0.0641693543526146,0.0053418246199424,-0.0007618797176344,-0.0437751356139839,0.5136450871976848,0.2314772129053559
2017-09-01,1380656,data/raw/mops_monthly/t21sc03_106_9_0.html,台燿,MOPS OTC historical monthly revenue HTML,1.380656,-0.0129203104534976,0.2443970155872294,2017,9,True,2017-09-01,2017-10-16,2017-10-10,2070716.0,1938182.0,2.070716,0.7278944411896427,-0.012206716102857174,-0.019266409174976684,1.938182,0.6617504203078993,0.18603159761445243,0.013705178616072011,0.08691244075579763,4.008898,1.3885163905828937,30.15,2017-10-05,-0.0037339325248654243,-0.042340310643839585,30.282666666666668,2017.0,2.0,2017Q2,2017-06-30,2017-09-01,conservative_proxy_Q1_Jun1_Q2_Sep1_Q3_Dec1_Q4_next_Apr1,data/raw/mops_financials/6274_2017_Q2_C.html,https://mopsov.twse.com.tw/server-java/t164sb01?step=1&CO_ID=6274&SYEAR=2017&SSEASON=2&REPORT_ID=C,7808.402,6135.14,1673.262,884.34,788.922,760.687,189.88,570.807,1463.989,4893.787,2067.951,2737.405,12807.796,345.929,3291.607,0.0,475.939,6287.599,6520.197,-9.758,-68.417,21.428994050255096,10.10350133100217,0.1614603324412724,0.2137295909460144,0.3820943900105842,0.1143045220270529,0.0641693543526146,0.0053418246199424,-0.0007618797176344,-0.0437751356139839,0.5136450871976848,0.2314772129053559
2017-10-01,1343151,data/raw/mops_monthly/t21sc03_106_10_0.html,台燿,MOPS OTC historical monthly revenue HTML,1.343151,-0.0271646231936123,0.2349121821469977,2017,10,True,2017-10-01,2017-11-16,2017-11-10,1929801.0,1806808.0,1.929801,0.6574168887924254,-0.0012302179198809826,-0.06805134069568197,1.806808,0.5915617525060214,0.06704557601484917,-0.0677820761930511,0.032907679047484095,3.736609,1.3181785156474541,30.259,2017-11-05,0.003615257048092957,-0.04155712520984456,30.224,2017.0,2.0,2017Q2,2017-06-30,2017-09-01,conservative_proxy_Q1_Jun1_Q2_Sep1_Q3_Dec1_Q4_next_Apr1,data/raw/mops_financials/6274_2017_Q2_C.html,https://mopsov.twse.com.tw/server-java/t164sb01?step=1&CO_ID=6274&SYEAR=2017&SSEASON=2&REPORT_ID=C,7808.402,6135.14,1673.262,884.34,788.922,760.687,189.88,570.807,1463.989,4893.787,2067.951,2737.405,12807.796,345.929,3291.607,0.0,475.939,6287.599,6520.197,-9.758,-68.417,21.428994050255096,10.10350133100217,0.1614603324412724,0.2137295909460144,0.3820943900105842,0.1143045220270529,0.0641693543526146,0.0053418246199424,-0.0007618797176344,-0.0437751356139839,0.5136450871976848,0.2314772129053559
2017-11-01,1444946,data/raw/mops_monthly/t21sc03_106_11_0.html,台燿,MOPS OTC historical monthly revenue HTML,1.444946,0.0757882025178107,0.1789087384470784,2017,11,True,2017-11-01,2017-12-16,2017-12-10,1912856.0,1934502.0,1.912856,0.6485974131867976,-0.05709978932258897,-0.008780698113432517,1.934502,0.6598499290167744,0.15197338881696698,0.07067380706749149,0.04743679974718901,3.847358,1.347386678967293,30.11,2017-12-05,-0.004924154796919988,-0.05189243655142006,30.173000000000002,2017.0,3.0,2017Q3,2017-09-30,2017-12-01,conservative_proxy_Q1_Jun1_Q2_Sep1_Q3_Dec1_Q4_next_Apr1,data/raw/mops_financials/6274_2017_Q3_C.html,https://mopsov.twse.com.tw/server-java/t164sb01?step=1&CO_ID=6274&SYEAR=2017&SSEASON=3&REPORT_ID=C,11859.881,9383.835,2476.046,1357.808,1118.238,1090.718,261.537,829.181,969.713,5144.988,2309.513,2702.903,12831.221,434.451,3418.046,0.0,525.333,5976.745,6854.476,-43.737,-97.444,20.87749447064435,9.42874553294422,0.1799916781107581,0.2106504907054441,0.400974155148602,0.0755744913130247,0.0748006756332854,0.0075942889612765,-0.0034086389751996,-0.018766803722358,0.626624943038514,0.2643379203472626
2017-12-01,1455755,data/raw/mops_monthly/t21sc03_106_12_0.html,台燿,MOPS OTC historical monthly revenue HTML,1.455755,0.0074805563668121,0.2011744776775805,2017,12,True,2017-12-01,2018-01-16,2018-01-10,1878232.0,1900053.0,1.878232,0.6303309088324192,-0.023991868642830316,-0.018100682957838954,1.900053,0.641881780520186,0.03695608395180572,-0.017807683838011013,0.006482107654487701,3.778285,1.3292702029731254,29.983,2018-01-05,-0.004217867818000598,-0.06338248156941151,30.117333333333335,2017.0,3.0,2017Q3,2017-09-30,2017-12-01,conservative_proxy_Q1_Jun1_Q2_Sep1_Q3_Dec1_Q4_next_Apr1,data/raw/mops_financials/6274_2017_Q3_C.html,https://mopsov.twse.com.tw/server-java/t164sb01?step=1&CO_ID=6274&SYEAR=2017&SSEASON=3&REPORT_ID=C,11859.881,9383.835,2476.046,1357.808,1118.238,1090.718,261.537,829.181,969.713,5144.988,2309.513,2702.903,12831.221,434.451,3418.046,0.0,525.333,5976.745,6854.476,-43.737,-97.444,20.87749447064435,9.42874553294422,0.1799916781107581,0.2106504907054441,0.400974155148602,0.0755744913130247,0.0748006756332854,0.0075942889612765,-0.0034086389751996,-0.018766803722358,0.626624943038514,0.2643379203472626
2018-01-01,1545301,data/raw/mops_monthly/t21sc03_107_1_0.html,台燿,MOPS OTC historical monthly revenue HTML,1.545301,0.0615117241568807,0.2329926042832761,2018,1,True,2018-01-01,2018-02-16,2018-02-10,1981125.0,2080711.0,1.981125,0.6836648651704526,0.04847057852236891,0.05478183738750064,2.080711,0.7327096622267911,0.3621158738326138,0.0950805056490529,0.20529322617749135,4.061836,1.4016350881432313,29.44,2018-02-05,-0.018110262482073147,-0.07252221032071071,29.844333333333335,2017.0,3.0,2017Q3,2017-09-30,2017-12-01,conservative_proxy_Q1_Jun1_Q2_Sep1_Q3_Dec1_Q4_next_Apr1,data/raw/mops_financials/6274_2017_Q3_C.html,https://mopsov.twse.com.tw/server-java/t164sb01?step=1&CO_ID=6274&SYEAR=2017&SSEASON=3&REPORT_ID=C,11859.881,9383.835,2476.046,1357.808,1118.238,1090.718,261.537,829.181,969.713,5144.988,2309.513,2702.903,12831.221,434.451,3418.046,0.0,525.333,5976.745,6854.476,-43.737,-97.444,20.87749447064435,9.42874553294422,0.1799916781107581,0.2106504907054441,0.400974155148602,0.0755744913130247,0.0748006756332854,0.0075942889612765,-0.0034086389751996,-0.018766803722358,0.626624943038514,0.2643379203472626
2018-02-01,1293042,data/raw/mops_monthly/t21sc03_107_2_0.html,台燿,MOPS OTC historical monthly revenue HTML,1.293042,-0.1632426304001615,-0.0014333175277126,2018,2,True,2018-02-01,2018-03-16,2018-03-10,1519210.0,1609645.0,1.51921,0.41819046290607076,-0.14809635105915286,-0.2331579279449808,1.609645,0.47601365778894744,-0.005164397302597434,-0.22639664999127707,-0.07663037418087515,3.1288549999999997,1.1406671229290577,29.308,2018-03-05,-0.004483695652173991,-0.05145964140073789,29.576999999999998,2017.0,3.0,2017Q3,2017-09-30,2017-12-01,conservative_proxy_Q1_Jun1_Q2_Sep1_Q3_Dec1_Q4_next_Apr1,data/raw/mops_financials/6274_2017_Q3_C.html,https://mopsov.twse.com.tw/server-java/t164sb01?step=1&CO_ID=6274&SYEAR=2017&SSEASON=3&REPORT_ID=C,11859.881,9383.835,2476.046,1357.808,1118.238,1090.718,261.537,829.181,969.713,5144.988,2309.513,2702.903,12831.221,434.451,3418.046,0.0,525.333,5976.745,6854.476,-43.737,-97.444,20.87749447064435,9.42874553294422,0.1799916781107581,0.2106504907054441,0.400974155148602,0.0755744913130247,0.0748006756332854,0.0075942889612765,-0.0034086389751996,-0.018766803722358,0.626624943038514,0.2643379203472626
2018-03-01,1598461,data/raw/mops_monthly/t21sc03_107_3_0.html,台燿,MOPS OTC historical monthly revenue HTML,1.598461,0.23620191764846,0.1212069348884481,2018,3,True,2018-03-01,2018-04-16,2018-04-10,1812070.0,2001990.0,1.81207,0.5944698382211947,-0.1345634920255876,0.1927712429486379,2.00199,0.6941416858755588,0.013800311737557136,0.24374629188423547,-0.06038159014401523,3.8140600000000004,1.3386942385699578,29.216,2018-04-05,-0.0031390746553841,-0.04703503163937639,29.32133333333333,2017.0,4.0,2017Q4,2017-12-31,2018-04-01,conservative_proxy_Q1_Jun1_Q2_Sep1_Q3_Dec1_Q4_next_Apr1,data/raw/mops_financials/6274_2017_Q4_C.html,https://mopsov.twse.com.tw/server-java/t164sb01?step=1&CO_ID=6274&SYEAR=2017&SSEASON=4&REPORT_ID=C,16103.211,12765.502,3337.709,1996.497,1341.212,1322.098,320.583,1001.515,1121.881,5455.135,2061.03,2676.129,12549.045,518.597,3252.219,0.0,616.286,5533.192,7015.853,-254.158,-139.659,20.72697799215324,8.328848203007462,0.1642379957996803,0.2132535981821724,0.4347051907137156,0.0893997112927716,0.0904358060712986,0.0111290540435547,-0.0202531746439669,-0.0678974053897035,0.324389816033944,0.268323979820779
2018-04-01,1568394,data/raw/mops_monthly/t21sc03_107_4_0.html,台燿,MOPS OTC historical monthly revenue HTML,1.568394,-0.0188099678378138,0.2501954932527925,2018,4,True,2018-04-01,2018-05-16,2018-05-10,1892606.0,1943693.0,1.892606,0.6379547153289652,-0.0420570350326821,0.04444419917552844,1.943693,0.6645897717565855,0.11854605178351107,-0.029119526071558877,0.03824450837541449,3.836299,1.3445080997604284,29.394,2018-05-05,0.00609255202628689,-0.03277393879565649,29.306,2017.0,4.0,2017Q4,2017-12-31,2018-04-01,conservative_proxy_Q1_Jun1_Q2_Sep1_Q3_Dec1_Q4_next_Apr1,data/raw/mops_financials/6274_2017_Q4_C.html,https://mopsov.twse.com.tw/server-java/t164sb01?step=1&CO_ID=6274&SYEAR=2017&SSEASON=4&REPORT_ID=C,16103.211,12765.502,3337.709,1996.497,1341.212,1322.098,320.583,1001.515,1121.881,5455.135,2061.03,2676.129,12549.045,518.597,3252.219,0.0,616.286,5533.192,7015.853,-254.158,-139.659,20.72697799215324,8.328848203007462,0.1642379957996803,0.2132535981821724,0.4347051907137156,0.0893997112927716,0.0904358060712986,0.0111290540435547,-0.0202531746439669,-0.0678974053897035,0.324389816033944,0.268323979820779
2018-05-01,1524766,data/raw/mops_monthly/t21sc03_107_5_0.html,台燿,MOPS OTC historical monthly revenue HTML,1.524766,-0.0278169898635164,0.1707517456475904,2018,5,True,2018-05-01,2018-06-16,2018-06-10,1926080.0,2000070.0,1.92608,0.655486849377269,-0.050168358802492485,0.017686724019684963,2.00007,0.6931821799474596,0.3251982261517392,0.02900509494040482,0.13751493367462336,3.92615,1.3676593019506933,29.878,2018-06-05,0.01646594543104052,-0.009218729274439563,29.496,2018.0,1.0,2018Q1,2018-03-31,2018-06-01,conservative_proxy_Q1_Jun1_Q2_Sep1_Q3_Dec1_Q4_next_Apr1,data/raw/mops_financials/6274_2018_Q1_C.html,https://mopsov.twse.com.tw/server-java/t164sb01?step=1&CO_ID=6274&SYEAR=2018&SSEASON=1&REPORT_ID=C,4436.765,3521.008,915.757,393.312,522.445,516.24,116.314,399.926,1768.698,5843.85,2096.675,2654.309,13557.602,436.956,3552.519,0.0,956.428,6041.628,7515.974,321.022,-46.353,20.64019617897274,11.77535884816978,0.1546493989128756,0.1957801239481731,0.431038615826014,0.1304580264267973,0.1027751072792961,0.003418967454569,0.0236783761612119,-0.0298042764787092,0.1373431299956333,0.2533323324718777
2018-06-01,1483844,data/raw/mops_monthly/t21sc03_107_6_0.html,台燿,MOPS OTC historical monthly revenue HTML,1.483844,-0.0268382164869889,0.1622049439631439,2018,6,True,2018-06-01,2018-07-16,2018-07-10,1897243.0,1752132.0,1.897243,0.6404017797444133,-0.04084845476058907,-0.014971859943512245,1.752132,0.5608333321418522,0.092628865304351,-0.12396466123685668,0.02589020527188096,3.649375,1.294555920055665,30.08,2018-07-05,0.006760827364616029,-0.006112671402610403,29.784000000000002,2018.0,1.0,2018Q1,2018-03-31,2018-06-01,conservative_proxy_Q1_Jun1_Q2_Sep1_Q3_Dec1_Q4_next_Apr1,data/raw/mops_financials/6274_2018_Q1_C.html,https://mopsov.twse.com.tw/server-java/t164sb01?step=1&CO_ID=6274&SYEAR=2018&SSEASON=1&REPORT_ID=C,4436.765,3521.008,915.757,393.312,522.445,516.24,116.314,399.926,1768.698,5843.85,2096.675,2654.309,13557.602,436.956,3552.519,0.0,956.428,6041.628,7515.974,321.022,-46.353,20.64019617897274,11.77535884816978,0.1546493989128756,0.1957801239481731,0.431038615826014,0.1304580264267973,0.1027751072792961,0.003418967454569,0.0236783761612119,-0.0298042764787092,0.1373431299956333,0.2533323324718777
2018-07-01,1589952,data/raw/mops_monthly/t21sc03_107_7_0.html,台燿,MOPS OTC historical monthly revenue HTML,1.589952,0.0715088648132822,0.2490117583474211,2018,7,True,2018-07-01,2018-08-16,2018-08-10,2084744.0,2000164.0,2.084744,0.7346460659378854,0.06424163344650902,0.09882814167716014,2.000164,0.693229177198129,0.17192691759861378,0.14156011076791009,0.1180842755225614,4.084908,1.4072992066385266,30.565,2018-08-05,0.01612367021276606,0.004271398061442611,30.174333333333333,2018.0,1.0,2018Q1,2018-03-31,2018-06-01,conservative_proxy_Q1_Jun1_Q2_Sep1_Q3_Dec1_Q4_next_Apr1,data/raw/mops_financials/6274_2018_Q1_C.html,https://mopsov.twse.com.tw/server-java/t164sb01?step=1&CO_ID=6274&SYEAR=2018&SSEASON=1&REPORT_ID=C,4436.765,3521.008,915.757,393.312,522.445,516.24,116.314,399.926,1768.698,5843.85,2096.675,2654.309,13557.602,436.956,3552.519,0.0,956.428,6041.628,7515.974,321.022,-46.353,20.64019617897274,11.77535884816978,0.1546493989128756,0.1957801239481731,0.431038615826014,0.1304580264267973,0.1027751072792961,0.003418967454569,0.0236783761612119,-0.0298042764787092,0.1373431299956333,0.2533323324718777
2018-08-01,1562505,data/raw/mops_monthly/t21sc03_107_8_0.html,台燿,MOPS OTC historical monthly revenue HTML,1.562505,-0.0172627852916315,0.1170899560171814,2018,8,True,2018-08-01,2018-09-16,2018-09-10,2258610.0,2087490.0,2.25861,0.8147495798191049,0.069724045003422,0.08339920872778617,2.08749,0.7359623873122376,0.09179603531002956,0.043659419927565946,0.08076004015672578,4.3461,1.4692788912335786,30.729,2018-09-05,0.0053656142646818505,0.015398341208736621,30.458,2018.0,2.0,2018Q2,2018-06-30,2018-09-01,conservative_proxy_Q1_Jun1_Q2_Sep1_Q3_Dec1_Q4_next_Apr1,data/raw/mops_financials/6274_2018_Q2_C.html,https://mopsov.twse.com.tw/server-java/t164sb01?step=1&CO_ID=6274&SYEAR=2018&SSEASON=2&REPORT_ID=C,9013.515,7068.152,1945.363,814.878,1130.485,1122.041,269.672,852.369,2070.186,5965.262,1756.873,2577.692,15481.738,524.613,3485.014,1408.67,655.857,8193.808,7287.93,1115.072,-70.352,21.582734371663,12.542110375364103,0.1134803469739637,0.1664988775807987,0.3853095821670668,0.1337179327023878,0.1672383294433738,0.004544192648138,0.0720249884089241,-0.0583446731484745,-0.1504281290997707,0.2189459819154366
2018-09-01,1527367,data/raw/mops_monthly/t21sc03_107_9_0.html,台燿,MOPS OTC historical monthly revenue HTML,1.527367,-0.0224882480376064,0.1062618059820836,2018,9,True,2018-09-01,2018-10-16,2018-10-10,2115630.0,1780659.0,2.11563,0.749352640483509,0.021690082077890027,-0.06330442174611828,1.780659,0.576983520506834,-0.0812735852463804,-0.14698561430234391,-0.029791751584245185,3.896289,1.3600245616739528,30.755,2018-10-05,0.000846106283966197,0.020066334991708068,30.683000000000003,2018.0,2.0,2018Q2,2018-06-30,2018-09-01,conservative_proxy_Q1_Jun1_Q2_Sep1_Q3_Dec1_Q4_next_Apr1,data/raw/mops_financials/6274_2018_Q2_C.html,https://mopsov.twse.com.tw/server-java/t164sb01?step=1&CO_ID=6274&SYEAR=2018&SSEASON=2&REPORT_ID=C,9013.515,7068.152,1945.363,814.878,1130.485,1122.041,269.672,852.369,2070.186,5965.262,1756.873,2577.692,15481.738,524.613,3485.014,1408.67,655.857,8193.808,7287.93,1115.072,-70.352,21.582734371663,12.542110375364103,0.1134803469739637,0.1664988775807987,0.3853095821670668,0.1337179327023878,0.1672383294433738,0.004544192648138,0.0720249884089241,-0.0583446731484745,-0.1504281290997707,0.2189459819154366
2018-10-01,1437967,data/raw/mops_monthly/t21sc03_107_10_0.html,台燿,MOPS OTC historical monthly revenue HTML,1.437967,-0.058532101322079,0.0705922118957584,2018,10,True,2018-10-01,2018-11-16,2018-11-10,2003586.0,1680873.0,2.003586,0.6949385750542733,0.03823451226318131,-0.0529601111725585,1.680873,0.5193133013047155,-0.06970026699018372,-0.056038803611471844,-0.015732877363501208,3.684459,1.3041237034658941,30.904,2018-11-05,0.004844740692570237,0.021315972107472048,30.796000000000003,2018.0,2.0,2018Q2,2018-06-30,2018-09-01,conservative_proxy_Q1_Jun1_Q2_Sep1_Q3_Dec1_Q4_next_Apr1,data/raw/mops_financials/6274_2018_Q2_C.html,https://mopsov.twse.com.tw/server-java/t164sb01?step=1&CO_ID=6274&SYEAR=2018&SSEASON=2&REPORT_ID=C,9013.515,7068.152,1945.363,814.878,1130.485,1122.041,269.672,852.369,2070.186,5965.262,1756.873,2577.692,15481.738,524.613,3485.014,1408.67,655.857,8193.808,7287.93,1115.072,-70.352,21.582734371663,12.542110375364103,0.1134803469739637,0.1664988775807987,0.3853095821670668,0.1337179327023878,0.1672383294433738,0.004544192648138,0.0720249884089241,-0.0583446731484745,-0.1504281290997707,0.2189459819154366
2018-11-01,1401442,data/raw/mops_monthly/t21sc03_107_11_0.html,台燿,MOPS OTC historical monthly revenue HTML,1.401442,-0.0254004438210333,-0.0301076995264875,2018,11,True,2018-11-01,2018-12-16,2018-12-10,1774136.0,1731293.0,1.774136,0.573313543857618,-0.07251983421648045,-0.11451966623843446,1.731293,0.5488685281901912,-0.1050446057951866,0.02999631738983255,-0.08878222000583352,3.505429,1.2543129095730232,30.857,2018-12-05,-0.0015208387263784262,0.024809033543673253,30.83866666666667,2018.0,3.0,2018Q3,2018-09-30,2018-12-01,conservative_proxy_Q1_Jun1_Q2_Sep1_Q3_Dec1_Q4_next_Apr1,data/raw/mops_financials/6274_2018_Q3_C.html,https://mopsov.twse.com.tw/server-java/t164sb01?step=1&CO_ID=6274&SYEAR=2018&SSEASON=3&REPORT_ID=C,13695.832,10611.216,3084.616,1217.118,1867.498,1846.724,453.655,1393.069,1743.157,6087.733,2143.612,2486.13,15303.581,255.396,4008.039,1411.089,732.6,7601.651,7701.93,1681.301,-107.184,22.52229729453457,13.635520645989232,0.140072575170478,0.1624541341010316,0.397797940233727,0.1139051702996834,0.156766249677118,0.0070038509287466,0.1098632405056045,-0.0802000663730809,-0.071833758892026,0.1832356071578786
2018-12-01,1251773,data/raw/mops_monthly/t21sc03_107_12_0.html,台燿,MOPS OTC historical monthly revenue HTML,1.251773,-0.1067964282503307,-0.1401211055431717,2018,12,True,2018-12-01,2019-01-16,2019-01-10,1625888.0,1719204.0,1.625888,0.4860541280644284,-0.13435187985296804,-0.0835606740407725,1.719204,0.5418613930070214,-0.09518102916076554,-0.006982642452779575,-0.11476645450686679,3.345092,1.2074941969388917,30.826,2019-01-05,-0.0010046342807141784,0.028115932361671536,30.862333333333336,2018.0,3.0,2018Q3,2018-09-30,2018-12-01,conservative_proxy_Q1_Jun1_Q2_Sep1_Q3_Dec1_Q4_next_Apr1,data/raw/mops_financials/6274_2018_Q3_C.html,https://mopsov.twse.com.tw/server-java/t164sb01?step=1&CO_ID=6274&SYEAR=2018&SSEASON=3&REPORT_ID=C,13695.832,10611.216,3084.616,1217.118,1867.498,1846.724,453.655,1393.069,1743.157,6087.733,2143.612,2486.13,15303.581,255.396,4008.039,1411.089,732.6,7601.651,7701.93,1681.301,-107.184,22.52229729453457,13.635520645989232,0.140072575170478,0.1624541341010316,0.397797940233727,0.1139051702996834,0.156766249677118,0.0070038509287466,0.1098632405056045,-0.0802000663730809,-0.071833758892026,0.1832356071578786
2019-01-01,1412732,data/raw/mops_monthly/t21sc03_108_1_0.html,台燿,MOPS OTC historical monthly revenue HTML,1.412732,0.1285848152979813,-0.0857884645127389,2019,1,True,2019-01-01,2019-02-16,2019-02-10,1843221.0,1906342.0,1.843221,0.6115145846836993,-0.0696089343176226,0.13367033891633362,1.906342,0.6451862225040795,-0.08380260401372419,0.10885153827003657,-0.0767057691656734,3.749563,1.3216392998584496,30.83,2019-02-05,0.00012976059170832777,0.04721467391304346,30.837666666666667,2018.0,3.0,2018Q3,2018-09-30,2018-12-01,conservative_proxy_Q1_Jun1_Q2_Sep1_Q3_Dec1_Q4_next_Apr1,data/raw/mops_financials/6274_2018_Q3_C.html,https://mopsov.twse.com.tw/server-java/t164sb01?step=1&CO_ID=6274&SYEAR=2018&SSEASON=3&REPORT_ID=C,13695.832,10611.216,3084.616,1217.118,1867.498,1846.724,453.655,1393.069,1743.157,6087.733,2143.612,2486.13,15303.581,255.396,4008.039,1411.089,732.6,7601.651,7701.93,1681.301,-107.184,22.52229729453457,13.635520645989232,0.140072575170478,0.1624541341010316,0.397797940233727,0.1139051702996834,0.156766249677118,0.0070038509287466,0.1098632405056045,-0.0802000663730809,-0.071833758892026,0.1832356071578786
2019-02-01,1056165,data/raw/mops_monthly/t21sc03_108_2_0.html,台燿,MOPS OTC historical monthly revenue HTML,1.056165,-0.2523953587800093,-0.1831935853591763,2019,2,True,2019-02-01,2019-03-16,2019-03-10,1399657.0,1454327.0,1.399657,0.33622720660380995,-0.07869418974335352,-0.24064612979127298,1.454327,0.3745432506621387,-0.09649208365819795,-0.23711117942111126,-0.08759313670077573,2.8539839999999996,1.0487159128721464,30.816,2019-03-05,-0.00045410314628602233,0.05145352804694969,30.824,2018.0,3.0,2018Q3,2018-09-30,2018-12-01,conservative_proxy_Q1_Jun1_Q2_Sep1_Q3_Dec1_Q4_next_Apr1,data/raw/mops_financials/6274_2018_Q3_C.html,https://mopsov.twse.com.tw/server-java/t164sb01?step=1&CO_ID=6274&SYEAR=2018&SSEASON=3&REPORT_ID=C,13695.832,10611.216,3084.616,1217.118,1867.498,1846.724,453.655,1393.069,1743.157,6087.733,2143.612,2486.13,15303.581,255.396,4008.039,1411.089,732.6,7601.651,7701.93,1681.301,-107.184,22.52229729453457,13.635520645989232,0.140072575170478,0.1624541341010316,0.397797940233727,0.1139051702996834,0.156766249677118,0.0070038509287466,0.1098632405056045,-0.0802000663730809,-0.071833758892026,0.1832356071578786
2019-03-01,1413475,data/raw/mops_monthly/t21sc03_108_3_0.html,台燿,MOPS OTC historical monthly revenue HTML,1.413475,0.3383088816614827,-0.1157275654520191,2019,3,True,2019-03-01,2019-04-16,2019-04-10,1828801.0,1932820.0,1.828801,0.6036605608649088,0.009233087022024522,0.30660654717548663,1.93282,0.6589800763869411,-0.03455062213097981,0.32901335119268227,-0.012658767554477646,3.761621,1.3248499815188375,30.857,2019-04-05,0.0013304776739355706,0.05616785323110629,30.83433333333333,2018.0,4.0,2018Q4,2018-12-31,2019-04-01,conservative_proxy_Q1_Jun1_Q2_Sep1_Q3_Dec1_Q4_next_Apr1,data/raw/mops_financials/6274_2018_Q4_C.html,https://mopsov.twse.com.tw/server-java/t164sb01?step=1&CO_ID=6274&SYEAR=2018&SSEASON=4&REPORT_ID=C,17787.226,13765.229,4021.997,1622.38,2399.617,2393.238,556.758,1836.48,2239.236,5590.29,1993.432,2464.831,15613.891,356.93,3471.01,1415.792,737.021,7414.991,8198.9,2549.062,-145.871,22.61171584596721,13.490675836693145,0.127670418603537,0.1578614196807189,0.3580331129505131,0.1434130672489003,0.1607378327413711,0.0093423862123797,0.1632560391256734,-0.0789565824367957,-0.0327981640247838,0.0247757388222289
2019-04-01,1507228,data/raw/mops_monthly/t21sc03_108_4_0.html,台燿,MOPS OTC historical monthly revenue HTML,1.507228,0.0663280213657828,-0.0389991290453801,2019,4,True,2019-04-01,2019-05-16,2019-05-10,1995528.0,1968906.0,1.995528,0.6909086769792447,0.05438110203602853,0.09116738234504473,1.968906,0.6774780585478722,0.012971698719911107,0.018670129655115275,0.03367640037796982,3.964434,1.3773630958429708,30.861,2019-05-05,0.00012963022976952843,0.04990814451928971,30.844666666666665,2018.0,4.0,2018Q4,2018-12-31,2019-04-01,conservative_proxy_Q1_Jun1_Q2_Sep1_Q3_Dec1_Q4_next_Apr1,data/raw/mops_financials/6274_2018_Q4_C.html,https://mopsov.twse.com.tw/server-java/t164sb01?step=1&CO_ID=6274&SYEAR=2018&SSEASON=4&REPORT_ID=C,17787.226,13765.229,4021.997,1622.38,2399.617,2393.238,556.758,1836.48,2239.236,5590.29,1993.432,2464.831,15613.891,356.93,3471.01,1415.792,737.021,7414.991,8198.9,2549.062,-145.871,22.61171584596721,13.490675836693145,0.127670418603537,0.1578614196807189,0.3580331129505131,0.1434130672489003,0.1607378327413711,0.0093423862123797,0.1632560391256734,-0.0789565824367957,-0.0327981640247838,0.0247757388222289
2019-05-01,1516289,data/raw/mops_monthly/t21sc03_108_5_0.html,台燿,MOPS OTC historical monthly revenue HTML,1.516289,0.0060116982964752,-0.0055595415952349,2019,5,True,2019-05-01,2019-06-16,2019-06-10,2025372.0,2020380.0,2.025372,0.705753387390747,0.05155133743146689,0.014955440364655459,2.02038,0.7032856125328696,0.010154644587439421,0.02614345225216419,0.030852991009453157,4.045752,1.3976674417606543,31.246,2019-06-05,0.01247529244029666,0.04578619720195465,30.988,2019.0,1.0,2019Q1,2019-03-31,2019-06-01,conservative_proxy_Q1_Jun1_Q2_Sep1_Q3_Dec1_Q4_next_Apr1,data/raw/mops_financials/6274_2019_Q1_C.html,https://mopsov.twse.com.tw/server-java/t164sb01?step=1&CO_ID=6274&SYEAR=2019&SSEASON=1&REPORT_ID=C,3882.313,2933.302,949.011,462.012,486.999,530.777,150.503,380.274,2081.632,4983.765,2052.868,2733.396,16022.261,416.786,3039.262,1417.369,450.0,7310.7,8711.561,494.048,-302.099,24.44447420906042,12.54404268795432,0.1281259867131112,0.1705998922374314,0.311052541211256,0.1299212389562247,0.1425613401254666,0.0188549543663032,0.0308350987416819,0.0297957020075658,-0.0208935576567661,-0.1471778023049873
2019-06-01,1326729,data/raw/mops_monthly/t21sc03_108_6_0.html,台燿,MOPS OTC historical monthly revenue HTML,1.326729,-0.1250157456790888,-0.1058837721485546,2019,6,True,2019-06-01,2019-07-16,2019-07-10,2017430.0,1975161.0,2.01743,0.701824424153589,0.06334823741608231,-0.003921254959582732,1.975161,0.6806499140179348,0.12729006718671876,-0.02238143319573538,0.09531915230140053,3.992591,1.3844403935836607,31.335,2019-07-05,0.002848364590667618,0.04172207446808529,31.147333333333336,2019.0,1.0,2019Q1,2019-03-31,2019-06-01,conservative_proxy_Q1_Jun1_Q2_Sep1_Q3_Dec1_Q4_next_Apr1,data/raw/mops_financials/6274_2019_Q1_C.html,https://mopsov.twse.com.tw/server-java/t164sb01?step=1&CO_ID=6274&SYEAR=2019&SSEASON=1&REPORT_ID=C,3882.313,2933.302,949.011,462.012,486.999,530.777,150.503,380.274,2081.632,4983.765,2052.868,2733.396,16022.261,416.786,3039.262,1417.369,450.0,7310.7,8711.561,494.048,-302.099,24.44447420906042,12.54404268795432,0.1281259867131112,0.1705998922374314,0.311052541211256,0.1299212389562247,0.1425613401254666,0.0188549543663032,0.0308350987416819,0.0297957020075658,-0.0208935576567661,-0.1471778023049873
2019-07-01,1551328,data/raw/mops_monthly/t21sc03_108_7_0.html,台燿,MOPS OTC historical monthly revenue HTML,1.551328,0.1692877746698835,-0.0242925572595902,2019,7,True,2019-07-01,2019-08-16,2019-08-10,2299975.0,2115085.0,2.299975,0.8328982533108125,0.10324097347204253,0.14005194727945947,2.115085,0.7490950008159756,0.05745578862533285,0.07084181998328254,0.08034838104868769,4.41506,1.4850214239975548,31.089,2019-08-05,-0.007850646242221204,0.017143791918861284,31.22333333333333,2019.0,1.0,2019Q1,2019-03-31,2019-06-01,conservative_proxy_Q1_Jun1_Q2_Sep1_Q3_Dec1_Q4_next_Apr1,data/raw/mops_financials/6274_2019_Q1_C.html,https://mopsov.twse.com.tw/server-java/t164sb01?step=1&CO_ID=6274&SYEAR=2019&SSEASON=1&REPORT_ID=C,3882.313,2933.302,949.011,462.012,486.999,530.777,150.503,380.274,2081.632,4983.765,2052.868,2733.396,16022.261,416.786,3039.262,1417.369,450.0,7310.7,8711.561,494.048,-302.099,24.44447420906042,12.54404268795432,0.1281259867131112,0.1705998922374314,0.311052541211256,0.1299212389562247,0.1425613401254666,0.0188549543663032,0.0308350987416819,0.0297957020075658,-0.0208935576567661,-0.1471778023049873
2019-08-01,1537068,data/raw/mops_monthly/t21sc03_108_8_0.html,台燿,MOPS OTC historical monthly revenue HTML,1.537068,-0.0091921244250087,-0.0162796279051906,2019,8,True,2019-08-01,2019-09-16,2019-09-10,2360996.0,2172880.0,2.360996,0.8590835639045667,0.04533142065252527,0.026531157947369044,2.17288,0.7760534765556946,0.04090558517645615,0.027325142961157622,0.04311850291449071,4.533876,1.5115772027920722,31.413,2019-09-05,0.010421692560069529,0.02225910377819007,31.279,2019.0,2.0,2019Q2,2019-06-30,2019-09-01,conservative_proxy_Q1_Jun1_Q2_Sep1_Q3_Dec1_Q4_next_Apr1,data/raw/mops_financials/6274_2019_Q2_C.html,https://mopsov.twse.com.tw/server-java/t164sb01?step=1&CO_ID=6274&SYEAR=2019&SSEASON=2&REPORT_ID=C,8231.499,6266.966,1964.533,896.229,1068.304,1108.531,241.622,866.909,2831.356,5417.975,2056.176,2889.049,16803.109,327.805,3327.223,1233.513,611.823,8560.91,8242.199,1000.431,-486.08,23.86604189589284,12.97824369534638,0.1223687830627058,0.1719353841006447,0.3224388415262914,0.1685019123544339,0.1293296972601915,0.0289279799351417,0.0595384461292252,0.1207890624636303,0.1703612042532385,-0.0917456768872849
2019-09-01,1505959,data/raw/mops_monthly/t21sc03_108_9_0.html,台燿,MOPS OTC historical monthly revenue HTML,1.505959,-0.0202391826516459,-0.0140162776857165,2019,9,True,2019-09-01,2019-10-16,2019-10-10,2312071.0,2082328.0,2.312071,0.8381436596811693,0.09285224732112907,-0.020722186738139414,2.082328,0.7334864986106531,0.1694142449508862,-0.04167372335333763,0.13113324613600763,4.394399,1.4803307754838957,31.142,2019-10-05,-0.008627001559863734,0.012583319785400837,31.21466666666667,2019.0,2.0,2019Q2,2019-06-30,2019-09-01,conservative_proxy_Q1_Jun1_Q2_Sep1_Q3_Dec1_Q4_next_Apr1,data/raw/mops_financials/6274_2019_Q2_C.html,https://mopsov.twse.com.tw/server-java/t164sb01?step=1&CO_ID=6274&SYEAR=2019&SSEASON=2&REPORT_ID=C,8231.499,6266.966,1964.533,896.229,1068.304,1108.531,241.622,866.909,2831.356,5417.975,2056.176,2889.049,16803.109,327.805,3327.223,1233.513,611.823,8560.91,8242.199,1000.431,-486.08,23.86604189589284,12.97824369534638,0.1223687830627058,0.1719353841006447,0.3224388415262914,0.1685019123544339,0.1293296972601915,0.0289279799351417,0.0595384461292252,0.1207890624636303,0.1703612042532385,-0.0917456768872849
2019-10-01,1479397,data/raw/mops_monthly/t21sc03_108_10_0.html,台燿,MOPS OTC historical monthly revenue HTML,1.479397,-0.0176379303819027,0.028811509582626,2019,10,True,2019-10-01,2019-11-16,2019-11-10,2311130.0,2129664.0,2.31113,0.8377365824145765,0.15349678027297053,-0.0004069944218841881,2.129664,0.7559642207991761,0.2669987560035767,0.022732249674402905,0.21024776813827362,4.440794,1.4908331892849933,30.731,2019-11-05,-0.013197610943420424,-0.005597980843903616,31.095333333333333,2019.0,2.0,2019Q2,2019-06-30,2019-09-01,conservative_proxy_Q1_Jun1_Q2_Sep1_Q3_Dec1_Q4_next_Apr1,data/raw/mops_financials/6274_2019_Q2_C.html,https://mopsov.twse.com.tw/server-java/t164sb01?step=1&CO_ID=6274&SYEAR=2019&SSEASON=2&REPORT_ID=C,8231.499,6266.966,1964.533,896.229,1068.304,1108.531,241.622,866.909,2831.356,5417.975,2056.176,2889.049,16803.109,327.805,3327.223,1233.513,611.823,8560.91,8242.199,1000.431,-486.08,23.86604189589284,12.97824369534638,0.1223687830627058,0.1719353841006447,0.3224388415262914,0.1685019123544339,0.1293296972601915,0.0289279799351417,0.0595384461292252,0.1207890624636303,0.1703612042532385,-0.0917456768872849
2019-11-01,1594077,data/raw/mops_monthly/t21sc03_108_11_0.html,台燿,MOPS OTC historical monthly revenue HTML,1.594077,0.0775180698622479,0.1374548500758503,2019,11,True,2019-11-01,2019-12-16,2019-12-10,2236388.0,2017713.0,2.236388,0.804862064389547,0.26055048767400013,-0.032340024144033475,2.017713,0.7019646917973696,0.1654370461845569,-0.05256744725928597,0.21299376692927852,4.254101,1.4478834588563319,30.479,2019-12-05,-0.008200188734502678,-0.012250056713225543,30.784000000000002,2019.0,3.0,2019Q3,2019-09-30,2019-12-01,conservative_proxy_Q1_Jun1_Q2_Sep1_Q3_Dec1_Q4_next_Apr1,data/raw/mops_financials/6274_2019_Q3_C.html,https://mopsov.twse.com.tw/server-java/t164sb01?step=1&CO_ID=6274&SYEAR=2019&SSEASON=3&REPORT_ID=C,12827.962,9766.045,3061.917,1348.837,1713.08,1754.155,376.529,1377.626,2976.851,5605.167,2449.786,2922.265,17059.356,337.445,4009.862,0.0,931.158,7485.69,9573.666,1584.726,-561.122,23.86908380302343,13.354264691460733,0.1436036624125787,0.1712998427373225,0.3285684993032562,0.1744996118259095,0.0743640615741883,0.0328923319262462,0.0928948314344339,0.1754272704967157,0.142830885440089,-0.0792685881591718
2019-12-01,1621299,data/raw/mops_monthly/t21sc03_108_12_0.html,台燿,MOPS OTC historical monthly revenue HTML,1.621299,0.0170769667964596,0.2952020853621224,2019,12,True,2019-12-01,2020-01-16,2020-01-10,2235083.0,2021977.0,2.235083,0.804278363841315,0.37468448011179123,-0.0005835302282072297,2.021977,0.7040757456572253,0.17611231709558628,0.002113283702885438,0.27539839860368875,4.25706,1.4485787811793889,30.325,2020-01-05,-0.00505265920797926,-0.016252514111464333,30.511666666666667,2019.0,3.0,2019Q3,2019-09-30,2019-12-01,conservative_proxy_Q1_Jun1_Q2_Sep1_Q3_Dec1_Q4_next_Apr1,data/raw/mops_financials/6274_2019_Q3_C.html,https://mopsov.twse.com.tw/server-java/t164sb01?step=1&CO_ID=6274&SYEAR=2019&SSEASON=3&REPORT_ID=C,12827.962,9766.045,3061.917,1348.837,1713.08,1754.155,376.529,1377.626,2976.851,5605.167,2449.786,2922.265,17059.356,337.445,4009.862,0.0,931.158,7485.69,9573.666,1584.726,-561.122,23.86908380302343,13.354264691460733,0.1436036624125787,0.1712998427373225,0.3285684993032562,0.1744996118259095,0.0743640615741883,0.0328923319262462,0.0928948314344339,0.1754272704967157,0.142830885440089,-0.0792685881591718
2020-01-01,1416433,data/raw/mops_monthly/t21sc03_109_1_0.html,台燿,MOPS OTC historical monthly revenue HTML,1.416433,-0.1263591724907004,0.0026197467035502,2020,1,True,2020-01-01,2020-02-16,2020-02-10,1964414.0,1608888.0,1.964414,0.6751939820156303,0.06575066147792374,-0.12110020075317107,1.608888,0.4755432571350105,-0.15603391206824369,-0.20429955434705738,-0.04514162529515997,3.573302,1.2734900982793849,30.045,2020-02-05,-0.009233305853256324,-0.02546221213104105,30.283,2019.0,3.0,2019Q3,2019-09-30,2019-12-01,conservative_proxy_Q1_Jun1_Q2_Sep1_Q3_Dec1_Q4_next_Apr1,data/raw/mops_financials/6274_2019_Q3_C.html,https://mopsov.twse.com.tw/server-java/t164sb01?step=1&CO_ID=6274&SYEAR=2019&SSEASON=3&REPORT_ID=C,12827.962,9766.045,3061.917,1348.837,1713.08,1754.155,376.529,1377.626,2976.851,5605.167,2449.786,2922.265,17059.356,337.445,4009.862,0.0,931.158,7485.69,9573.666,1584.726,-561.122,23.86908380302343,13.354264691460733,0.1436036624125787,0.1712998427373225,0.3285684993032562,0.1744996118259095,0.0743640615741883,0.0328923319262462,0.0928948314344339,0.1754272704967157,0.142830885440089,-0.0792685881591718
2020-02-01,1301483,data/raw/mops_monthly/t21sc03_109_2_0.html,台燿,MOPS OTC historical monthly revenue HTML,1.301483,-0.0811545621995534,0.2322724195556564,2020,2,True,2020-02-01,2020-03-16,2020-03-10,1776101.0,1591747.0,1.776101,0.5744205123223464,0.2689544652725633,-0.09586217569208944,1.591747,0.464832155195144,0.0944904412831502,-0.010653942350244416,0.18172245327785674,3.367848,1.214273964720332,30.191,2020-03-05,0.004859377600266113,-0.020281671858774608,30.187,2019.0,3.0,2019Q3,2019-09-30,2019-12-01,conservative_proxy_Q1_Jun1_Q2_Sep1_Q3_Dec1_Q4_next_Apr1,data/raw/mops_financials/6274_2019_Q3_C.html,https://mopsov.twse.com.tw/server-java/t164sb01?step=1&CO_ID=6274&SYEAR=2019&SSEASON=3&REPORT_ID=C,12827.962,9766.045,3061.917,1348.837,1713.08,1754.155,376.529,1377.626,2976.851,5605.167,2449.786,2922.265,17059.356,337.445,4009.862,0.0,931.158,7485.69,9573.666,1584.726,-561.122,23.86908380302343,13.354264691460733,0.1436036624125787,0.1712998427373225,0.3285684993032562,0.1744996118259095,0.0743640615741883,0.0328923319262462,0.0928948314344339,0.1754272704967157,0.142830885440089,-0.0792685881591718
2020-03-01,1758228,data/raw/mops_monthly/t21sc03_109_3_0.html,台燿,MOPS OTC historical monthly revenue HTML,1.758228,0.350941963898107,0.2439045614531561,2020,3,True,2020-03-01,2020-04-16,2020-04-10,2168471.0,2416720.0,2.168471,0.7740223109043446,0.18573371296275543,0.22091649067254626,2.41672,0.882411248920475,0.25035957823284116,0.5182814856883664,0.2180466455977983,4.585191,1.5228317624198375,30.205,2020-04-05,0.0004637143519592435,-0.021129727452441904,30.147000000000002,2019.0,4.0,2019Q4,2019-12-31,2020-04-01,conservative_proxy_Q1_Jun1_Q2_Sep1_Q3_Dec1_Q4_next_Apr1,data/raw/mops_financials/6274_2019_Q4_C.html,https://mopsov.twse.com.tw/server-java/t164sb01?step=1&CO_ID=6274&SYEAR=2019&SSEASON=4&REPORT_ID=C,17527.071,13389.446,4137.625,1980.808,2156.817,2235.116,482.674,1752.442,3318.827,6056.032,2467.193,3084.342,18014.157,431.607,3965.87,0.0,1362.953,7914.357,10099.8,2009.458,-682.022,23.607053340515368,12.305632812236569,0.1369585598704397,0.1712176706353786,0.3361818152245481,0.1842343774399213,0.0996194270983649,0.0378603339584527,0.1115488224067326,0.2513401527325809,0.2376609786538994,0.0833126725089397
2020-04-01,1873568,data/raw/mops_monthly/t21sc03_109_4_0.html,台燿,MOPS OTC historical monthly revenue HTML,1.873568,0.0656001383210824,0.2430554634069961,2020,4,True,2020-04-01,2020-05-16,2020-05-10,2227024.0,2429739.0,2.227024,0.8006661650469769,0.1160073925296965,0.027001975124408162,2.429739,0.8877838441764611,0.23405535866110427,0.005387053527094565,0.17503137559540038,4.656763,1.5383205715736128,30.089,2020-05-05,-0.003840423770898882,-0.025015391594569225,30.16166666666666,2019.0,4.0,2019Q4,2019-12-31,2020-04-01,conservative_proxy_Q1_Jun1_Q2_Sep1_Q3_Dec1_Q4_next_Apr1,data/raw/mops_financials/6274_2019_Q4_C.html,https://mopsov.twse.com.tw/server-java/t164sb01?step=1&CO_ID=6274&SYEAR=2019&SSEASON=4&REPORT_ID=C,17527.071,13389.446,4137.625,1980.808,2156.817,2235.116,482.674,1752.442,3318.827,6056.032,2467.193,3084.342,18014.157,431.607,3965.87,0.0,1362.953,7914.357,10099.8,2009.458,-682.022,23.607053340515368,12.305632812236569,0.1369585598704397,0.1712176706353786,0.3361818152245481,0.1842343774399213,0.0996194270983649,0.0378603339584527,0.1115488224067326,0.2513401527325809,0.2376609786538994,0.0833126725089397
2020-05-01,1752589,data/raw/mops_monthly/t21sc03_109_5_0.html,台燿,MOPS OTC historical monthly revenue HTML,1.752589,-0.064571448701088,0.1558410039247135,2020,5,True,2020-05-01,2020-06-16,2020-06-10,2028377.0,2510213.0,2.028377,0.7072359658880468,0.0014836780601290567,-0.089198410075509,2.510213,0.9203676101010079,0.2424459755095576,0.0331204298074812,0.12196482678484333,4.538589999999999,1.512616391128347,29.957,2020-06-05,-0.004386985277011424,-0.041253280419893734,30.08366666666667,2020.0,1.0,2020Q1,2020-03-31,2020-06-01,conservative_proxy_Q1_Jun1_Q2_Sep1_Q3_Dec1_Q4_next_Apr1,data/raw/mops_financials/6274_2020_Q1_C.html,https://mopsov.twse.com.tw/server-java/t164sb01?step=1&CO_ID=6274&SYEAR=2020&SSEASON=1&REPORT_ID=C,4473.95,3453.208,1020.742,467.934,552.808,557.186,131.778,425.408,2852.201,5868.486,2727.071,3071.222,17595.421,462.849,3970.665,0.0,1148.463,7088.702,10506.719,51.497,-32.707,22.815230389253344,12.356150605169928,0.1549875390875842,0.1745466618843618,0.3335234775001974,0.1620990483830992,0.0915756434586021,0.0018588358869048,0.0029267273570777,0.1235920444750779,0.328420044542562,0.1775206094187826
2020-06-01,1626755,data/raw/mops_monthly/t21sc03_109_6_0.html,台燿,MOPS OTC historical monthly revenue HTML,1.626755,-0.0717989214813056,0.2261396261029946,2020,6,True,2020-06-01,2020-07-16,2020-07-10,2045256.0,2537891.0,2.045256,0.7155229650340635,0.013792795784736134,0.008321431370992727,2.537891,0.9313334211674168,0.28490335724530813,0.011026155947722494,0.14934807651502213,4.583147,1.5223858800725978,29.752,2020-07-05,-0.006843141836632594,-0.05051858943673215,29.932666666666666,2020.0,1.0,2020Q1,2020-03-31,2020-06-01,conservative_proxy_Q1_Jun1_Q2_Sep1_Q3_Dec1_Q4_next_Apr1,data/raw/mops_financials/6274_2020_Q1_C.html,https://mopsov.twse.com.tw/server-java/t164sb01?step=1&CO_ID=6274&SYEAR=2020&SSEASON=1&REPORT_ID=C,4473.95,3453.208,1020.742,467.934,552.808,557.186,131.778,425.408,2852.201,5868.486,2727.071,3071.222,17595.421,462.849,3970.665,0.0,1148.463,7088.702,10506.719,51.497,-32.707,22.815230389253344,12.356150605169928,0.1549875390875842,0.1745466618843618,0.3335234775001974,0.1620990483830992,0.0915756434586021,0.0018588358869048,0.0029267273570777,0.1235920444750779,0.328420044542562,0.1775206094187826
2020-07-01,1542966,data/raw/mops_monthly/t21sc03_109_7_0.html,台燿,MOPS OTC historical monthly revenue HTML,1.542966,-0.0515068341575712,-0.0053902205078487,2020,7,True,2020-07-01,2020-08-16,2020-08-10,2269456.0,2118656.0,2.269456,0.8195401551961496,-0.013269274666029007,0.10961952929119856,2.118656,0.7507819253807221,0.0016883482224119284,-0.16519030959170433,-0.0057904632218085395,4.388112,1.478899066244039,29.563,2020-08-05,-0.006352514116698016,-0.049084885329216066,29.75733333333333,2020.0,1.0,2020Q1,2020-03-31,2020-06-01,conservative_proxy_Q1_Jun1_Q2_Sep1_Q3_Dec1_Q4_next_Apr1,data/raw/mops_financials/6274_2020_Q1_C.html,https://mopsov.twse.com.tw/server-java/t164sb01?step=1&CO_ID=6274&SYEAR=2020&SSEASON=1&REPORT_ID=C,4473.95,3453.208,1020.742,467.934,552.808,557.186,131.778,425.408,2852.201,5868.486,2727.071,3071.222,17595.421,462.849,3970.665,0.0,1148.463,7088.702,10506.719,51.497,-32.707,22.815230389253344,12.356150605169928,0.1549875390875842,0.1745466618843618,0.3335234775001974,0.1620990483830992,0.0915756434586021,0.0018588358869048,0.0029267273570777,0.1235920444750779,0.328420044542562,0.1775206094187826
2020-08-01,1526751,data/raw/mops_monthly/t21sc03_109_8_0.html,台燿,MOPS OTC historical monthly revenue HTML,1.526751,-0.0105089807552467,-0.0067121298472156,2020,8,True,2020-08-01,2020-09-16,2020-09-10,2589601.0,1972193.0,2.589601,0.9515038097898477,0.09682566171226048,0.14106684597542318,1.972193,0.6791461215740257,-0.09235990942896066,-0.06913014665901407,0.0022328761416499088,4.561794,1.5177159672091558,29.521,2020-09-05,-0.0014206947874031428,-0.060229841148569,29.612,2020.0,2.0,2020Q2,2020-06-30,2020-09-01,conservative_proxy_Q1_Jun1_Q2_Sep1_Q3_Dec1_Q4_next_Apr1,data/raw/mops_financials/6274_2020_Q2_C.html,https://mopsov.twse.com.tw/server-java/t164sb01?step=1&CO_ID=6274&SYEAR=2020&SSEASON=2&REPORT_ID=C,9729.775,7373.557,2356.218,981.776,1374.442,1371.688,271.278,1100.41,2475.784,6554.14,2528.903,3695.857,19137.199,325.607,3881.541,1711.771,1708.504,9110.465,10026.734,500.798,-129.068,24.21657232567043,14.126143718636866,0.1321459321189062,0.1931242393413999,0.3424816766549796,0.1293702385599899,0.1957382582477195,0.0067443516681829,0.0261688243927442,0.2792642146256432,0.2299059029966306,0.2097028871487962
2020-09-01,1234791,data/raw/mops_monthly/t21sc03_109_9_0.html,台燿,MOPS OTC historical monthly revenue HTML,1.234791,-0.1912296111153685,-0.1800633350575945,2020,9,True,2020-09-01,2020-10-16,2020-10-10,2614778.0,2122141.0,2.614778,0.9611791990756394,0.13092461260921473,0.009722347187848479,2.122141,0.7524254847326546,0.019119466289652776,0.07603109837627442,0.07502203944943375,4.736919,1.5553869243653988,29.359,2020-10-05,-0.005487618983096798,-0.0572538693725515,29.481000000000005,2020.0,2.0,2020Q2,2020-06-30,2020-09-01,conservative_proxy_Q1_Jun1_Q2_Sep1_Q3_Dec1_Q4_next_Apr1,data/raw/mops_financials/6274_2020_Q2_C.html,https://mopsov.twse.com.tw/server-java/t164sb01?step=1&CO_ID=6274&SYEAR=2020&SSEASON=2&REPORT_ID=C,9729.775,7373.557,2356.218,981.776,1374.442,1371.688,271.278,1100.41,2475.784,6554.14,2528.903,3695.857,19137.199,325.607,3881.541,1711.771,1708.504,9110.465,10026.734,500.798,-129.068,24.21657232567043,14.126143718636866,0.1321459321189062,0.1931242393413999,0.3424816766549796,0.1293702385599899,0.1957382582477195,0.0067443516681829,0.0261688243927442,0.2792642146256432,0.2299059029966306,0.2097028871487962
2020-10-01,1209890,data/raw/mops_monthly/t21sc03_109_10_0.html,台燿,MOPS OTC historical monthly revenue HTML,1.20989,-0.0201661657721833,-0.1821735477360033,2020,10,True,2020-10-01,2020-11-16,2020-11-10,2475833.0,1966142.0,2.475833,0.9065769050517039,0.0712651386983858,-0.05313835438419612,1.966142,0.6760732469905231,-0.07678300426733975,-0.07351019559963268,-0.002758932784476975,4.441975,1.4910990973609455,28.934,2020-11-05,-0.014475969889982676,-0.05847515538056036,29.271333333333335,2020.0,2.0,2020Q2,2020-06-30,2020-09-01,conservative_proxy_Q1_Jun1_Q2_Sep1_Q3_Dec1_Q4_next_Apr1,data/raw/mops_financials/6274_2020_Q2_C.html,https://mopsov.twse.com.tw/server-java/t164sb01?step=1&CO_ID=6274&SYEAR=2020&SSEASON=2&REPORT_ID=C,9729.775,7373.557,2356.218,981.776,1374.442,1371.688,271.278,1100.41,2475.784,6554.14,2528.903,3695.857,19137.199,325.607,3881.541,1711.771,1708.504,9110.465,10026.734,500.798,-129.068,24.21657232567043,14.126143718636866,0.1321459321189062,0.1931242393413999,0.3424816766549796,0.1293702385599899,0.1957382582477195,0.0067443516681829,0.0261688243927442,0.2792642146256432,0.2299059029966306,0.2097028871487962
2020-11-01,1391073,data/raw/mops_monthly/t21sc03_109_11_0.html,台燿,MOPS OTC historical monthly revenue HTML,1.391073,0.1497516303134995,-0.1273489298195758,2020,11,True,2020-11-01,2020-12-16,2020-12-10,2552457.0,2026881.0,2.552457,0.9370564246855971,0.1413301269726006,0.03094877562420395,2.026881,0.7064981582970805,0.004543758205453274,0.0308924787731506,0.07293694258902694,4.579338,1.5215544461942503,28.844,2020-12-05,-0.0031105274072026345,-0.053643492240558976,29.045666666666666,2020.0,3.0,2020Q3,2020-09-30,2020-12-01,conservative_proxy_Q1_Jun1_Q2_Sep1_Q3_Dec1_Q4_next_Apr1,data/raw/mops_financials/6274_2020_Q3_C.html,https://mopsov.twse.com.tw/server-java/t164sb01?step=1&CO_ID=6274&SYEAR=2020&SSEASON=3&REPORT_ID=C,14035.454,10678.171,3357.283,1482.777,1874.506,1868.047,391.216,1476.831,2700.6,5489.066,2757.8,3883.886,19540.163,534.099,3638.518,1716.28,1675.768,8967.044,10573.119,1259.92,-239.237,23.920017122353148,13.355506704663776,0.1411349536848797,0.1987642580054219,0.280911986251087,0.1382076495472427,0.2009270342320071,0.0122433472023749,0.0644784795295719,0.3290670079544464,0.1257309822164058,-0.0207132097937493
2020-12-01,1407398,data/raw/mops_monthly/t21sc03_109_12_0.html,台燿,MOPS OTC historical monthly revenue HTML,1.407398,0.0117355451511171,-0.1319318645111112,2020,12,True,2020-12-01,2021-01-16,2021-01-10,2472491.0,2117359.0,2.472491,0.9052261444676604,0.10621887419840803,-0.03132902924515468,2.117359,0.7501695573694989,0.04717264340791205,0.04463902912899176,0.07669575880316004,4.58985,1.5238473437998974,28.539,2021-01-05,-0.010574122867840763,-0.058895300906842474,28.772333333333336,2020.0,3.0,2020Q3,2020-09-30,2020-12-01,conservative_proxy_Q1_Jun1_Q2_Sep1_Q3_Dec1_Q4_next_Apr1,data/raw/mops_financials/6274_2020_Q3_C.html,https://mopsov.twse.com.tw/server-java/t164sb01?step=1&CO_ID=6274&SYEAR=2020&SSEASON=3&REPORT_ID=C,14035.454,10678.171,3357.283,1482.777,1874.506,1868.047,391.216,1476.831,2700.6,5489.066,2757.8,3883.886,19540.163,534.099,3638.518,1716.28,1675.768,8967.044,10573.119,1259.92,-239.237,23.920017122353148,13.355506704663776,0.1411349536848797,0.1987642580054219,0.280911986251087,0.1382076495472427,0.2009270342320071,0.0122433472023749,0.0644784795295719,0.3290670079544464,0.1257309822164058,-0.0207132097937493
2021-01-01,1549030,data/raw/mops_monthly/t21sc03_110_1_0.html,台燿,MOPS OTC historical monthly revenue HTML,1.54903,0.1006339358163077,0.0936133230445772,2021,1,True,2021-01-01,2021-02-16,2021-02-10,2750004.0,2490950.0,2.750004,1.0116023662228766,0.3999106094743776,0.11224024677946254,2.49095,0.9126641638184565,0.5482432586979331,0.1764419732317477,0.47407693408615537,5.240954,1.6565035428305481,28.431,2021-02-05,-0.0037842951750236553,-0.053719420868696965,28.60466666666667,2020.0,3.0,2020Q3,2020-09-30,2020-12-01,conservative_proxy_Q1_Jun1_Q2_Sep1_Q3_Dec1_Q4_next_Apr1,data/raw/mops_financials/6274_2020_Q3_C.html,https://mopsov.twse.com.tw/server-java/t164sb01?step=1&CO_ID=6274&SYEAR=2020&SSEASON=3&REPORT_ID=C,14035.454,10678.171,3357.283,1482.777,1874.506,1868.047,391.216,1476.831,2700.6,5489.066,2757.8,3883.886,19540.163,534.099,3638.518,1716.28,1675.768,8967.044,10573.119,1259.92,-239.237,23.920017122353148,13.355506704663776,0.1411349536848797,0.1987642580054219,0.280911986251087,0.1382076495472427,0.2009270342320071,0.0122433472023749,0.0644784795295719,0.3290670079544464,0.1257309822164058,-0.0207132097937493
2021-02-01,1415693,data/raw/mops_monthly/t21sc03_110_2_0.html,台燿,MOPS OTC historical monthly revenue HTML,1.415693,-0.0860777389721307,0.0877537393880674,2021,2,True,2021-02-01,2021-03-16,2021-03-10,2435365.0,2150481.0,2.435365,0.8900966426316663,0.37118609808789027,-0.11441401539779583,2.150481,0.7656915380480086,0.3510193516934539,-0.1366823902527149,0.3611027248906721,4.585846,1.5229746034096,28.35,2021-03-05,-0.002849002849002802,-0.06097843728263386,28.439999999999998,2020.0,3.0,2020Q3,2020-09-30,2020-12-01,conservative_proxy_Q1_Jun1_Q2_Sep1_Q3_Dec1_Q4_next_Apr1,data/raw/mops_financials/6274_2020_Q3_C.html,https://mopsov.twse.com.tw/server-java/t164sb01?step=1&CO_ID=6274&SYEAR=2020&SSEASON=3&REPORT_ID=C,14035.454,10678.171,3357.283,1482.777,1874.506,1868.047,391.216,1476.831,2700.6,5489.066,2757.8,3883.886,19540.163,534.099,3638.518,1716.28,1675.768,8967.044,10573.119,1259.92,-239.237,23.920017122353148,13.355506704663776,0.1411349536848797,0.1987642580054219,0.280911986251087,0.1382076495472427,0.2009270342320071,0.0122433472023749,0.0644784795295719,0.3290670079544464,0.1257309822164058,-0.0207132097937493
2021-03-01,1728671,data/raw/mops_monthly/t21sc03_110_3_0.html,台燿,MOPS OTC historical monthly revenue HTML,1.728671,0.2210775923876151,-0.016810675293534,2021,3,True,2021-03-01,2021-04-16,2021-04-10,2818344.0,2752195.0,2.818344,1.0361494784180276,0.29969181049688953,0.15725733103662076,2.752195,1.0123987751189585,0.13881417789400508,0.27980437864831154,0.2192529941954473,5.570539,1.7174918176595872,28.385,2021-04-05,0.0012345679012346622,-0.06025492468134408,28.388666666666666,2020.0,4.0,2020Q4,2020-12-31,2021-04-01,conservative_proxy_Q1_Jun1_Q2_Sep1_Q3_Dec1_Q4_next_Apr1,data/raw/mops_financials/6274_2020_Q4_C.html,https://mopsov.twse.com.tw/server-java/t164sb01?step=1&CO_ID=6274&SYEAR=2020&SSEASON=4&REPORT_ID=C,18046.852,13822.206,4224.646,1951.179,2273.467,2263.777,488.216,1775.561,3137.499,4795.466,2229.416,4096.262,19379.666,428.284,3008.224,1720.789,1722.217,8352.455,11027.211,2093.34,-368.213,23.40932368703417,12.597582115706384,0.1150389279154759,0.2113690710665498,0.2474483306368644,0.161896443416517,0.1997604086675178,0.0189999662532883,0.1080173414753381,0.3280829428124376,-0.0963755166296272,-0.2081504853342914
2021-04-01,1770181,data/raw/mops_monthly/t21sc03_110_4_0.html,台燿,MOPS OTC historical monthly revenue HTML,1.770181,0.0240126663778128,-0.0551818775726313,2021,4,True,2021-04-01,2021-05-16,2021-05-10,2951523.0,2689223.0,2.951523,1.0823213083160506,0.3253215950973136,0.04725434510478488,2.689223,0.9892523043056065,0.10679500966976296,-0.022880646175143737,0.2160583023835383,5.640746,1.7300163262666741,28.257,2021-05-05,-0.004509423991544859,-0.06088603808700843,28.33066666666667,2020.0,4.0,2020Q4,2020-12-31,2021-04-01,conservative_proxy_Q1_Jun1_Q2_Sep1_Q3_Dec1_Q4_next_Apr1,data/raw/mops_financials/6274_2020_Q4_C.html,https://mopsov.twse.com.tw/server-java/t164sb01?step=1&CO_ID=6274&SYEAR=2020&SSEASON=4&REPORT_ID=C,18046.852,13822.206,4224.646,1951.179,2273.467,2263.777,488.216,1775.561,3137.499,4795.466,2229.416,4096.262,19379.666,428.284,3008.224,1720.789,1722.217,8352.455,11027.211,2093.34,-368.213,23.40932368703417,12.597582115706384,0.1150389279154759,0.2113690710665498,0.2474483306368644,0.161896443416517,0.1997604086675178,0.0189999662532883,0.1080173414753381,0.3280829428124376,-0.0963755166296272,-0.2081504853342914
2021-05-01,1803100,data/raw/mops_monthly/t21sc03_110_5_0.html,台燿,MOPS OTC historical monthly revenue HTML,1.8031,0.0185964034186334,0.0288207902708506,2021,5,True,2021-05-01,2021-06-16,2021-06-10,3220597.0,2670958.0,3.220597,1.1695667460978783,0.5877704194042825,0.09116445983988619,2.670958,0.9824372095564211,0.06403639850482823,-0.006791924656304071,0.3259034089545554,5.891555,1.7735199696110064,27.921,2021-06-05,-0.01189085890221897,-0.06796408185065261,28.18766666666667,2021.0,1.0,2021Q1,2021-03-31,2021-06-01,conservative_proxy_Q1_Jun1_Q2_Sep1_Q3_Dec1_Q4_next_Apr1,data/raw/mops_financials/6274_2021_Q1_C.html,https://mopsov.twse.com.tw/server-java/t164sb01?step=1&CO_ID=6274&SYEAR=2021&SSEASON=1&REPORT_ID=C,4692.048,3717.294,974.754,506.34,468.414,472.916,128.771,344.145,4484.994,5547.053,2622.225,4331.312,20992.851,488.721,4175.138,1725.298,1750.448,10874.654,10118.197,491.16,-64.36,20.774595656310424,9.983145952471077,0.1249103802051469,0.2063231906900115,0.2642353342097269,0.213643873335737,0.1888484322591534,0.00306580559258,0.0233965362779929,0.4102894548163562,-0.0384463770836915,-0.054772730138574
2021-06-01,1869965,data/raw/mops_monthly/t21sc03_110_6_0.html,台燿,MOPS OTC historical monthly revenue HTML,1.869965,0.0370833564416839,0.1495062255840615,2021,6,True,2021-06-01,2021-07-16,2021-07-10,3385779.0,2798606.0,3.385779,1.219584012827154,0.6554304204461445,0.051289248546154464,2.798606,1.029121436066285,0.10272899821150694,0.04779109218490141,0.37907970932882573,6.184385,1.822027566785758,27.797,2021-07-05,-0.004441101679739212,-0.06570986824415159,27.991666666666664,2021.0,1.0,2021Q1,2021-03-31,2021-06-01,conservative_proxy_Q1_Jun1_Q2_Sep1_Q3_Dec1_Q4_next_Apr1,data/raw/mops_financials/6274_2021_Q1_C.html,https://mopsov.twse.com.tw/server-java/t164sb01?step=1&CO_ID=6274&SYEAR=2021&SSEASON=1&REPORT_ID=C,4692.048,3717.294,974.754,506.34,468.414,472.916,128.771,344.145,4484.994,5547.053,2622.225,4331.312,20992.851,488.721,4175.138,1725.298,1750.448,10874.654,10118.197,491.16,-64.36,20.774595656310424,9.983145952471077,0.1249103802051469,0.2063231906900115,0.2642353342097269,0.213643873335737,0.1888484322591534,0.00306580559258,0.0233965362779929,0.4102894548163562,-0.0384463770836915,-0.054772730138574
2021-07-01,1928594,data/raw/mops_monthly/t21sc03_110_7_0.html,台燿,MOPS OTC historical monthly revenue HTML,1.928594,0.0313529932378413,0.2499264403752252,2021,7,True,2021-07-01,2021-08-16,2021-08-10,3555634.0,2951956.0,3.555634,1.2685333877201337,0.5667340543284383,0.05016718456815994,2.951956,1.0824680014780916,0.3933153848477524,0.054795137293352614,0.48002471958809534,6.50759,1.872969187986875,28.001,2021-08-05,0.007338921466345294,-0.05283631566485125,27.906333333333333,2021.0,1.0,2021Q1,2021-03-31,2021-06-01,conservative_proxy_Q1_Jun1_Q2_Sep1_Q3_Dec1_Q4_next_Apr1,data/raw/mops_financials/6274_2021_Q1_C.html,https://mopsov.twse.com.tw/server-java/t164sb01?step=1&CO_ID=6274&SYEAR=2021&SSEASON=1&REPORT_ID=C,4692.048,3717.294,974.754,506.34,468.414,472.916,128.771,344.145,4484.994,5547.053,2622.225,4331.312,20992.851,488.721,4175.138,1725.298,1750.448,10874.654,10118.197,491.16,-64.36,20.774595656310424,9.983145952471077,0.1249103802051469,0.2063231906900115,0.2642353342097269,0.213643873335737,0.1888484322591534,0.00306580559258,0.0233965362779929,0.4102894548163562,-0.0384463770836915,-0.054772730138574
2021-08-01,1945708,data/raw/mops_monthly/t21sc03_110_8_0.html,台燿,MOPS OTC historical monthly revenue HTML,1.945708,0.0088738220693418,0.2744108240308995,2021,8,True,2021-08-01,2021-09-16,2021-09-10,3682303.0,3166757.0,3.682303,1.3035383716575484,0.42195766838211757,0.03562487027629957,3.166757,1.1527080358473074,0.6057033971827301,0.07276565097853771,0.5138305327824239,6.84906,1.9241114165803745,27.878,2021-09-05,-0.00439270026070504,-0.05565529622980259,27.892,2021.0,2.0,2021Q2,2021-06-30,2021-09-01,conservative_proxy_Q1_Jun1_Q2_Sep1_Q3_Dec1_Q4_next_Apr1,data/raw/mops_financials/6274_2021_Q2_C.html,https://mopsov.twse.com.tw/server-java/t164sb01?step=1&CO_ID=6274&SYEAR=2021&SSEASON=2&REPORT_ID=C,10137.208,7936.467,2200.741,1041.073,1159.668,1178.482,241.847,936.635,4223.391,6477.484,2614.112,4293.551,20585.928,465.135,4511.121,1729.807,1764.392,9913.326,10672.602,661.611,-105.716,21.709537774109,11.439717918385416,0.1269853853564435,0.2085672795513518,0.3146559144673974,0.2051591261759003,0.1923320629509634,0.0051353526544929,0.0321389931996264,0.1617200016126165,0.0336940562765752,-0.0116958136384025
2021-09-01,1795957,data/raw/mops_monthly/t21sc03_110_9_0.html,台燿,MOPS OTC historical monthly revenue HTML,1.795957,-0.0769647860830093,0.4544623341116027,2021,9,True,2021-09-01,2021-10-16,2021-10-10,3538580.0,2820591.0,3.53858,1.2637255167280435,0.3533003566650783,-0.0390307370143087,2.820591,1.0369464374604462,0.32912516180593077,-0.10931246066559586,0.34121275923550454,6.359171,1.8498980229443145,27.737,2021-10-05,-0.005057751632111418,-0.0552471133212985,27.872,2021.0,2.0,2021Q2,2021-06-30,2021-09-01,conservative_proxy_Q1_Jun1_Q2_Sep1_Q3_Dec1_Q4_next_Apr1,data/raw/mops_financials/6274_2021_Q2_C.html,https://mopsov.twse.com.tw/server-java/t164sb01?step=1&CO_ID=6274&SYEAR=2021&SSEASON=2&REPORT_ID=C,10137.208,7936.467,2200.741,1041.073,1159.668,1178.482,241.847,936.635,4223.391,6477.484,2614.112,4293.551,20585.928,465.135,4511.121,1729.807,1764.392,9913.326,10672.602,661.611,-105.716,21.709537774109,11.439717918385416,0.1269853853564435,0.2085672795513518,0.3146559144673974,0.2051591261759003,0.1923320629509634,0.0051353526544929,0.0321389931996264,0.1617200016126165,0.0336940562765752,-0.0116958136384025
2021-10-01,1704222,data/raw/mops_monthly/t21sc03_110_10_0.html,台燿,MOPS OTC historical monthly revenue HTML,1.704222,-0.0510786171383836,0.4085759862466835,2021,10,True,2021-10-01,2021-11-16,2021-11-10,3501202.0,2678166.0,3.501202,1.253106338108703,0.4141511160082283,-0.010562994195411735,2.678166,0.9851322319050257,0.36214271400539744,-0.050494736741342416,0.38814691500681286,6.179368,1.8212160008679714,27.946,2021-11-05,0.007535061470238524,-0.034146678647957396,27.85366666666667,2021.0,2.0,2021Q2,2021-06-30,2021-09-01,conservative_proxy_Q1_Jun1_Q2_Sep1_Q3_Dec1_Q4_next_Apr1,data/raw/mops_financials/6274_2021_Q2_C.html,https://mopsov.twse.com.tw/server-java/t164sb01?step=1&CO_ID=6274&SYEAR=2021&SSEASON=2&REPORT_ID=C,10137.208,7936.467,2200.741,1041.073,1159.668,1178.482,241.847,936.635,4223.391,6477.484,2614.112,4293.551,20585.928,465.135,4511.121,1729.807,1764.392,9913.326,10672.602,661.611,-105.716,21.709537774109,11.439717918385416,0.1269853853564435,0.2085672795513518,0.3146559144673974,0.2051591261759003,0.1923320629509634,0.0051353526544929,0.0321389931996264,0.1617200016126165,0.0336940562765752,-0.0116958136384025
2021-11-01,1801408,data/raw/mops_monthly/t21sc03_110_11_0.html,台燿,MOPS OTC historical monthly revenue HTML,1.801408,0.0570266080358075,0.2949773304492287,2021,11,True,2021-11-01,2021-12-16,2021-12-10,3393849.0,2595260.0,3.393849,1.2219646755453535,0.3296400291953987,-0.030661755591365525,2.59526,0.9536867042771282,0.2804205081600746,-0.03095625887267628,0.30503026867773664,5.989109,1.7899426531501013,27.818,2021-12-05,-0.0045802619337292905,-0.03557065594231035,27.83366666666667,2021.0,3.0,2021Q3,2021-09-30,2021-12-01,conservative_proxy_Q1_Jun1_Q2_Sep1_Q3_Dec1_Q4_next_Apr1,data/raw/mops_financials/6274_2021_Q3_C.html,https://mopsov.twse.com.tw/server-java/t164sb01?step=1&CO_ID=6274&SYEAR=2021&SSEASON=3&REPORT_ID=C,15806.899,12393.677,3413.222,1538.087,1875.135,1903.881,408.721,1495.16,4683.562,7056.703,2942.625,4232.792,21602.928,402.13,4976.006,1734.316,1778.003,10334.828,11268.1,970.073,-154.934,21.5932422924952,11.86276321497341,0.136214174300817,0.1959360323748706,0.3266549330720354,0.2168021853333955,0.1811999280838226,0.0071718981797282,0.0449046999554875,0.0898342536315432,0.067019000652694,0.2855926673135285
2021-12-01,1819510,data/raw/mops_monthly/t21sc03_110_12_0.html,台燿,MOPS OTC historical monthly revenue HTML,1.81951,0.0100488062670978,0.2928183783123181,2021,12,True,2021-12-01,2022-01-16,2022-01-10,3272872.0,2752191.0,3.272872,1.185667886902188,0.3237144240363261,-0.03564595832047912,2.752191,1.0123973217325135,0.29982256197461066,0.06046831531330188,0.3117684930054684,6.025062999999999,1.7959279357535858,27.761,2022-01-05,-0.0020490330002157497,-0.02726094116822597,27.84166666666667,2021.0,3.0,2021Q3,2021-09-30,2021-12-01,conservative_proxy_Q1_Jun1_Q2_Sep1_Q3_Dec1_Q4_next_Apr1,data/raw/mops_financials/6274_2021_Q3_C.html,https://mopsov.twse.com.tw/server-java/t164sb01?step=1&CO_ID=6274&SYEAR=2021&SSEASON=3&REPORT_ID=C,15806.899,12393.677,3413.222,1538.087,1875.135,1903.881,408.721,1495.16,4683.562,7056.703,2942.625,4232.792,21602.928,402.13,4976.006,1734.316,1778.003,10334.828,11268.1,970.073,-154.934,21.5932422924952,11.86276321497341,0.136214174300817,0.1959360323748706,0.3266549330720354,0.2168021853333955,0.1811999280838226,0.0071718981797282,0.0449046999554875,0.0898342536315432,0.067019000652694,0.2855926673135285
2022-01-01,1822394,data/raw/mops_monthly/t21sc03_111_1_0.html,台燿,MOPS OTC historical monthly revenue HTML,1.822394,0.0015850421267264,0.1764743097293146,2022,1,True,2022-01-01,2022-02-16,2022-02-10,3557817.0,3097231.0,3.557817,1.2691471545313566,0.2937497545458114,0.08706267767269837,3.097231,1.1305084865207649,0.243393484413577,0.1253692058436351,0.2685716194796942,6.655048,1.8953756644431528,27.678,2022-02-05,-0.0029898058427288987,-0.026485174633322783,27.752333333333336,2021.0,3.0,2021Q3,2021-09-30,2021-12-01,conservative_proxy_Q1_Jun1_Q2_Sep1_Q3_Dec1_Q4_next_Apr1,data/raw/mops_financials/6274_2021_Q3_C.html,https://mopsov.twse.com.tw/server-java/t164sb01?step=1&CO_ID=6274&SYEAR=2021&SSEASON=3&REPORT_ID=C,15806.899,12393.677,3413.222,1538.087,1875.135,1903.881,408.721,1495.16,4683.562,7056.703,2942.625,4232.792,21602.928,402.13,4976.006,1734.316,1778.003,10334.828,11268.1,970.073,-154.934,21.5932422924952,11.86276321497341,0.136214174300817,0.1959360323748706,0.3266549330720354,0.2168021853333955,0.1811999280838226,0.0071718981797282,0.0449046999554875,0.0898342536315432,0.067019000652694,0.2855926673135285
2022-02-01,1464984,data/raw/mops_monthly/t21sc03_111_2_0.html,台燿,MOPS OTC historical monthly revenue HTML,1.464984,-0.1961211461407357,0.034817576974669,2022,2,True,2022-02-01,2022-03-16,2022-03-10,2917766.0,2415718.0,2.917766,1.0708182549727818,0.1980816017311573,-0.17989992177787673,2.415718,0.8819965514057382,0.12333845311816294,-0.22003944813932186,0.16071002742466012,5.333484,1.6740046831726478,27.881,2022-03-05,0.007334344967121931,-0.01654320987654323,27.773333333333337,2021.0,3.0,2021Q3,2021-09-30,2021-12-01,conservative_proxy_Q1_Jun1_Q2_Sep1_Q3_Dec1_Q4_next_Apr1,data/raw/mops_financials/6274_2021_Q3_C.html,https://mopsov.twse.com.tw/server-java/t164sb01?step=1&CO_ID=6274&SYEAR=2021&SSEASON=3&REPORT_ID=C,15806.899,12393.677,3413.222,1538.087,1875.135,1903.881,408.721,1495.16,4683.562,7056.703,2942.625,4232.792,21602.928,402.13,4976.006,1734.316,1778.003,10334.828,11268.1,970.073,-154.934,21.5932422924952,11.86276321497341,0.136214174300817,0.1959360323748706,0.3266549330720354,0.2168021853333955,0.1811999280838226,0.0071718981797282,0.0449046999554875,0.0898342536315432,0.067019000652694,0.2855926673135285
2022-03-01,1736445,data/raw/mops_monthly/t21sc03_111_3_0.html,台燿,MOPS OTC historical monthly revenue HTML,1.736445,0.1852996346717779,0.004497096324286,2022,3,True,2022-03-01,2022-04-16,2022-04-10,3442956.0,2757011.0,3.442956,1.2363304047220118,0.22162376203898448,0.17999729930364539,2.757011,1.0141471218777336,0.0017498760080589815,0.1412801494214142,0.11168681902352173,6.199967,1.8245439694562358,28.441,2022-04-05,0.020085362791865347,0.0019728729963006675,28.0,2021.0,4.0,2021Q4,2021-12-31,2022-04-01,conservative_proxy_Q1_Jun1_Q2_Sep1_Q3_Dec1_Q4_next_Apr1,data/raw/mops_financials/6274_2021_Q4_C.html,https://mopsov.twse.com.tw/server-java/t164sb01?step=1&CO_ID=6274&SYEAR=2021&SSEASON=4&REPORT_ID=C,21132.04,16701.679,4430.361,2050.322,2380.039,2413.332,532.09,1881.242,4717.288,6687.953,2857.117,4319.736,21950.599,446.904,4602.236,1738.826,1782.58,10213.89,11736.709,1512.007,-334.506,20.965136352193163,11.262703458823664,0.1301612315909921,0.1967935362492841,0.3046820271282802,0.2149047504352842,0.1807836770194745,0.0152390374403905,0.068882266037478,0.054555592391307,0.2815540033802575,0.3946408962132146
2022-04-01,1641441,data/raw/mops_monthly/t21sc03_111_4_0.html,台燿,MOPS OTC historical monthly revenue HTML,1.641441,-0.0547117818301184,-0.0727270262193527,2022,4,True,2022-04-01,2022-05-16,2022-05-10,3071772.0,2665121.0,3.071772,1.1222545937810782,0.04074133930177748,-0.10780968446881112,2.665121,0.9802494599642164,-0.008962440080276024,-0.033329573222595,0.015889449610750728,5.736893,1.7469177745829843,29.148,2022-05-05,0.024858478956436114,0.031532009767491154,28.49,2021.0,4.0,2021Q4,2021-12-31,2022-04-01,conservative_proxy_Q1_Jun1_Q2_Sep1_Q3_Dec1_Q4_next_Apr1,data/raw/mops_financials/6274_2021_Q4_C.html,https://mopsov.twse.com.tw/server-java/t164sb01?step=1&CO_ID=6274&SYEAR=2021&SSEASON=4&REPORT_ID=C,21132.04,16701.679,4430.361,2050.322,2380.039,2413.332,532.09,1881.242,4717.288,6687.953,2857.117,4319.736,21950.599,446.904,4602.236,1738.826,1782.58,10213.89,11736.709,1512.007,-334.506,20.965136352193163,11.262703458823664,0.1301612315909921,0.1967935362492841,0.3046820271282802,0.2149047504352842,0.1807836770194745,0.0152390374403905,0.068882266037478,0.054555592391307,0.2815540033802575,0.3946408962132146
2022-05-01,1658904,data/raw/mops_monthly/t21sc03_111_5_0.html,台燿,MOPS OTC historical monthly revenue HTML,1.658904,0.0106388228392004,-0.0799711607786589,2022,5,True,2022-05-01,2022-06-16,2022-06-10,3484638.0,2451020.0,3.484638,1.2483641650726163,0.08198511021403787,0.13440645985444233,2.45102,0.896504264447404,-0.0823442375357456,-0.08033443884911784,-0.00017956366085386533,5.935658,1.780977889650041,29.597,2022-06-05,0.015404144366680361,0.06002650334873394,29.062,2022.0,1.0,2022Q1,2022-03-31,2022-06-01,conservative_proxy_Q1_Jun1_Q2_Sep1_Q3_Dec1_Q4_next_Apr1,data/raw/mops_financials/6274_2022_Q1_C.html,https://mopsov.twse.com.tw/server-java/t164sb01?step=1&CO_ID=6274&SYEAR=2022&SSEASON=1&REPORT_ID=C,5023.823,3989.088,1034.735,494.641,540.094,557.619,145.327,412.292,4915.312,6828.085,3208.304,4375.331,22531.853,287.805,4719.218,1743.335,1794.86,11406.677,11125.176,120.677,-33.718,20.59656560352544,10.75065741766778,0.1423897093594566,0.1941842510689201,0.3030414320562095,0.2181494793171249,0.1698040547308736,0.0014964592570349,0.0053558400190166,0.0101629714045075,0.2235044666266243,0.2309392032129493
2022-06-01,1489451,data/raw/mops_monthly/t21sc03_111_6_0.html,台燿,MOPS OTC historical monthly revenue HTML,1.489451,-0.1021475624870396,-0.2034872310444313,2022,6,True,2022-06-01,2022-07-16,2022-07-10,3427066.0,2531425.0,3.427066,1.2317045015339854,0.012194239494072168,-0.016521658777755355,2.531425,0.9287823852854119,-0.09546931579507789,0.03280470987588835,-0.04163753815050286,5.958491,1.784817261100323,29.632,2022-07-05,0.001182552285704741,0.06601431809188041,29.459000000000003,2022.0,1.0,2022Q1,2022-03-31,2022-06-01,conservative_proxy_Q1_Jun1_Q2_Sep1_Q3_Dec1_Q4_next_Apr1,data/raw/mops_financials/6274_2022_Q1_C.html,https://mopsov.twse.com.tw/server-java/t164sb01?step=1&CO_ID=6274&SYEAR=2022&SSEASON=1&REPORT_ID=C,5023.823,3989.088,1034.735,494.641,540.094,557.619,145.327,412.292,4915.312,6828.085,3208.304,4375.331,22531.853,287.805,4719.218,1743.335,1794.86,11406.677,11125.176,120.677,-33.718,20.59656560352544,10.75065741766778,0.1423897093594566,0.1941842510689201,0.3030414320562095,0.2181494793171249,0.1698040547308736,0.0014964592570349,0.0053558400190166,0.0101629714045075,0.2235044666266243,0.2309392032129493
2022-07-01,1541013,data/raw/mops_monthly/t21sc03_111_7_0.html,台燿,MOPS OTC historical monthly revenue HTML,1.541013,0.03461812439617,-0.2009655738843945,2022,7,True,2022-07-01,2022-08-16,2022-08-10,3295478.0,2203124.0,3.295478,1.1925512257183652,-0.07316726074730973,-0.03839669268114465,2.203124,0.7898763531176841,-0.2536731577299933,-0.12969019425817485,-0.16342020923865153,5.498602,1.7044938781105698,29.866,2022-08-05,0.007896868250539812,0.06660476411556715,29.698333333333334,2022.0,1.0,2022Q1,2022-03-31,2022-06-01,conservative_proxy_Q1_Jun1_Q2_Sep1_Q3_Dec1_Q4_next_Apr1,data/raw/mops_financials/6274_2022_Q1_C.html,https://mopsov.twse.com.tw/server-java/t164sb01?step=1&CO_ID=6274&SYEAR=2022&SSEASON=1&REPORT_ID=C,5023.823,3989.088,1034.735,494.641,540.094,557.619,145.327,412.292,4915.312,6828.085,3208.304,4375.331,22531.853,287.805,4719.218,1743.335,1794.86,11406.677,11125.176,120.677,-33.718,20.59656560352544,10.75065741766778,0.1423897093594566,0.1941842510689201,0.3030414320562095,0.2181494793171249,0.1698040547308736,0.0014964592570349,0.0053558400190166,0.0101629714045075,0.2235044666266243,0.2309392032129493
2022-08-01,1483968,data/raw/mops_monthly/t21sc03_111_8_0.html,台燿,MOPS OTC historical monthly revenue HTML,1.483968,-0.0370178577338413,-0.2373120735485488,2022,8,True,2022-08-01,2022-09-16,2022-09-10,3233476.0,2055410.0,3.233476,1.1735577195791453,-0.12188757959353158,-0.018814266094326904,2.05541,0.7204753414300452,-0.35094167313753466,-0.06704751979461876,-0.23641462636553312,5.288886,1.6656076376825184,30.089,2022-09-05,0.007466684524208178,0.0793098500609799,29.86233333333333,2022.0,2.0,2022Q2,2022-06-30,2022-09-01,conservative_proxy_Q1_Jun1_Q2_Sep1_Q3_Dec1_Q4_next_Apr1,data/raw/mops_financials/6274_2022_Q2_C.html,https://mopsov.twse.com.tw/server-java/t164sb01?step=1&CO_ID=6274&SYEAR=2022&SSEASON=2&REPORT_ID=C,9813.619,7969.321,1844.298,975.394,868.904,897.077,195.323,701.754,4746.982,6224.215,2925.086,4305.389,20573.151,293.438,4047.095,0.0,1355.526,9287.675,11285.476,673.985,-84.424,18.793250481804925,8.854062909921405,0.1421797759613974,0.2092722208668958,0.3025406754658049,0.2307367500486434,0.0801512612239126,0.0041036008533646,0.0327604167198306,0.0027571583521424,0.1189597079237614,-0.0390999036045477
2022-09-01,1490297,data/raw/mops_monthly/t21sc03_111_9_0.html,台燿,MOPS OTC historical monthly revenue HTML,1.490297,0.0042649167637038,-0.170193384362766,2022,9,True,2022-09-01,2022-10-16,2022-10-10,3353900.0,2092450.0,3.3539,1.2101238478104426,-0.05219042666832463,0.037242892787823445,2.09245,0.7383356282334019,-0.25815192631615147,0.01802073552235317,-0.15517117649223805,5.44635,1.6949456595386951,31.242,2022-10-05,0.03831965169995688,0.12636550456069529,30.399,2022.0,2.0,2022Q2,2022-06-30,2022-09-01,conservative_proxy_Q1_Jun1_Q2_Sep1_Q3_Dec1_Q4_next_Apr1,data/raw/mops_financials/6274_2022_Q2_C.html,https://mopsov.twse.com.tw/server-java/t164sb01?step=1&CO_ID=6274&SYEAR=2022&SSEASON=2&REPORT_ID=C,9813.619,7969.321,1844.298,975.394,868.904,897.077,195.323,701.754,4746.982,6224.215,2925.086,4305.389,20573.151,293.438,4047.095,0.0,1355.526,9287.675,11285.476,673.985,-84.424,18.793250481804925,8.854062909921405,0.1421797759613974,0.2092722208668958,0.3025406754658049,0.2307367500486434,0.0801512612239126,0.0041036008533646,0.0327604167198306,0.0027571583521424,0.1189597079237614,-0.0390999036045477
2022-10-01,1327315,data/raw/mops_monthly/t21sc03_111_10_0.html,台燿,MOPS OTC historical monthly revenue HTML,1.327315,-0.1093620935961087,-0.2211607407955066,2022,10,True,2022-10-01,2022-11-16,2022-11-10,3144165.0,2099872.0,3.144165,1.1455483541059155,-0.10197555011107617,-0.06253466114076145,2.099872,0.741876390490753,-0.21592910969671042,0.003547038161007432,-0.1589523299038933,5.2440370000000005,1.6570916215592473,31.969,2022-11-05,0.023269957109020023,0.14395620124525865,31.099999999999998,2022.0,2.0,2022Q2,2022-06-30,2022-09-01,conservative_proxy_Q1_Jun1_Q2_Sep1_Q3_Dec1_Q4_next_Apr1,data/raw/mops_financials/6274_2022_Q2_C.html,https://mopsov.twse.com.tw/server-java/t164sb01?step=1&CO_ID=6274&SYEAR=2022&SSEASON=2&REPORT_ID=C,9813.619,7969.321,1844.298,975.394,868.904,897.077,195.323,701.754,4746.982,6224.215,2925.086,4305.389,20573.151,293.438,4047.095,0.0,1355.526,9287.675,11285.476,673.985,-84.424,18.793250481804925,8.854062909921405,0.1421797759613974,0.2092722208668958,0.3025406754658049,0.2307367500486434,0.0801512612239126,0.0041036008533646,0.0327604167198306,0.0027571583521424,0.1189597079237614,-0.0390999036045477
2022-11-01,1473019,data/raw/mops_monthly/t21sc03_111_11_0.html,台燿,MOPS OTC historical monthly revenue HTML,1.473019,0.1097734900908977,-0.1822957375564002,2022,11,True,2022-11-01,2022-12-16,2022-12-10,3026947.0,2411035.0,3.026947,1.1075545208013933,-0.10810793291039178,-0.03728112233295655,2.411035,0.8800561158916754,-0.07098518067553927,0.14818188918181674,-0.08954655679296553,5.437982,1.6934080361643447,31.462,2022-12-05,-0.015859113516218937,0.13099432022431512,31.557666666666666,2022.0,3.0,2022Q3,2022-09-30,2022-12-01,conservative_proxy_Q1_Jun1_Q2_Sep1_Q3_Dec1_Q4_next_Apr1,data/raw/mops_financials/6274_2022_Q3_C.html,https://mopsov.twse.com.tw/server-java/t164sb01?step=1&CO_ID=6274&SYEAR=2022&SSEASON=3&REPORT_ID=C,14328.897,11767.509,2561.388,1430.858,1130.53,1247.837,276.078,971.759,4533.774,5905.69,2186.676,4312.042,19790.952,173.038,3259.325,0.0,1250.847,8137.761,11653.191,1255.866,-161.64,17.875681568511517,7.889860608251981,0.1104886717930496,0.2178794633022201,0.2984035330892621,0.2290831689147646,0.0719462610995165,0.0081673686035921,0.0634565734887336,0.0187228666090844,-0.256896138651714,-0.1631091743552195
2022-12-01,1342897,data/raw/mops_monthly/t21sc03_111_12_0.html,台燿,MOPS OTC historical monthly revenue HTML,1.342897,-0.0883369460950606,-0.2619457985941269,2022,12,True,2022-12-01,2023-01-16,2023-01-10,2716460.0,2346873.0,2.71646,0.9993295620712852,-0.1700072596789608,-0.10257431002260686,2.346873,0.8530838037729288,-0.14727102879124299,-0.02661180779208927,-0.1586391442351019,5.063333,1.6220249621067848,30.671,2023-01-05,-0.02514144046786604,0.10482331328122196,31.367333333333335,2022.0,3.0,2022Q3,2022-09-30,2022-12-01,conservative_proxy_Q1_Jun1_Q2_Sep1_Q3_Dec1_Q4_next_Apr1,data/raw/mops_financials/6274_2022_Q3_C.html,https://mopsov.twse.com.tw/server-java/t164sb01?step=1&CO_ID=6274&SYEAR=2022&SSEASON=3&REPORT_ID=C,14328.897,11767.509,2561.388,1430.858,1130.53,1247.837,276.078,971.759,4533.774,5905.69,2186.676,4312.042,19790.952,173.038,3259.325,0.0,1250.847,8137.761,11653.191,1255.866,-161.64,17.875681568511517,7.889860608251981,0.1104886717930496,0.2178794633022201,0.2984035330892621,0.2290831689147646,0.0719462610995165,0.0081673686035921,0.0634565734887336,0.0187228666090844,-0.256896138651714,-0.1631091743552195
2023-01-01,1083168,data/raw/mops_monthly/t21sc03_112_1_0.html,台燿,MOPS OTC historical monthly revenue HTML,1.083168,-0.1934094722082185,-0.4056345664000211,2023,1,True,2023-01-01,2023-02-16,2023-02-10,2197369.0,1956474.0,2.197369,0.7872607356034432,-0.38238279259444763,-0.19109097870022007,1.956474,0.6711438735434853,-0.36831511760020474,-0.1663485838390062,-0.3753489550973262,4.153843,1.42403392984319,30.453,2023-02-05,-0.007107691304489627,0.1002601344027747,30.862,2022.0,3.0,2022Q3,2022-09-30,2022-12-01,conservative_proxy_Q1_Jun1_Q2_Sep1_Q3_Dec1_Q4_next_Apr1,data/raw/mops_financials/6274_2022_Q3_C.html,https://mopsov.twse.com.tw/server-java/t164sb01?step=1&CO_ID=6274&SYEAR=2022&SSEASON=3&REPORT_ID=C,14328.897,11767.509,2561.388,1430.858,1130.53,1247.837,276.078,971.759,4533.774,5905.69,2186.676,4312.042,19790.952,173.038,3259.325,0.0,1250.847,8137.761,11653.191,1255.866,-161.64,17.875681568511517,7.889860608251981,0.1104886717930496,0.2178794633022201,0.2984035330892621,0.2290831689147646,0.0719462610995165,0.0081673686035921,0.0634565734887336,0.0187228666090844,-0.256896138651714,-0.1631091743552195
2023-02-01,1255319,data/raw/mops_monthly/t21sc03_112_2_0.html,台燿,MOPS OTC historical monthly revenue HTML,1.255319,0.158932870985849,-0.1431176040147879,2023,2,True,2023-02-01,2023-03-16,2023-03-10,2365259.0,2063298.0,2.365259,0.8608875296897761,-0.189359599090537,0.07640500980945841,2.063298,0.7243056734875868,-0.1458862334096943,0.054600265579813456,-0.16762291625011566,4.428557,1.4880737973600093,30.179,2023-03-05,-0.008997471513479849,0.08242172088519051,30.43433333333333,2022.0,3.0,2022Q3,2022-09-30,2022-12-01,conservative_proxy_Q1_Jun1_Q2_Sep1_Q3_Dec1_Q4_next_Apr1,data/raw/mops_financials/6274_2022_Q3_C.html,https://mopsov.twse.com.tw/server-java/t164sb01?step=1&CO_ID=6274&SYEAR=2022&SSEASON=3&REPORT_ID=C,14328.897,11767.509,2561.388,1430.858,1130.53,1247.837,276.078,971.759,4533.774,5905.69,2186.676,4312.042,19790.952,173.038,3259.325,0.0,1250.847,8137.761,11653.191,1255.866,-161.64,17.875681568511517,7.889860608251981,0.1104886717930496,0.2178794633022201,0.2984035330892621,0.2290831689147646,0.0719462610995165,0.0081673686035921,0.0634565734887336,0.0187228666090844,-0.256896138651714,-0.1631091743552195
2023-03-01,1314268,data/raw/mops_monthly/t21sc03_112_3_0.html,台燿,MOPS OTC historical monthly revenue HTML,1.314268,0.0469593784528075,-0.2431271937780925,2023,3,True,2023-03-01,2023-04-16,2023-04-10,2796687.0,2238666.0,2.796687,1.0284355023447653,-0.18770759777354118,0.1824020117881382,2.238666,0.8058801527508329,-0.18800976855007112,0.0849940241303,-0.18785868316180615,5.035353,1.6164836329483405,30.559,2023-04-05,0.01259153716160255,0.07446995534615519,30.397000000000002,2022.0,4.0,2022Q4,2022-12-31,2023-04-01,conservative_proxy_Q1_Jun1_Q2_Sep1_Q3_Dec1_Q4_next_Apr1,data/raw/mops_financials/6274_2022_Q4_C.html,https://mopsov.twse.com.tw/server-java/t164sb01?step=1&CO_ID=6274&SYEAR=2022&SSEASON=4&REPORT_ID=C,18472.128,15066.947,3405.181,1907.581,1497.6,1620.963,359.539,1261.424,5890.505,5608.825,1965.339,4286.557,19762.525,61.42,3268.531,0.0,1146.168,7904.245,11858.28,2325.702,-259.001,18.434156584449827,8.107349624255527,0.0994477679345124,0.2169033056251668,0.2838111526740636,0.2980643920754053,0.0611049448387794,0.0131056633704448,0.1176824317742798,-0.0076807934558964,-0.3121251247323788,-0.1613540047305955
2023-04-01,1202371,data/raw/mops_monthly/t21sc03_112_4_0.html,台燿,MOPS OTC historical monthly revenue HTML,1.202371,-0.0851401692805424,-0.267490576877268,2023,4,True,2023-04-01,2023-05-16,2023-05-10,2803603.0,1929402.0,2.803603,1.0309053756962494,-0.0873010757308812,0.0024729260013722776,1.929402,0.6572101103454655,-0.2760546331667493,-0.1381465569227387,-0.18167785444881523,4.733005,1.5545603073359764,30.569,2023-05-05,0.0003272358388690666,0.04875120076849182,30.435666666666663,2022.0,4.0,2022Q4,2022-12-31,2023-04-01,conservative_proxy_Q1_Jun1_Q2_Sep1_Q3_Dec1_Q4_next_Apr1,data/raw/mops_financials/6274_2022_Q4_C.html,https://mopsov.twse.com.tw/server-java/t164sb01?step=1&CO_ID=6274&SYEAR=2022&SSEASON=4&REPORT_ID=C,18472.128,15066.947,3405.181,1907.581,1497.6,1620.963,359.539,1261.424,5890.505,5608.825,1965.339,4286.557,19762.525,61.42,3268.531,0.0,1146.168,7904.245,11858.28,2325.702,-259.001,18.434156584449827,8.107349624255527,0.0994477679345124,0.2169033056251668,0.2838111526740636,0.2980643920754053,0.0611049448387794,0.0131056633704448,0.1176824317742798,-0.0076807934558964,-0.3121251247323788,-0.1613540047305955
2023-05-01,1347897,data/raw/mops_monthly/t21sc03_112_5_0.html,台燿,MOPS OTC historical monthly revenue HTML,1.347897,0.1210325265662592,-0.1874773947136181,2023,5,True,2023-05-01,2023-06-16,2023-06-10,3150805.0,1716842.0,3.150805,1.1476579757443386,-0.09580134292285158,0.12384135699669319,1.716842,0.540486556714347,-0.29953978343709975,-0.11016885024479095,-0.19767056317997567,4.867647,1.582610658116364,30.734,2023-06-05,0.005397625044980314,0.03841605568131912,30.620666666666665,2023.0,1.0,2023Q1,2023-03-31,2023-06-01,conservative_proxy_Q1_Jun1_Q2_Sep1_Q3_Dec1_Q4_next_Apr1,data/raw/mops_financials/6274_2023_Q1_C.html,https://mopsov.twse.com.tw/server-java/t164sb01?step=1&CO_ID=6274&SYEAR=2023&SSEASON=1&REPORT_ID=C,3652.755,2977.61,675.145,442.325,232.82,289.246,495.594,-206.348,6549.435,4965.985,1806.262,4220.149,19326.929,4.43,2973.136,0.0,1041.489,8716.805,10610.124,495.956,-32.352,18.48317229050401,6.373819213169238,0.0934583036963606,0.2183559012401815,0.2569464088164239,0.3388761349513934,0.0541171854048824,0.0016739338153516,0.025661397110736,-0.0354674880597604,-0.4370040993621552,-0.2727118950628178
2023-06-01,1206388,data/raw/mops_monthly/t21sc03_112_6_0.html,台燿,MOPS OTC historical monthly revenue HTML,1.206388,-0.1049850248201457,-0.1900451911476107,2023,6,True,2023-06-01,2023-07-16,2023-07-10,3225606.0,1785508.0,3.225606,1.1711208395721753,-0.058784978170831836,0.02374028224533098,1.785508,0.579702968579993,-0.29466288750407377,0.0399955266704799,-0.1767239328374528,5.011114,1.6116582456689212,30.824,2023-07-05,0.0029283529641439543,0.04022678185745132,30.709000000000003,2023.0,1.0,2023Q1,2023-03-31,2023-06-01,conservative_proxy_Q1_Jun1_Q2_Sep1_Q3_Dec1_Q4_next_Apr1,data/raw/mops_financials/6274_2023_Q1_C.html,https://mopsov.twse.com.tw/server-java/t164sb01?step=1&CO_ID=6274&SYEAR=2023&SSEASON=1&REPORT_ID=C,3652.755,2977.61,675.145,442.325,232.82,289.246,495.594,-206.348,6549.435,4965.985,1806.262,4220.149,19326.929,4.43,2973.136,0.0,1041.489,8716.805,10610.124,495.956,-32.352,18.48317229050401,6.373819213169238,0.0934583036963606,0.2183559012401815,0.2569464088164239,0.3388761349513934,0.0541171854048824,0.0016739338153516,0.025661397110736,-0.0354674880597604,-0.4370040993621552,-0.2727118950628178
2023-07-01,1296055,data/raw/mops_monthly/t21sc03_112_7_0.html,台燿,MOPS OTC historical monthly revenue HTML,1.296055,0.0743268334897229,-0.1589590743231886,2023,7,True,2023-07-01,2023-08-16,2023-08-10,3645947.0,2062398.0,3.645947,1.2936161396724832,0.10634845688546535,0.13031380770001055,2.062398,0.7238693834583281,-0.06387566019888113,0.15507631441584113,0.021236398343292107,5.708345,1.741929139273711,31.203,2023-08-05,0.012295613807422612,0.04476662425500577,30.920333333333332,2023.0,1.0,2023Q1,2023-03-31,2023-06-01,conservative_proxy_Q1_Jun1_Q2_Sep1_Q3_Dec1_Q4_next_Apr1,data/raw/mops_financials/6274_2023_Q1_C.html,https://mopsov.twse.com.tw/server-java/t164sb01?step=1&CO_ID=6274&SYEAR=2023&SSEASON=1&REPORT_ID=C,3652.755,2977.61,675.145,442.325,232.82,289.246,495.594,-206.348,6549.435,4965.985,1806.262,4220.149,19326.929,4.43,2973.136,0.0,1041.489,8716.805,10610.124,495.956,-32.352,18.48317229050401,6.373819213169238,0.0934583036963606,0.2183559012401815,0.2569464088164239,0.3388761349513934,0.0541171854048824,0.0016739338153516,0.025661397110736,-0.0354674880597604,-0.4370040993621552,-0.2727118950628178
2023-08-01,1382764,data/raw/mops_monthly/t21sc03_112_8_0.html,台燿,MOPS OTC historical monthly revenue HTML,1.382764,0.0669022533765928,-0.0681982360805623,2023,8,True,2023-08-01,2023-09-16,2023-09-10,3891346.0,2278819.0,3.891346,1.358755113204988,0.20345597122106374,0.06730734154939721,2.278819,0.8236573263109527,0.1086931561099731,0.10493658353043389,0.15607456366551842,6.170165,1.8197255798611862,31.829,2023-09-05,0.020062173508957448,0.05782844228787942,31.28533333333333,2023.0,2.0,2023Q2,2023-06-30,2023-09-01,conservative_proxy_Q1_Jun1_Q2_Sep1_Q3_Dec1_Q4_next_Apr1,data/raw/mops_financials/6274_2023_Q2_C.html,https://mopsov.twse.com.tw/server-java/t164sb01?step=1&CO_ID=6274&SYEAR=2023&SSEASON=2&REPORT_ID=C,7409.411,6051.719,1357.692,865.339,492.353,572.357,510.419,61.938,4009.713,4983.387,1653.37,4513.94,17515.104,150.0,3061.186,461.221,1536.811,6858.766,10656.338,869.097,-438.221,18.32388566378623,6.64496813579379,0.0943968131733616,0.2577169967132367,0.2845194067931312,0.2289288719039293,0.1226388378852903,0.0250196059355399,0.049619859522387,0.048439525441255,-0.4347619181111256,-0.1993549387352462
2023-09-01,1499206,data/raw/mops_monthly/t21sc03_112_9_0.html,台燿,MOPS OTC historical monthly revenue HTML,1.499206,0.0842095975885979,0.0059780030423466,2023,9,True,2023-09-01,2023-10-16,2023-10-10,4337243.0,2311510.0,4.337243,1.4672388927971232,0.293193893676019,0.11458682933874287,2.31151,0.8379009906318966,0.1046906736122728,0.014345588657984853,0.1989422836441459,6.648753,1.8944293182869225,32.032,2023-10-05,0.006377831537277112,0.025286473337174264,31.688,2023.0,2.0,2023Q2,2023-06-30,2023-09-01,conservative_proxy_Q1_Jun1_Q2_Sep1_Q3_Dec1_Q4_next_Apr1,data/raw/mops_financials/6274_2023_Q2_C.html,https://mopsov.twse.com.tw/server-java/t164sb01?step=1&CO_ID=6274&SYEAR=2023&SSEASON=2&REPORT_ID=C,7409.411,6051.719,1357.692,865.339,492.353,572.357,510.419,61.938,4009.713,4983.387,1653.37,4513.94,17515.104,150.0,3061.186,461.221,1536.811,6858.766,10656.338,869.097,-438.221,18.32388566378623,6.64496813579379,0.0943968131733616,0.2577169967132367,0.2845194067931312,0.2289288719039293,0.1226388378852903,0.0250196059355399,0.049619859522387,0.048439525441255,-0.4347619181111256,-0.1993549387352462
2023-10-01,1405990,data/raw/mops_monthly/t21sc03_112_10_0.html,台燿,MOPS OTC historical monthly revenue HTML,1.40599,-0.0621769123122506,0.0592737971016676,2023,10,True,2023-10-01,2023-11-16,2023-11-10,4348694.0,2332841.0,4.348694,1.4698755701375206,0.38309980551275147,0.0026401564311706593,2.332841,0.8470868381235719,0.11094438137181695,0.009228166869275967,0.2470220934422842,6.681535,1.8993477515699415,32.302,2023-11-05,0.00842907092907108,0.010416340830179172,32.05433333333333,2023.0,2.0,2023Q2,2023-06-30,2023-09-01,conservative_proxy_Q1_Jun1_Q2_Sep1_Q3_Dec1_Q4_next_Apr1,data/raw/mops_financials/6274_2023_Q2_C.html,https://mopsov.twse.com.tw/server-java/t164sb01?step=1&CO_ID=6274&SYEAR=2023&SSEASON=2&REPORT_ID=C,7409.411,6051.719,1357.692,865.339,492.353,572.357,510.419,61.938,4009.713,4983.387,1653.37,4513.94,17515.104,150.0,3061.186,461.221,1536.811,6858.766,10656.338,869.097,-438.221,18.32388566378623,6.64496813579379,0.0943968131733616,0.2577169967132367,0.2845194067931312,0.2289288719039293,0.1226388378852903,0.0250196059355399,0.049619859522387,0.048439525441255,-0.4347619181111256,-0.1993549387352462
2023-11-01,1574501,data/raw/mops_monthly/t21sc03_112_11_0.html,台燿,MOPS OTC historical monthly revenue HTML,1.574501,0.1198522037852329,0.0688938839213886,2023,11,True,2023-11-01,2023-12-16,2023-12-10,4224837.0,2254096.0,4.224837,1.4409806801832576,0.3957419802857467,-0.028481424538033706,2.254096,0.8127490056600392,-0.06509196258038552,-0.033754979443519795,0.1653250088526806,6.478933,1.8685558363123287,31.925,2023-12-05,-0.011671103956411355,0.014716165533023906,32.086333333333336,2023.0,3.0,2023Q3,2023-09-30,2023-12-01,conservative_proxy_Q1_Jun1_Q2_Sep1_Q3_Dec1_Q4_next_Apr1,data/raw/mops_financials/6274_2023_Q3_C.html,https://mopsov.twse.com.tw/server-java/t164sb01?step=1&CO_ID=6274&SYEAR=2023&SSEASON=3&REPORT_ID=C,11587.437,9391.912,2195.525,1291.013,904.512,1045.926,614.647,431.279,4624.051,5747.096,2196.557,4571.145,19119.167,150.0,3958.941,462.322,1432.132,7679.925,11439.242,828.616,-523.709,18.947460081120614,7.805971242820996,0.1148876935904163,0.2390870376308758,0.3005934306656769,0.2418542083972591,0.1069321691682488,0.0273918314537448,0.0433395450753686,0.0600882366173614,0.0045187307127347,-0.0268544403786856
2023-12-01,1434115,data/raw/mops_monthly/t21sc03_112_12_0.html,台燿,MOPS OTC historical monthly revenue HTML,1.434115,-0.0891622171087854,0.0679262817624881,2023,12,True,2023-12-01,2024-01-16,2024-01-10,4307784.0,2153553.0,4.307784,1.4604236187613606,0.5858080001178003,0.019633183481398087,2.153553,0.7671190363073923,-0.08237343903994798,-0.044604577622248565,0.25171728053892617,6.461337,1.8658362623242866,31.282,2024-01-05,-0.02014095536413474,0.019921098105702528,31.83633333333334,2023.0,3.0,2023Q3,2023-09-30,2023-12-01,conservative_proxy_Q1_Jun1_Q2_Sep1_Q3_Dec1_Q4_next_Apr1,data/raw/mops_financials/6274_2023_Q3_C.html,https://mopsov.twse.com.tw/server-java/t164sb01?step=1&CO_ID=6274&SYEAR=2023&SSEASON=3&REPORT_ID=C,11587.437,9391.912,2195.525,1291.013,904.512,1045.926,614.647,431.279,4624.051,5747.096,2196.557,4571.145,19119.167,150.0,3958.941,462.322,1432.132,7679.925,11439.242,828.616,-523.709,18.947460081120614,7.805971242820996,0.1148876935904163,0.2390870376308758,0.3005934306656769,0.2418542083972591,0.1069321691682488,0.0273918314537448,0.0433395450753686,0.0600882366173614,0.0045187307127347,-0.0268544403786856
2024-01-01,1496705,data/raw/mops_monthly/t21sc03_113_1_0.html,台燿,MOPS OTC historical monthly revenue HTML,1.496705,0.0436436408516749,0.3817847277615291,2024,1,True,2024-01-01,2024-02-16,2024-02-10,4484687.0,2302918.0,4.484687,1.5006687048926193,1.0409348634662634,0.04106589374026193,2.302918,0.8341770144729946,0.1770756984248194,0.06935747576214757,0.6090052809455414,6.787605,1.9150981547536603,31.221,2024-02-05,-0.0019500031967265574,0.025219190227563804,31.476,2023.0,3.0,2023Q3,2023-09-30,2023-12-01,conservative_proxy_Q1_Jun1_Q2_Sep1_Q3_Dec1_Q4_next_Apr1,data/raw/mops_financials/6274_2023_Q3_C.html,https://mopsov.twse.com.tw/server-java/t164sb01?step=1&CO_ID=6274&SYEAR=2023&SSEASON=3&REPORT_ID=C,11587.437,9391.912,2195.525,1291.013,904.512,1045.926,614.647,431.279,4624.051,5747.096,2196.557,4571.145,19119.167,150.0,3958.941,462.322,1432.132,7679.925,11439.242,828.616,-523.709,18.947460081120614,7.805971242820996,0.1148876935904163,0.2390870376308758,0.3005934306656769,0.2418542083972591,0.1069321691682488,0.0273918314537448,0.0433395450753686,0.0600882366173614,0.0045187307127347,-0.0268544403786856
2024-02-01,1185857,data/raw/mops_monthly/t21sc03_113_2_0.html,台燿,MOPS OTC historical monthly revenue HTML,1.185857,-0.2076882217938739,-0.0553341421582881,2024,2,True,2024-02-01,2024-03-16,2024-03-10,3764058.0,1722055.0,3.764058,1.3254976307436273,0.5913935852268186,-0.1606865763430091,1.722055,0.543518345100591,-0.165387161718763,-0.25222912843618406,0.2130032117540278,5.486113,1.7022199901888047,31.437,2024-03-05,0.00691842029403289,0.0416846151297261,31.313333333333333,2023.0,3.0,2023Q3,2023-09-30,2023-12-01,conservative_proxy_Q1_Jun1_Q2_Sep1_Q3_Dec1_Q4_next_Apr1,data/raw/mops_financials/6274_2023_Q3_C.html,https://mopsov.twse.com.tw/server-java/t164sb01?step=1&CO_ID=6274&SYEAR=2023&SSEASON=3&REPORT_ID=C,11587.437,9391.912,2195.525,1291.013,904.512,1045.926,614.647,431.279,4624.051,5747.096,2196.557,4571.145,19119.167,150.0,3958.941,462.322,1432.132,7679.925,11439.242,828.616,-523.709,18.947460081120614,7.805971242820996,0.1148876935904163,0.2390870376308758,0.3005934306656769,0.2418542083972591,0.1069321691682488,0.0273918314537448,0.0433395450753686,0.0600882366173614,0.0045187307127347,-0.0268544403786856
2024-03-01,1750773,data/raw/mops_monthly/t21sc03_113_3_0.html,台燿,MOPS OTC historical monthly revenue HTML,1.750773,0.4763778431969454,0.3321278460709687,2024,3,True,2024-03-01,2024-04-16,2024-04-10,4653730.0,2129712.0,4.65373,1.5376690485861002,0.6640153152640966,0.23635980104451115,2.129712,0.7559867593118607,-0.04866916279605793,0.23672704994904348,0.30767307623401935,6.783442000000001,1.9144846427482007,31.688,2024-04-05,0.007984222413079944,0.03694492620831835,31.448666666666668,2023.0,4.0,2023Q4,2023-12-31,2024-04-01,conservative_proxy_Q1_Jun1_Q2_Sep1_Q3_Dec1_Q4_next_Apr1,data/raw/mops_financials/6274_2023_Q4_C.html,https://mopsov.twse.com.tw/server-java/t164sb01?step=1&CO_ID=6274&SYEAR=2023&SSEASON=4&REPORT_ID=C,16002.537,12843.562,3158.975,1734.648,1424.327,1549.905,726.47,823.435,4958.245,5936.439,2061.458,4520.052,19419.632,184.684,3787.266,463.422,1642.453,7840.11,11579.522,1119.589,-575.078,19.740463652732064,8.900632443468183,0.106153298888465,0.2327568308194511,0.3056926619412767,0.2553212645842104,0.1179506903117422,0.0296132285102003,0.0576524313128075,0.0544714557627485,0.0489070842231289,0.058410451386877
2024-04-01,1822102,data/raw/mops_monthly/t21sc03_113_4_0.html,台燿,MOPS OTC historical monthly revenue HTML,1.822102,0.0407414324986734,0.5154241078668731,2024,4,True,2024-04-01,2024-05-16,2024-05-10,5060127.0,2293291.0,5.060127,1.6213915817986333,0.8048657388367753,0.08732715477692077,2.293291,0.829987903804442,0.18860196060748358,0.07680803789432566,0.4967338497221294,7.353418,1.9951652391435444,32.352,2024-05-05,0.020954304468568496,0.05832706336484672,31.825666666666663,2023.0,4.0,2023Q4,2023-12-31,2024-04-01,conservative_proxy_Q1_Jun1_Q2_Sep1_Q3_Dec1_Q4_next_Apr1,data/raw/mops_financials/6274_2023_Q4_C.html,https://mopsov.twse.com.tw/server-java/t164sb01?step=1&CO_ID=6274&SYEAR=2023&SSEASON=4&REPORT_ID=C,16002.537,12843.562,3158.975,1734.648,1424.327,1549.905,726.47,823.435,4958.245,5936.439,2061.458,4520.052,19419.632,184.684,3787.266,463.422,1642.453,7840.11,11579.522,1119.589,-575.078,19.740463652732064,8.900632443468183,0.106153298888465,0.2327568308194511,0.3056926619412767,0.2553212645842104,0.1179506903117422,0.0296132285102003,0.0576524313128075,0.0544714557627485,0.0489070842231289,0.058410451386877
2024-05-01,1940296,data/raw/mops_monthly/t21sc03_113_5_0.html,台燿,MOPS OTC historical monthly revenue HTML,1.940296,0.0648668406049715,0.4394987154062959,2024,5,True,2024-05-01,2024-06-16,2024-06-10,5141963.0,2654422.0,5.141963,1.6374349131740904,0.6319521519103846,0.016172716613634508,2.654422,0.9762269285450733,0.5461073296203145,0.1574728196290831,0.5890297407653495,7.796384999999999,2.0536601647255908,32.325,2024-06-05,-0.0008345697329374957,0.05176677295503351,32.12166666666666,2024.0,1.0,2024Q1,2024-03-31,2024-06-01,conservative_proxy_Q1_Jun1_Q2_Sep1_Q3_Dec1_Q4_next_Apr1,data/raw/mops_financials/6274_2024_Q1_C.html,https://mopsov.twse.com.tw/server-java/t164sb01?step=1&CO_ID=6274&SYEAR=2024&SSEASON=1&REPORT_ID=C,4433.335,3421.42,1011.915,447.391,564.524,597.8,145.961,451.839,4676.725,6217.448,2364.802,4471.441,20069.965,150.0,3751.02,464.412,1537.774,8800.299,11269.666,-86.587,-12.263,22.82514179505948,12.733619273075462,0.1178279085190233,0.2227926655577127,0.3097886817440887,0.2330210839929218,0.1072341680715437,0.0006110125254329,-0.0043142576481822,0.0595457648533261,0.3092242432161005,0.2520070036458026
2024-06-01,1942367,data/raw/mops_monthly/t21sc03_113_6_0.html,台燿,MOPS OTC historical monthly revenue HTML,1.942367,0.0010673629178228,0.6100682367530181,2024,6,True,2024-06-01,2024-07-16,2024-07-10,5246479.0,2648205.0,5.246479,1.6575571849393722,0.6265095613041394,0.02032608947205583,2.648205,0.9738820519966558,0.48316613535195563,-0.0023421294730076037,0.5548378483280475,7.894684,2.0661896215740816,32.386,2024-07-05,0.0018870843000773352,0.05067479885803272,32.35433333333333,2024.0,1.0,2024Q1,2024-03-31,2024-06-01,conservative_proxy_Q1_Jun1_Q2_Sep1_Q3_Dec1_Q4_next_Apr1,data/raw/mops_financials/6274_2024_Q1_C.html,https://mopsov.twse.com.tw/server-java/t164sb01?step=1&CO_ID=6274&SYEAR=2024&SSEASON=1&REPORT_ID=C,4433.335,3421.42,1011.915,447.391,564.524,597.8,145.961,451.839,4676.725,6217.448,2364.802,4471.441,20069.965,150.0,3751.02,464.412,1537.774,8800.299,11269.666,-86.587,-12.263,22.82514179505948,12.733619273075462,0.1178279085190233,0.2227926655577127,0.3097886817440887,0.2330210839929218,0.1072341680715437,0.0006110125254329,-0.0043142576481822,0.0595457648533261,0.3092242432161005,0.2520070036458026
2024-07-01,2140634,data/raw/mops_monthly/t21sc03_113_7_0.html,台燿,MOPS OTC historical monthly revenue HTML,2.140634,0.1020749425829412,0.6516536721049646,2024,7,True,2024-07-01,2024-08-16,2024-08-10,5781766.0,2726264.0,5.781766,1.7547091723497463,0.5858063762309216,0.10202785525301827,2.726264,1.0029321737795718,0.32189034318303267,0.02947619236426191,0.4538483597069771,8.50803,2.141010423424863,32.65,2024-08-05,0.00815167047489651,0.04637374611415557,32.45366666666667,2024.0,1.0,2024Q1,2024-03-31,2024-06-01,conservative_proxy_Q1_Jun1_Q2_Sep1_Q3_Dec1_Q4_next_Apr1,data/raw/mops_financials/6274_2024_Q1_C.html,https://mopsov.twse.com.tw/server-java/t164sb01?step=1&CO_ID=6274&SYEAR=2024&SSEASON=1&REPORT_ID=C,4433.335,3421.42,1011.915,447.391,564.524,597.8,145.961,451.839,4676.725,6217.448,2364.802,4471.441,20069.965,150.0,3751.02,464.412,1537.774,8800.299,11269.666,-86.587,-12.263,22.82514179505948,12.733619273075462,0.1178279085190233,0.2227926655577127,0.3097886817440887,0.2330210839929218,0.1072341680715437,0.0006110125254329,-0.0043142576481822,0.0595457648533261,0.3092242432161005,0.2520070036458026
2024-08-01,2211638,data/raw/mops_monthly/t21sc03_113_8_0.html,台燿,MOPS OTC historical monthly revenue HTML,2.211638,0.0331696123671774,0.5994327303863856,2024,8,True,2024-08-01,2024-09-16,2024-09-10,5741209.0,2487284.0,5.741209,1.7476698153303856,0.4753786992983917,-0.007014638779916149,2.487284,0.9111913521094516,0.09147940226933327,-0.08765842192832396,0.2834290507838625,8.228493,2.1076028873511095,32.266,2024-09-05,-0.011761102603369045,0.013729617644286485,32.434,2024.0,2.0,2024Q2,2024-06-30,2024-09-01,conservative_proxy_Q1_Jun1_Q2_Sep1_Q3_Dec1_Q4_next_Apr1,data/raw/mops_financials/6274_2024_Q2_C.html,https://mopsov.twse.com.tw/server-java/t164sb01?step=1&CO_ID=6274&SYEAR=2024&SSEASON=2&REPORT_ID=C,10138.1,7763.466,2374.634,944.077,1430.557,1475.872,330.399,1145.473,5088.174,7733.123,2849.453,4413.173,23034.215,150.0,4749.84,1916.992,1733.095,10789.727,12244.488,-127.065,-43.615,23.4228701630483,14.11070121620422,0.123705235884965,0.1915920729228237,0.3357233142088844,0.2208963491918435,0.164975754546009,0.0018934875792381,-0.0055163590337243,-0.0223235133829868,0.7234212547705596,0.55178054604228
2024-09-01,2269814,data/raw/mops_monthly/t21sc03_113_9_0.html,台燿,MOPS OTC historical monthly revenue HTML,2.269814,0.0263044856346292,0.5140107496901694,2024,9,True,2024-09-01,2024-10-16,2024-10-10,5940565.0,2749315.0,5.940565,1.781804246696256,0.3696638625043607,0.03472369669872677,2.749315,1.011351789741096,0.18940216568390356,0.10534824330474546,0.2795330140941321,8.68988,2.162159130206122,31.976,2024-10-05,-0.008987789003905067,-0.0017482517482516613,32.297333333333334,2024.0,2.0,2024Q2,2024-06-30,2024-09-01,conservative_proxy_Q1_Jun1_Q2_Sep1_Q3_Dec1_Q4_next_Apr1,data/raw/mops_financials/6274_2024_Q2_C.html,https://mopsov.twse.com.tw/server-java/t164sb01?step=1&CO_ID=6274&SYEAR=2024&SSEASON=2&REPORT_ID=C,10138.1,7763.466,2374.634,944.077,1430.557,1475.872,330.399,1145.473,5088.174,7733.123,2849.453,4413.173,23034.215,150.0,4749.84,1916.992,1733.095,10789.727,12244.488,-127.065,-43.615,23.4228701630483,14.11070121620422,0.123705235884965,0.1915920729228237,0.3357233142088844,0.2208963491918435,0.164975754546009,0.0018934875792381,-0.0055163590337243,-0.0223235133829868,0.7234212547705596,0.55178054604228
2024-10-01,2030244,data/raw/mops_monthly/t21sc03_113_10_0.html,台燿,MOPS OTC historical monthly revenue HTML,2.030244,-0.1055460932041127,0.4439960454910774,2024,10,True,2024-10-01,2024-11-16,2024-11-10,5817800.0,2527870.0,5.8178,1.7609221834078868,0.3378269429856413,-0.020665542755613386,2.52787,0.9273770509117163,0.08360149705873643,-0.08054551770168206,0.21071422002218887,8.34567,2.1217428414882855,32.093,2024-11-05,0.0036589942456843882,-0.006470187604482591,32.11166666666667,2024.0,2.0,2024Q2,2024-06-30,2024-09-01,conservative_proxy_Q1_Jun1_Q2_Sep1_Q3_Dec1_Q4_next_Apr1,data/raw/mops_financials/6274_2024_Q2_C.html,https://mopsov.twse.com.tw/server-java/t164sb01?step=1&CO_ID=6274&SYEAR=2024&SSEASON=2&REPORT_ID=C,10138.1,7763.466,2374.634,944.077,1430.557,1475.872,330.399,1145.473,5088.174,7733.123,2849.453,4413.173,23034.215,150.0,4749.84,1916.992,1733.095,10789.727,12244.488,-127.065,-43.615,23.4228701630483,14.11070121620422,0.123705235884965,0.1915920729228237,0.3357233142088844,0.2208963491918435,0.164975754546009,0.0018934875792381,-0.0055163590337243,-0.0223235133829868,0.7234212547705596,0.55178054604228
2024-11-01,2260922,data/raw/mops_monthly/t21sc03_113_11_0.html,台燿,MOPS OTC historical monthly revenue HTML,2.260922,0.1136208258711759,0.4359609806535531,2024,11,True,2024-11-01,2024-12-16,2024-12-10,6336270.0,2700500.0,6.33627,1.8462902672405532,0.4997667365628544,0.08911787961084938,2.7005,0.9934369410508087,0.19804125467593203,0.06829069532847809,0.3489039956193932,9.03677,2.201301809671959,32.364,2024-12-05,0.008444209017542503,0.013750978856695184,32.144333333333336,2024.0,3.0,2024Q3,2024-09-30,2024-12-01,conservative_proxy_Q1_Jun1_Q2_Sep1_Q3_Dec1_Q4_next_Apr1,data/raw/mops_financials/6274_2024_Q3_C.html,https://mopsov.twse.com.tw/server-java/t164sb01?step=1&CO_ID=6274&SYEAR=2024&SSEASON=3&REPORT_ID=C,16760.187,12882.177,3878.01,1478.283,2399.727,2437.568,538.042,1899.526,6244.818,8797.929,3009.191,4392.598,24858.023,460.856,5430.059,1921.273,1628.417,11722.611,13135.412,-233.079,-90.903,23.138226321699157,14.318020437361469,0.1210551217206613,0.1767074557779595,0.3539271405453281,0.2512194151562254,0.1613380919311242,0.0036568877581294,-0.0093764093789759,-0.0390595791645201,0.3699580752969307,0.530847753369702
2024-12-01,2018859,data/raw/mops_monthly/t21sc03_113_12_0.html,台燿,MOPS OTC historical monthly revenue HTML,2.018859,-0.1070638438654671,0.4077385704772629,2024,12,True,2024-12-01,2025-01-16,2025-01-10,6410246.0,2435841.0,6.410246,1.8578976477312814,0.48806114698415715,0.011675007535979276,2.435841,0.8902920767814497,0.13108012665581015,-0.09800370301795969,0.30957063681998365,8.846087,2.1799752143514235,32.574,2025-01-05,0.00648869113830175,0.041301707051978775,32.343666666666664,2024.0,3.0,2024Q3,2024-09-30,2024-12-01,conservative_proxy_Q1_Jun1_Q2_Sep1_Q3_Dec1_Q4_next_Apr1,data/raw/mops_financials/6274_2024_Q3_C.html,https://mopsov.twse.com.tw/server-java/t164sb01?step=1&CO_ID=6274&SYEAR=2024&SSEASON=3&REPORT_ID=C,16760.187,12882.177,3878.01,1478.283,2399.727,2437.568,538.042,1899.526,6244.818,8797.929,3009.191,4392.598,24858.023,460.856,5430.059,1921.273,1628.417,11722.611,13135.412,-233.079,-90.903,23.138226321699157,14.318020437361469,0.1210551217206613,0.1767074557779595,0.3539271405453281,0.2512194151562254,0.1613380919311242,0.0036568877581294,-0.0093764093789759,-0.0390595791645201,0.3699580752969307,0.530847753369702
2025-01-01,2021128,data/raw/mops_monthly/t21sc03_114_1_0.html,台燿,MOPS OTC historical monthly revenue HTML,2.021128,0.0011239021645395,0.3503850124105954,2025,1,True,2025-01-01,2025-02-16,2025-02-10,6986221.0,2224926.0,6.986221,1.943939780582241,0.5577945573459195,0.08985224592004726,2.224926,0.7997236566381635,-0.03386659881072629,-0.08658816400577873,0.2619639792675966,9.211147,2.2204143810579944,32.881,2025-02-05,0.009424694541658951,0.05316934114858585,32.60633333333333,2024.0,3.0,2024Q3,2024-09-30,2024-12-01,conservative_proxy_Q1_Jun1_Q2_Sep1_Q3_Dec1_Q4_next_Apr1,data/raw/mops_financials/6274_2024_Q3_C.html,https://mopsov.twse.com.tw/server-java/t164sb01?step=1&CO_ID=6274&SYEAR=2024&SSEASON=3&REPORT_ID=C,16760.187,12882.177,3878.01,1478.283,2399.727,2437.568,538.042,1899.526,6244.818,8797.929,3009.191,4392.598,24858.023,460.856,5430.059,1921.273,1628.417,11722.611,13135.412,-233.079,-90.903,23.138226321699157,14.318020437361469,0.1210551217206613,0.1767074557779595,0.3539271405453281,0.2512194151562254,0.1613380919311242,0.0036568877581294,-0.0093764093789759,-0.0390595791645201,0.3699580752969307,0.530847753369702
2025-02-01,2153377,data/raw/mops_monthly/t21sc03_114_2_0.html,台燿,MOPS OTC historical monthly revenue HTML,2.153377,0.0654332630095668,0.8158825220916182,2025,2,True,2025-02-01,2025-03-16,2025-03-10,7029925.0,2394235.0,7.029925,1.950176037202364,0.8676452381977113,0.006255742553807009,2.394235,0.8730637643900468,0.39033596487917066,0.0760964634329413,0.628990601538441,9.42416,2.2432766046938,32.806,2025-03-05,-0.002280952525774871,0.04354741228488712,32.75366666666667,2024.0,3.0,2024Q3,2024-09-30,2024-12-01,conservative_proxy_Q1_Jun1_Q2_Sep1_Q3_Dec1_Q4_next_Apr1,data/raw/mops_financials/6274_2024_Q3_C.html,https://mopsov.twse.com.tw/server-java/t164sb01?step=1&CO_ID=6274&SYEAR=2024&SSEASON=3&REPORT_ID=C,16760.187,12882.177,3878.01,1478.283,2399.727,2437.568,538.042,1899.526,6244.818,8797.929,3009.191,4392.598,24858.023,460.856,5430.059,1921.273,1628.417,11722.611,13135.412,-233.079,-90.903,23.138226321699157,14.318020437361469,0.1210551217206613,0.1767074557779595,0.3539271405453281,0.2512194151562254,0.1613380919311242,0.0036568877581294,-0.0093764093789759,-0.0390595791645201,0.3699580752969307,0.530847753369702
2025-03-01,2194287,data/raw/mops_monthly/t21sc03_114_3_0.html,台燿,MOPS OTC historical monthly revenue HTML,2.194287,0.0189980667574698,0.2533246743010089,2025,3,True,2025-03-01,2025-04-16,2025-04-10,7668109.0,2960905.0,7.668109,2.0370700400015114,0.647733968236232,0.09078105385192581,2.960905,1.0854949648492715,0.39028422622401515,0.2366810275515978,0.5190090972301236,10.629014,2.363587431701767,32.984,2025-04-05,0.005425836737182443,0.04089876293865191,32.89033333333333,2024.0,4.0,2024Q4,2024-12-31,2025-04-01,conservative_proxy_Q1_Jun1_Q2_Sep1_Q3_Dec1_Q4_next_Apr1,data/raw/mops_financials/6274_2024_Q4_C.html,https://mopsov.twse.com.tw/server-java/t164sb01?step=1&CO_ID=6274&SYEAR=2024&SSEASON=4&REPORT_ID=C,23070.425,17728.872,5341.553,2009.683,3331.87,3377.634,773.266,2604.368,6280.003,8691.167,3189.127,4338.681,25877.883,543.36,5498.789,1925.555,1523.738,11540.855,14337.028,653.179,-125.637,23.15324923576397,14.442170007704668,0.1232375538601824,0.1676598120487676,0.3358530912285212,0.2426783906550624,0.1542882391113678,0.0048549952869019,0.025240820510704,-0.0401258658086234,0.5470249697059071,0.4640371104630232
2025-04-01,2328755,data/raw/mops_monthly/t21sc03_114_4_0.html,台燿,MOPS OTC historical monthly revenue HTML,2.328755,0.0612809536765246,0.2780596256411551,2025,4,True,2025-04-01,2025-05-16,2025-05-10,7191345.0,3087946.0,7.191345,1.9728782196069785,0.4211787569758625,-0.06217491170248102,3.087946,1.1275061449629975,0.34651293708473974,0.04290613849481839,0.3838458470303011,10.279291,2.3301312887769616,32.64,2025-05-05,-0.010429299054086849,0.008902077151335508,32.81,2024.0,4.0,2024Q4,2024-12-31,2025-04-01,conservative_proxy_Q1_Jun1_Q2_Sep1_Q3_Dec1_Q4_next_Apr1,data/raw/mops_financials/6274_2024_Q4_C.html,https://mopsov.twse.com.tw/server-java/t164sb01?step=1&CO_ID=6274&SYEAR=2024&SSEASON=4&REPORT_ID=C,23070.425,17728.872,5341.553,2009.683,3331.87,3377.634,773.266,2604.368,6280.003,8691.167,3189.127,4338.681,25877.883,543.36,5498.789,1925.555,1523.738,11540.855,14337.028,653.179,-125.637,23.15324923576397,14.442170007704668,0.1232375538601824,0.1676598120487676,0.3358530912285212,0.2426783906550624,0.1542882391113678,0.0048549952869019,0.025240820510704,-0.0401258658086234,0.5470249697059071,0.4640371104630232
2025-05-01,2098333,data/raw/mops_monthly/t21sc03_114_5_0.html,台燿,MOPS OTC historical monthly revenue HTML,2.098333,-0.0989464327505471,0.0814499437199272,2025,5,True,2025-05-01,2025-06-16,2025-06-10,7277046.0,2940967.0,7.277046,1.9847250106312144,0.4152272196435487,0.011917242184876331,2.940967,1.0787384388356653,0.10795005466350127,-0.047597658767348894,0.261588637153525,10.218013000000001,2.324152143172428,30.208,2025-06-05,-0.0745098039215687,-0.06549110595514318,31.944,2025.0,1.0,2025Q1,2025-03-31,2025-06-01,conservative_proxy_Q1_Jun1_Q2_Sep1_Q3_Dec1_Q4_next_Apr1,data/raw/mops_financials/6274_2025_Q1_C.html,https://mopsov.twse.com.tw/server-java/t164sb01?step=1&CO_ID=6274&SYEAR=2025&SSEASON=1&REPORT_ID=C,6372.144,4839.122,1533.022,597.604,935.418,934.823,262.876,671.947,5934.443,8954.264,3948.107,4300.993,26955.427,150.0,6155.79,1929.836,1419.059,13539.814,13415.613,542.557,-22.71,24.058181987098845,14.679800079847537,0.1464679821247127,0.1595594460440192,0.332187800252617,0.2201576328210271,0.129802989208815,0.000842501957027,0.0201279319374165,-0.0381192550678851,0.6695296265818449,0.4401831748331468
2025-06-01,2356699,data/raw/mops_monthly/t21sc03_114_6_0.html,台燿,MOPS OTC historical monthly revenue HTML,2.356699,0.1231291696789784,0.2133129321080928,2025,6,True,2025-06-01,2025-07-16,2025-07-10,8035115.0,2848231.0,8.035115,2.0838213114703774,0.5315252381644908,0.10417262718965903,2.848231,1.0466980998110895,0.07553267213074522,-0.03153248574363465,0.303528955147618,10.883346,2.3872337309127647,29.694,2025-07-05,-0.017015360169491456,-0.08312233681220293,30.847333333333335,2025.0,1.0,2025Q1,2025-03-31,2025-06-01,conservative_proxy_Q1_Jun1_Q2_Sep1_Q3_Dec1_Q4_next_Apr1,data/raw/mops_financials/6274_2025_Q1_C.html,https://mopsov.twse.com.tw/server-java/t164sb01?step=1&CO_ID=6274&SYEAR=2025&SSEASON=1&REPORT_ID=C,6372.144,4839.122,1533.022,597.604,935.418,934.823,262.876,671.947,5934.443,8954.264,3948.107,4300.993,26955.427,150.0,6155.79,1929.836,1419.059,13539.814,13415.613,542.557,-22.71,24.058181987098845,14.679800079847537,0.1464679821247127,0.1595594460440192,0.332187800252617,0.2201576328210271,0.129802989208815,0.000842501957027,0.0201279319374165,-0.0381192550678851,0.6695296265818449,0.4401831748331468
2025-07-01,2667033,data/raw/mops_monthly/t21sc03_114_7_0.html,台燿,MOPS OTC historical monthly revenue HTML,2.667033,0.1316816445375501,0.2459079880072914,2025,7,True,2025-07-01,2025-08-16,2025-08-10,8372495.0,2412223.0,8.372495,2.124951928492852,0.44808610379596825,0.041988198053170445,2.412223,0.8805487289859881,-0.11519097196749839,-0.15308028035647392,0.16644756591423493,10.784718000000002,2.378130132072288,29.323,2025-08-05,-0.012494106553512463,-0.10189892802450229,29.741666666666664,2025.0,1.0,2025Q1,2025-03-31,2025-06-01,conservative_proxy_Q1_Jun1_Q2_Sep1_Q3_Dec1_Q4_next_Apr1,data/raw/mops_financials/6274_2025_Q1_C.html,https://mopsov.twse.com.tw/server-java/t164sb01?step=1&CO_ID=6274&SYEAR=2025&SSEASON=1&REPORT_ID=C,6372.144,4839.122,1533.022,597.604,935.418,934.823,262.876,671.947,5934.443,8954.264,3948.107,4300.993,26955.427,150.0,6155.79,1929.836,1419.059,13539.814,13415.613,542.557,-22.71,24.058181987098845,14.679800079847537,0.1464679821247127,0.1595594460440192,0.332187800252617,0.2201576328210271,0.129802989208815,0.000842501957027,0.0201279319374165,-0.0381192550678851,0.6695296265818449,0.4401831748331468
2025-08-01,2544064,data/raw/mops_monthly/t21sc03_114_8_0.html,台燿,MOPS OTC historical monthly revenue HTML,2.544064,-0.0461070410452363,0.1503076000683656,2025,8,True,2025-08-01,2025-09-16,2025-09-10,8764793.0,2548408.0,8.764793,2.170742901437161,0.5266458684921591,0.046855566948681204,2.548408,0.9354688504798802,0.024574596226245138,0.05645622316013066,0.2756102323592021,11.313201,2.4259702739570073,30.179,2025-09-05,0.029192101763120926,-0.06468108845224074,29.732,2025.0,2.0,2025Q2,2025-06-30,2025-09-01,conservative_proxy_Q1_Jun1_Q2_Sep1_Q3_Dec1_Q4_next_Apr1,data/raw/mops_financials/6274_2025_Q2_C.html,https://mopsov.twse.com.tw/server-java/t164sb01?step=1&CO_ID=6274&SYEAR=2025&SSEASON=2&REPORT_ID=C,13152.579,10184.313,2968.266,1180.276,1787.99,1774.409,450.731,1323.678,4095.998,8784.272,3717.13,4046.744,24720.082,150.0,5643.45,1906.383,2131.667,11874.266,12845.816,1203.556,-41.257,22.5679389570669,13.594216008890728,0.1503688377732727,0.1637026932192215,0.355349630312715,0.1656951623380537,0.1694189363934957,0.0016689669556921,0.0486873789496329,-0.0830307354821575,0.3045065140572593,0.1359281366661311
2025-09-01,2851779,data/raw/mops_monthly/t21sc03_114_9_0.html,台燿,MOPS OTC historical monthly revenue HTML,2.851779,0.1209541112173278,0.256393255130156,2025,9,True,2025-09-01,2025-10-16,2025-10-10,8008332.0,2763756.0,8.008332,2.0804824996949964,0.3480758143375249,-0.08630677301791378,2.763756,1.0165906241505274,0.005252581097473286,0.08450295243147887,0.17666419771749908,10.772088,2.376958344243871,30.39,2025-10-05,0.006991616687100466,-0.04959969977483103,29.964,2025.0,2.0,2025Q2,2025-06-30,2025-09-01,conservative_proxy_Q1_Jun1_Q2_Sep1_Q3_Dec1_Q4_next_Apr1,data/raw/mops_financials/6274_2025_Q2_C.html,https://mopsov.twse.com.tw/server-java/t164sb01?step=1&CO_ID=6274&SYEAR=2025&SSEASON=2&REPORT_ID=C,13152.579,10184.313,2968.266,1180.276,1787.99,1774.409,450.731,1323.678,4095.998,8784.272,3717.13,4046.744,24720.082,150.0,5643.45,1906.383,2131.667,11874.266,12845.816,1203.556,-41.257,22.5679389570669,13.594216008890728,0.1503688377732727,0.1637026932192215,0.355349630312715,0.1656951623380537,0.1694189363934957,0.0016689669556921,0.0486873789496329,-0.0830307354821575,0.3045065140572593,0.1359281366661311
2025-10-01,2853997,data/raw/mops_monthly/t21sc03_114_10_0.html,台燿,MOPS OTC historical monthly revenue HTML,2.853997,0.0007777601279763,0.4057408863171126,2025,10,True,2025-10-01,2025-11-16,2025-11-10,8074815.0,2749436.0,8.074815,2.088749958629559,0.387949912337997,0.008301728749507298,2.749436,1.0113957997353726,0.08764928576232167,-0.005181354649252512,0.23779959905015935,10.824251,2.381789079808786,30.633,2025-11-05,0.007996051332675114,-0.04549278658897593,30.400666666666666,2025.0,2.0,2025Q2,2025-06-30,2025-09-01,conservative_proxy_Q1_Jun1_Q2_Sep1_Q3_Dec1_Q4_next_Apr1,data/raw/mops_financials/6274_2025_Q2_C.html,https://mopsov.twse.com.tw/server-java/t164sb01?step=1&CO_ID=6274&SYEAR=2025&SSEASON=2&REPORT_ID=C,13152.579,10184.313,2968.266,1180.276,1787.99,1774.409,450.731,1323.678,4095.998,8784.272,3717.13,4046.744,24720.082,150.0,5643.45,1906.383,2131.667,11874.266,12845.816,1203.556,-41.257,22.5679389570669,13.594216008890728,0.1503688377732727,0.1637026932192215,0.355349630312715,0.1656951623380537,0.1694189363934957,0.0016689669556921,0.0486873789496329,-0.0830307354821575,0.3045065140572593,0.1359281366661311
2025-11-01,3024742,data/raw/mops_monthly/t21sc03_114_11_0.html,台燿,MOPS OTC historical monthly revenue HTML,3.024742,0.0598266221022656,0.3378356263506659,2025,11,True,2025-11-01,2025-12-16,2025-12-10,8129128.0,2996744.0,8.129128,2.095453660734697,0.2829516418965732,0.006726222210663657,2.996744,1.0975263659340515,0.10969968524347351,0.0899486294643701,0.19632566357002335,11.125872,2.4092732070030656,31.17,2025-12-05,0.01753011458231324,-0.03689284390063019,30.730999999999998,2025.0,3.0,2025Q3,2025-09-30,2025-12-01,conservative_proxy_Q1_Jun1_Q2_Sep1_Q3_Dec1_Q4_next_Apr1,data/raw/mops_financials/6274_2025_Q3_C.html,https://mopsov.twse.com.tw/server-java/t164sb01?step=1&CO_ID=6274&SYEAR=2025&SSEASON=3&REPORT_ID=C,21215.452,16332.393,4883.059,1829.53,3053.529,3092.072,765.88,2326.192,5176.905,10975.306,5262.51,4364.757,31052.318,1864.56,7985.226,0.0,2806.667,14809.493,16242.825,889.674,-241.593,23.016521165799343,14.39294812102047,0.1694723724006691,0.1405613906182462,0.3534456268288892,0.1667155733752308,0.150430863164547,0.0077801921260757,0.0286508079686675,-0.006338162517945,0.7488122222883162,0.2474874484665652
2025-12-01,3250133,data/raw/mops_monthly/t21sc03_114_12_0.html,台燿,MOPS OTC historical monthly revenue HTML,3.250133,0.0745157768827886,0.6098860792160323,2025,12,True,2025-12-01,2026-01-16,2026-01-10,8704662.0,3170506.0,8.704662,2.163858744206695,0.35792947727747126,0.07079898360562176,3.170506,1.153891196602145,0.30160630353130613,0.057983598198578123,0.3297678904043887,11.875168,2.474449497189053,31.391,2026-01-05,0.0070901507860121615,-0.03631730828267943,31.064666666666668,2025.0,3.0,2025Q3,2025-09-30,2025-12-01,conservative_proxy_Q1_Jun1_Q2_Sep1_Q3_Dec1_Q4_next_Apr1,data/raw/mops_financials/6274_2025_Q3_C.html,https://mopsov.twse.com.tw/server-java/t164sb01?step=1&CO_ID=6274&SYEAR=2025&SSEASON=3&REPORT_ID=C,21215.452,16332.393,4883.059,1829.53,3053.529,3092.072,765.88,2326.192,5176.905,10975.306,5262.51,4364.757,31052.318,1864.56,7985.226,0.0,2806.667,14809.493,16242.825,889.674,-241.593,23.016521165799343,14.39294812102047,0.1694723724006691,0.1405613906182462,0.3534456268288892,0.1667155733752308,0.150430863164547,0.0077801921260757,0.0286508079686675,-0.006338162517945,0.7488122222883162,0.2474874484665652
2026-01-01,3533279,data/raw/mops_monthly/t21sc03_115_1_0.html,台燿,MOPS OTC historical monthly revenue HTML,3.533279,0.0871182810057311,0.7481718129678079,2026,1,True,2026-01-01,2026-02-16,2026-02-10,10862602.0,3163692.0,10.862602,2.385325880650991,0.5548609183706044,0.24790623691074964,3.163692,1.1517397000343192,0.4219313361433146,-0.002149183758049955,0.48839612725695947,14.026294,2.640933710967333,31.54,2026-02-05,0.0047465834156286135,-0.04078343116085281,31.367,2025.0,3.0,2025Q3,2025-09-30,2025-12-01,conservative_proxy_Q1_Jun1_Q2_Sep1_Q3_Dec1_Q4_next_Apr1,data/raw/mops_financials/6274_2025_Q3_C.html,https://mopsov.twse.com.tw/server-java/t164sb01?step=1&CO_ID=6274&SYEAR=2025&SSEASON=3&REPORT_ID=C,21215.452,16332.393,4883.059,1829.53,3053.529,3092.072,765.88,2326.192,5176.905,10975.306,5262.51,4364.757,31052.318,1864.56,7985.226,0.0,2806.667,14809.493,16242.825,889.674,-241.593,23.016521165799343,14.39294812102047,0.1694723724006691,0.1405613906182462,0.3534456268288892,0.1667155733752308,0.150430863164547,0.0077801921260757,0.0286508079686675,-0.006338162517945,0.7488122222883162,0.2474874484665652
2026-02-01,2740833,data/raw/mops_monthly/t21sc03_115_2_0.html,台燿,MOPS OTC historical monthly revenue HTML,2.740833,-0.2242806186547963,0.2728068517496007,2026,2,True,2026-02-01,2026-03-16,2026-03-10,10193772.0,2609875.0,10.193772,2.3217769455700203,0.4500541613175102,-0.061571803882716325,2.609875,0.9593023274674026,0.09006634687071235,-0.17505401916495034,0.2700602540941113,12.803647,2.5497300522180426,31.51,2026-03-05,-0.0009511731135065649,-0.0395049686033041,31.480333333333334,2025.0,3.0,2025Q3,2025-09-30,2025-12-01,conservative_proxy_Q1_Jun1_Q2_Sep1_Q3_Dec1_Q4_next_Apr1,data/raw/mops_financials/6274_2025_Q3_C.html,https://mopsov.twse.com.tw/server-java/t164sb01?step=1&CO_ID=6274&SYEAR=2025&SSEASON=3&REPORT_ID=C,21215.452,16332.393,4883.059,1829.53,3053.529,3092.072,765.88,2326.192,5176.905,10975.306,5262.51,4364.757,31052.318,1864.56,7985.226,0.0,2806.667,14809.493,16242.825,889.674,-241.593,23.016521165799343,14.39294812102047,0.1694723724006691,0.1405613906182462,0.3534456268288892,0.1667155733752308,0.150430863164547,0.0077801921260757,0.0286508079686675,-0.006338162517945,0.7488122222883162,0.2474874484665652
2026-03-01,3781706,data/raw/mops_monthly/t21sc03_115_3_0.html,台燿,MOPS OTC historical monthly revenue HTML,3.781706,0.3797652027686473,0.7234327141344772,2026,3,True,2026-03-01,2026-04-16,2026-04-10,12010861.0,3369504.0,12.010861,2.4858113237803865,0.56633936737206,0.17825482068855392,3.369504,1.2147655525231806,0.13799801074333695,0.2910595335025623,0.3521686890576985,15.380365000000001,2.733091695915532,31.853,2026-04-05,0.010885433195810812,-0.03428935241329134,31.63433333333333,2025.0,4.0,2025Q4,2025-12-31,2026-04-01,conservative_proxy_Q1_Jun1_Q2_Sep1_Q3_Dec1_Q4_next_Apr1,data/raw/mops_financials/6274_2025_Q4_C.html,https://mopsov.twse.com.tw/server-java/t164sb01?step=1&CO_ID=6274&SYEAR=2025&SSEASON=4&REPORT_ID=C,30340.235,23442.442,6897.793,2554.134,4343.659,4518.612,1109.463,3409.149,5164.958,12890.971,7404.846,5565.464,39741.09,1817.879,10319.653,3618.056,2685.556,21127.06,18614.03,595.781,-698.61,22.73480413055469,14.316497548552276,0.1863271993797855,0.1400430637408284,0.3243738659407681,0.1299651821326491,0.2043600464909241,0.0175790346968339,0.0149915616305441,0.282754828022618,1.3219037686489123,0.4832267059187793
2026-04-01,4610166,data/raw/mops_monthly/t21sc03_115_4_0.html,台燿,MOPS OTC historical monthly revenue HTML,4.610166,0.2190704406952843,0.979669823575258,2026,4,True,2026-04-01,2026-05-16,2026-05-10,13923687.0,3513470.0,13.923687,2.6335914905238806,0.9361728577894677,0.15925802488264562,3.51347,1.2566041531192833,0.13780163254150168,0.04272616978641364,0.5369872451654847,17.437157,2.8586033891372264,31.663,2026-05-05,-0.005964901265187006,-0.029932598039215663,31.675333333333338,2025.0,4.0,2025Q4,2025-12-31,2026-04-01,conservative_proxy_Q1_Jun1_Q2_Sep1_Q3_Dec1_Q4_next_Apr1,data/raw/mops_financials/6274_2025_Q4_C.html,https://mopsov.twse.com.tw/server-java/t164sb01?step=1&CO_ID=6274&SYEAR=2025&SSEASON=4&REPORT_ID=C,30340.235,23442.442,6897.793,2554.134,4343.659,4518.612,1109.463,3409.149,5164.958,12890.971,7404.846,5565.464,39741.09,1817.879,10319.653,3618.056,2685.556,21127.06,18614.03,595.781,-698.61,22.73480413055469,14.316497548552276,0.1863271993797855,0.1400430637408284,0.3243738659407681,0.1299651821326491,0.2043600464909241,0.0175790346968339,0.0149915616305441,0.282754828022618,1.3219037686489123,0.4832267059187793
2026-05-01,4794425,data/raw/mops_monthly/t21sc03_115_5_0.html,台燿,MOPS OTC historical monthly revenue HTML,4.794425,0.0399679751228045,1.2848732779782814,2026,5,True,2026-05-01,2026-06-16,2026-06-10,15618565.0,3802864.0,15.618565,2.748460270793081,1.1462781738634056,0.12172623529960136,3.802864,1.3357544670655488,0.29306585214999004,0.08236700469905833,0.7196720130066978,19.421429,2.9663770440901027,31.508,2026-06-05,-0.004895303666740403,0.04303495762711873,31.674666666666667,2026.0,1.0,2026Q1,2026-03-31,2026-06-01,conservative_proxy_Q1_Jun1_Q2_Sep1_Q3_Dec1_Q4_next_Apr1,data/raw/mops_financials/6274_2026_Q1_C.html,https://mopsov.twse.com.tw/server-java/t164sb01?step=1&CO_ID=6274&SYEAR=2026&SSEASON=1&REPORT_ID=C,10053.966,7525.408,2528.558,701.022,1827.536,1873.851,613.807,1260.044,5992.287,14734.584,9809.212,5745.421,44258.115,2201.907,11468.311,3637.755,3418.988,26196.511,18061.604,-1567.736,-89.306,25.14985628556929,18.177264573999956,0.221636461471529,0.1298162156250893,0.3329238942959952,0.135394085355872,0.2091966637078872,0.0020178446370795,-0.0354225660085161,0.3358359337018217,1.48453550017768,0.6455382597609365
2026-06-01,4895221,data/raw/mops_monthly/t21sc03_115_6_0.html,台燿,MOPS OTC historical monthly revenue HTML,4.895221,0.0210235846842947,1.0771515581752276,2026,6,True,2026-06-01,2026-07-16,2026-07-10,17732956.0,4213673.0,17.732956,2.8754248292576166,1.2069324458952986,0.13537677757207534,4.213673,1.4383347138898264,0.47940002057417375,0.10802621392718748,0.8431662332347362,21.946629,3.0886135514173363,31.618,2026-07-05,0.0034911768439760404,0.06479423452549327,31.596333333333334,2026.0,1.0,2026Q1,2026-03-31,2026-06-01,conservative_proxy_Q1_Jun1_Q2_Sep1_Q3_Dec1_Q4_next_Apr1,data/raw/mops_financials/6274_2026_Q1_C.html,https://mopsov.twse.com.tw/server-java/t164sb01?step=1&CO_ID=6274&SYEAR=2026&SSEASON=1&REPORT_ID=C,10053.966,7525.408,2528.558,701.022,1827.536,1873.851,613.807,1260.044,5992.287,14734.584,9809.212,5745.421,44258.115,2201.907,11468.311,3637.755,3418.988,26196.511,18061.604,-1567.736,-89.306,25.14985628556929,18.177264573999956,0.221636461471529,0.1298162156250893,0.3329238942959952,0.135394085355872,0.2091966637078872,0.0020178446370795,-0.0354225660085161,0.3358359337018217,1.48453550017768,0.6455382597609365
2026-07-01,5908074,data/raw/mops_monthly/t21sc03_115_7_0.html,台燿,MOPS OTC historical monthly revenue HTML,5.908074,0.2069064910450415,1.2152234336807983,2026,7,True,2026-07-01,2026-08-16,2026-08-10,19206698.0,4749174.0,19.206698,2.9552590723649357,1.2940232272458805,0.0831075202577618,4.749174,1.557970708188265,0.9687955881359227,0.1270865109845971,1.1314094076909016,23.955872,3.176213471258871,32.207,2026-08-05,0.018628629261812968,0.09835282883743135,31.777666666666665,2026.0,1.0,2026Q1,2026-03-31,2026-06-01,conservative_proxy_Q1_Jun1_Q2_Sep1_Q3_Dec1_Q4_next_Apr1,data/raw/mops_financials/6274_2026_Q1_C.html,https://mopsov.twse.com.tw/server-java/t164sb01?step=1&CO_ID=6274&SYEAR=2026&SSEASON=1&REPORT_ID=C,10053.966,7525.408,2528.558,701.022,1827.536,1873.851,613.807,1260.044,5992.287,14734.584,9809.212,5745.421,44258.115,2201.907,11468.311,3637.755,3418.988,26196.511,18061.604,-1567.736,-89.306,25.14985628556929,18.177264573999956,0.221636461471529,0.1298162156250893,0.3329238942959952,0.135394085355872,0.2091966637078872,0.0020178446370795,-0.0354225660085161,0.3358359337018217,1.48453550017768,0.6455382597609365
2026-08-01,5914540,data/raw/mops_monthly/t21sc03_115_8_0.html,台燿,MOPS OTC historical monthly revenue HTML,5.91454,0.0010944344976044,1.3248393122185602,2026,8,True,2026-08-01,2026-09-16,2026-09-10,20145589.0,5044034.0,20.145589,3.002985356240212,1.2984671742960732,0.04888351969713911,5.044034,1.6182061587619532,0.9792882458381862,0.06208658600421879,1.1388777100671297,25.189623,3.2264321239960725,32.036,2026-09-05,-0.005309404787779082,0.0615328539713047,31.953666666666663,2026.0,2.0,2026Q2,2026-06-30,2026-09-01,conservative_proxy_Q1_Jun1_Q2_Sep1_Q3_Dec1_Q4_next_Apr1,data/raw/mops_financials/6274_2026_Q2_C.html,https://mopsov.twse.com.tw/server-java/t164sb01?step=1&CO_ID=6274&SYEAR=2026&SSEASON=2&REPORT_ID=C,24355.008,17576.879,6778.129,1592.657,5185.472,5300.788,1699.074,3601.714,5513.383,19382.609,10077.145,5670.801,46942.73,2535.151,12045.715,0.0,3651.813,22788.654,24154.076,-2282.493,-360.638,27.830534894507117,21.29119399180653,0.2146689167843455,0.1208025396051742,0.4128990580650081,0.1174491342961945,0.1317981293375992,0.0076825101565247,-0.0486229284065924,0.4013243733727658,1.7110014984679038,1.2065128447752982
2026-09-01,6125570,data/raw/mops_monthly/t21sc03_115_9_0.html,台燿,MOPS OTC historical monthly revenue HTML,6.12557,0.0356798669042732,1.1479820140340466,2026,9,True,2026-09-01,2026-10-16,2026-10-10,21532230.0,5824212.0,21.53223,3.0695508824176225,1.6887284393304376,0.06883099819022398,5.824212,1.762023711330782,1.107353905337519,0.15467342210619517,1.3980411723339783,27.356441999999998,3.308952040438265,31.716,2026-10-05,-0.009988762642027749,0.04363277393879561,31.986333333333334,2026.0,2.0,2026Q2,2026-06-30,2026-09-01,conservative_proxy_Q1_Jun1_Q2_Sep1_Q3_Dec1_Q4_next_Apr1,data/raw/mops_financials/6274_2026_Q2_C.html,https://mopsov.twse.com.tw/server-java/t164sb01?step=1&CO_ID=6274&SYEAR=2026&SSEASON=2&REPORT_ID=C,24355.008,17576.879,6778.129,1592.657,5185.472,5300.788,1699.074,3601.714,5513.383,19382.609,10077.145,5670.801,46942.73,2535.151,12045.715,0.0,3651.813,22788.654,24154.076,-2282.493,-360.638,27.830534894507117,21.29119399180653,0.2146689167843455,0.1208025396051742,0.4128990580650081,0.1174491342961945,0.1317981293375992,0.0076825101565247,-0.0486229284065924,0.4013243733727658,1.7110014984679038,1.2065128447752982
