origin,stage,horizon_months,model,features,lead_month,target_month,actual_bn_twd,predicted_bn_twd
2020-12,validation,1,HW_Damped_Add,revenue_only,1,2021-01,1.54903,1.4400720705554075
2020-12,validation,1,Ridge,revenue_only,1,2021-01,1.54903,1.4141008755255158
2020-12,validation,1,GradientBoosting,revenue_only,1,2021-01,1.54903,1.3901454166443805
2020-12,validation,1,Ridge,revenue_plus_financials,1,2021-01,1.54903,1.391684918067564
2020-12,validation,1,GradientBoosting,revenue_plus_financials,1,2021-01,1.54903,1.3967469342613403
2021-03,validation,1,HW_Damped_Add,revenue_only,1,2021-04,1.770181,1.7350910247211755
2021-03,validation,1,Ridge,revenue_only,1,2021-04,1.770181,1.5917989519364162
2021-03,validation,1,GradientBoosting,revenue_only,1,2021-04,1.770181,1.5798391851267704
2021-03,validation,1,Ridge,revenue_plus_financials,1,2021-04,1.770181,1.5537233630583944
2021-03,validation,1,GradientBoosting,revenue_plus_financials,1,2021-04,1.770181,1.6143631130992964
2021-06,validation,1,HW_Damped_Add,revenue_only,1,2021-07,1.928594,1.9518561862862307
2021-06,validation,1,Ridge,revenue_only,1,2021-07,1.928594,1.7223807973076444
2021-06,validation,1,GradientBoosting,revenue_only,1,2021-07,1.928594,1.742467622395727
2021-06,validation,1,Ridge,revenue_plus_financials,1,2021-07,1.928594,1.6802658111910114
2021-06,validation,1,GradientBoosting,revenue_plus_financials,1,2021-07,1.928594,1.7422323042637538
2021-09,validation,1,HW_Damped_Add,revenue_only,1,2021-10,1.704222,1.7575420252154017
2021-09,validation,1,Ridge,revenue_only,1,2021-10,1.704222,1.7272164417734717
2021-09,validation,1,GradientBoosting,revenue_only,1,2021-10,1.704222,1.6975905379749243
2021-09,validation,1,Ridge,revenue_plus_financials,1,2021-10,1.704222,1.7362685398262567
2021-09,validation,1,GradientBoosting,revenue_plus_financials,1,2021-10,1.704222,1.7149967840373377
2021-12,validation,1,HW_Damped_Add,revenue_only,1,2022-01,1.822394,1.8642351009225544
2021-12,validation,1,Ridge,revenue_only,1,2022-01,1.822394,1.7448974031384241
2021-12,validation,1,GradientBoosting,revenue_only,1,2022-01,1.822394,1.8108495229283987
2021-12,validation,1,Ridge,revenue_plus_financials,1,2022-01,1.822394,1.7780137912081795
2021-12,validation,1,GradientBoosting,revenue_plus_financials,1,2022-01,1.822394,1.8148376959077084
2022-03,validation,1,HW_Damped_Add,revenue_only,1,2022-04,1.641441,1.7466667994707794
2022-03,validation,1,Ridge,revenue_only,1,2022-04,1.641441,1.719115005575983
2022-03,validation,1,GradientBoosting,revenue_only,1,2022-04,1.641441,1.587206301110211
2022-03,validation,1,Ridge,revenue_plus_financials,1,2022-04,1.641441,1.7556286231497429
2022-03,validation,1,GradientBoosting,revenue_plus_financials,1,2022-04,1.641441,1.5978385868064808
2022-06,validation,1,HW_Damped_Add,revenue_only,1,2022-07,1.541013,1.5700620820478357
2022-06,validation,1,Ridge,revenue_only,1,2022-07,1.541013,1.5562253772564387
2022-06,validation,1,GradientBoosting,revenue_only,1,2022-07,1.541013,1.5439883099314125
2022-06,validation,1,Ridge,revenue_plus_financials,1,2022-07,1.541013,1.5085203485076715
2022-06,validation,1,GradientBoosting,revenue_plus_financials,1,2022-07,1.541013,1.523767151512438
2022-09,validation,1,HW_Damped_Add,revenue_only,1,2022-10,1.327315,1.4467161555803474
2022-09,validation,1,Ridge,revenue_only,1,2022-10,1.327315,1.4955364685104355
2022-09,validation,1,GradientBoosting,revenue_only,1,2022-10,1.327315,1.4580605313167576
2022-09,validation,1,Ridge,revenue_plus_financials,1,2022-10,1.327315,1.4609080343378655
2022-09,validation,1,GradientBoosting,revenue_plus_financials,1,2022-10,1.327315,1.4617568499503213
2022-12,validation,1,HW_Damped_Add,revenue_only,1,2023-01,1.083168,1.3839648940016898
2022-12,validation,1,Ridge,revenue_only,1,2023-01,1.083168,1.428540528157951
2022-12,validation,1,GradientBoosting,revenue_only,1,2023-01,1.083168,1.4374140735173642
2022-12,validation,1,Ridge,revenue_plus_financials,1,2023-01,1.083168,1.401985201820535
2022-12,validation,1,GradientBoosting,revenue_plus_financials,1,2023-01,1.083168,1.4307048383328864
2023-03,validation,1,HW_Damped_Add,revenue_only,1,2023-04,1.202371,1.3438539884910126
2023-03,validation,1,Ridge,revenue_only,1,2023-04,1.202371,1.400301166108485
2023-03,validation,1,GradientBoosting,revenue_only,1,2023-04,1.202371,1.3422365391121198
2023-03,validation,1,Ridge,revenue_plus_financials,1,2023-04,1.202371,1.383883837016185
2023-03,validation,1,GradientBoosting,revenue_plus_financials,1,2023-04,1.202371,1.331408811395965
2023-06,validation,1,HW_Damped_Add,revenue_only,1,2023-07,1.296055,1.2913899799712307
2023-06,validation,1,Ridge,revenue_only,1,2023-07,1.296055,1.3209073722431806
2023-06,validation,1,GradientBoosting,revenue_only,1,2023-07,1.296055,1.2699135883364299
2023-06,validation,1,Ridge,revenue_plus_financials,1,2023-07,1.296055,1.2543959331324779
2023-06,validation,1,GradientBoosting,revenue_plus_financials,1,2023-07,1.296055,1.2725916020445538
2023-09,validation,1,HW_Damped_Add,revenue_only,1,2023-10,1.40599,1.4017915144104132
2023-09,validation,1,Ridge,revenue_only,1,2023-10,1.40599,1.439967708339124
2023-09,validation,1,GradientBoosting,revenue_only,1,2023-10,1.40599,1.4058327951801772
2023-09,validation,1,Ridge,revenue_plus_financials,1,2023-10,1.40599,1.401009463665183
2023-09,validation,1,GradientBoosting,revenue_plus_financials,1,2023-10,1.40599,1.396568942906685
2023-12,holdout,1,HW_Damped_Add,revenue_only,1,2024-01,1.496705,1.468555533267855
2023-12,holdout,1,Ridge,revenue_only,1,2024-01,1.496705,1.491191201528767
2023-12,holdout,1,GradientBoosting,revenue_only,1,2024-01,1.496705,1.4781876829248082
2023-12,holdout,1,Ridge,revenue_plus_financials,1,2024-01,1.496705,1.4615715050903966
2023-12,holdout,1,GradientBoosting,revenue_plus_financials,1,2024-01,1.496705,1.4814540791518804
2024-03,holdout,1,HW_Damped_Add,revenue_only,1,2024-04,1.822102,1.6688502918210713
2024-03,holdout,1,Ridge,revenue_only,1,2024-04,1.822102,1.645541741915267
2024-03,holdout,1,GradientBoosting,revenue_only,1,2024-04,1.822102,1.635702499903547
2024-03,holdout,1,Ridge,revenue_plus_financials,1,2024-04,1.822102,1.6036098253368667
2024-03,holdout,1,GradientBoosting,revenue_plus_financials,1,2024-04,1.822102,1.6235770416774333
2024-06,holdout,1,HW_Damped_Add,revenue_only,1,2024-07,2.140634,1.9986073377638156
2024-06,holdout,1,Ridge,revenue_only,1,2024-07,2.140634,1.9428764117916288
2024-06,holdout,1,GradientBoosting,revenue_only,1,2024-07,2.140634,1.8709173344499626
2024-06,holdout,1,Ridge,revenue_plus_financials,1,2024-07,2.140634,1.874650309365014
2024-06,holdout,1,GradientBoosting,revenue_plus_financials,1,2024-07,2.140634,1.8613594586996336
2024-09,holdout,1,HW_Damped_Add,revenue_only,1,2024-10,2.030244,2.2081590469793633
2024-09,holdout,1,Ridge,revenue_only,1,2024-10,2.030244,2.044998556700256
2024-09,holdout,1,GradientBoosting,revenue_only,1,2024-10,2.030244,1.992231681082863
2024-09,holdout,1,Ridge,revenue_plus_financials,1,2024-10,2.030244,2.012217073418407
2024-09,holdout,1,GradientBoosting,revenue_plus_financials,1,2024-10,2.030244,1.97921358085031
2024-12,holdout,1,HW_Damped_Add,revenue_only,1,2025-01,2.021128,2.0326079066904774
2024-12,holdout,1,Ridge,revenue_only,1,2025-01,2.021128,1.991773714865655
2024-12,holdout,1,GradientBoosting,revenue_only,1,2025-01,2.021128,2.0820501295339233
2024-12,holdout,1,Ridge,revenue_plus_financials,1,2025-01,2.021128,1.9889698558430116
2024-12,holdout,1,GradientBoosting,revenue_plus_financials,1,2025-01,2.021128,2.084240549134042
2025-03,holdout,1,HW_Damped_Add,revenue_only,1,2025-04,2.328755,2.223983817876588
2025-03,holdout,1,Ridge,revenue_only,1,2025-04,2.328755,2.1019073573855453
2025-03,holdout,1,GradientBoosting,revenue_only,1,2025-04,2.328755,2.0760991236637367
2025-03,holdout,1,Ridge,revenue_plus_financials,1,2025-04,2.328755,2.1142448618395613
2025-03,holdout,1,GradientBoosting,revenue_plus_financials,1,2025-04,2.328755,2.086800317443229
2025-06,holdout,1,HW_Damped_Add,revenue_only,1,2025-07,2.667033,2.367490544807818
2025-06,holdout,1,Ridge,revenue_only,1,2025-07,2.667033,2.203273572676646
2025-06,holdout,1,GradientBoosting,revenue_only,1,2025-07,2.667033,2.16949064076014
2025-06,holdout,1,Ridge,revenue_plus_financials,1,2025-07,2.667033,2.216828968430029
2025-06,holdout,1,GradientBoosting,revenue_plus_financials,1,2025-07,2.667033,2.126948348342061
2025-09,holdout,1,HW_Damped_Add,revenue_only,1,2025-10,2.853997,2.6932905579464035
2025-09,holdout,1,Ridge,revenue_only,1,2025-10,2.853997,2.4721875496709136
2025-09,holdout,1,GradientBoosting,revenue_only,1,2025-10,2.853997,2.45383443018435
2025-09,holdout,1,Ridge,revenue_plus_financials,1,2025-10,2.853997,2.523082899809918
2025-09,holdout,1,GradientBoosting,revenue_plus_financials,1,2025-10,2.853997,2.4962914449482656
2025-12,holdout,1,HW_Damped_Add,revenue_only,1,2026-01,3.533279,3.265135970585192
2025-12,holdout,1,Ridge,revenue_only,1,2026-01,3.533279,3.008908483896906
2025-12,holdout,1,GradientBoosting,revenue_only,1,2026-01,3.533279,2.9764329553904494
2025-12,holdout,1,Ridge,revenue_plus_financials,1,2026-01,3.533279,3.057246518124024
2025-12,holdout,1,GradientBoosting,revenue_plus_financials,1,2026-01,3.533279,2.967226455514735
2026-03,holdout,1,HW_Damped_Add,revenue_only,1,2026-04,4.610166,3.6735787510439684
2026-03,holdout,1,Ridge,revenue_only,1,2026-04,4.610166,3.569427989033441
2026-03,holdout,1,GradientBoosting,revenue_only,1,2026-04,4.610166,3.044655605950567
2026-03,holdout,1,Ridge,revenue_plus_financials,1,2026-04,4.610166,3.592959997173424
2026-03,holdout,1,GradientBoosting,revenue_plus_financials,1,2026-04,4.610166,3.0448364436171738
2026-06,holdout,1,HW_Damped_Add,revenue_only,1,2026-07,5.908074,5.210796145061546
2026-06,holdout,1,Ridge,revenue_only,1,2026-07,5.908074,4.959584068863094
2026-06,holdout,1,GradientBoosting,revenue_only,1,2026-07,5.908074,4.527612550749336
2026-06,holdout,1,Ridge,revenue_plus_financials,1,2026-07,5.908074,4.347394652857541
2026-06,holdout,1,GradientBoosting,revenue_plus_financials,1,2026-07,5.908074,4.516316082848805
2020-12,validation,3,HW_Damped_Add,revenue_only,1,2021-01,1.54903,1.4400720705554075
2020-12,validation,3,HW_Damped_Add,revenue_only,2,2021-02,1.415693,1.2390320796877534
2020-12,validation,3,HW_Damped_Add,revenue_only,3,2021-03,1.728671,1.4954228184519451
2020-12,validation,3,Ridge,revenue_only,1,2021-01,1.54903,1.4163260569827618
2020-12,validation,3,Ridge,revenue_only,2,2021-02,1.415693,1.4578654837977474
2020-12,validation,3,Ridge,revenue_only,3,2021-03,1.728671,1.50218288387115
2020-12,validation,3,GradientBoosting,revenue_only,1,2021-01,1.54903,1.410445986276223
2020-12,validation,3,GradientBoosting,revenue_only,2,2021-02,1.415693,1.2476633298591662
2020-12,validation,3,GradientBoosting,revenue_only,3,2021-03,1.728671,1.4517913082176237
2020-12,validation,3,Ridge,revenue_plus_financials,1,2021-01,1.54903,1.3488375881703674
2020-12,validation,3,Ridge,revenue_plus_financials,2,2021-02,1.415693,1.3849899386978652
2020-12,validation,3,Ridge,revenue_plus_financials,3,2021-03,1.728671,1.4261718101323646
2020-12,validation,3,GradientBoosting,revenue_plus_financials,1,2021-01,1.54903,1.3949970027036953
2020-12,validation,3,GradientBoosting,revenue_plus_financials,2,2021-02,1.415693,1.2601123818667994
2020-12,validation,3,GradientBoosting,revenue_plus_financials,3,2021-03,1.728671,1.442939800373987
2021-03,validation,3,HW_Damped_Add,revenue_only,1,2021-04,1.770181,1.7350910247211755
2021-03,validation,3,HW_Damped_Add,revenue_only,2,2021-05,1.8031,1.6996148227074392
2021-03,validation,3,HW_Damped_Add,revenue_only,3,2021-06,1.869965,1.611479493268658
2021-03,validation,3,Ridge,revenue_only,1,2021-04,1.770181,1.6168928858145264
2021-03,validation,3,Ridge,revenue_only,2,2021-05,1.8031,1.6358367298893595
2021-03,validation,3,Ridge,revenue_only,3,2021-06,1.869965,1.6307740059629616
2021-03,validation,3,GradientBoosting,revenue_only,1,2021-04,1.770181,1.7020553262999298
2021-03,validation,3,GradientBoosting,revenue_only,2,2021-05,1.8031,1.694122782486437
2021-03,validation,3,GradientBoosting,revenue_only,3,2021-06,1.869965,1.6309641581966423
2021-03,validation,3,Ridge,revenue_plus_financials,1,2021-04,1.770181,1.5365161975544344
2021-03,validation,3,Ridge,revenue_plus_financials,2,2021-05,1.8031,1.555222211888345
2021-03,validation,3,Ridge,revenue_plus_financials,3,2021-06,1.869965,1.5508641286137856
2021-03,validation,3,GradientBoosting,revenue_plus_financials,1,2021-04,1.770181,1.6240210085752311
2021-03,validation,3,GradientBoosting,revenue_plus_financials,2,2021-05,1.8031,1.6240210085752311
2021-03,validation,3,GradientBoosting,revenue_plus_financials,3,2021-06,1.869965,1.5525346125989552
2021-06,validation,3,HW_Damped_Add,revenue_only,1,2021-07,1.928594,1.9518561862862307
2021-06,validation,3,HW_Damped_Add,revenue_only,2,2021-08,1.945708,1.9763566797744478
2021-06,validation,3,HW_Damped_Add,revenue_only,3,2021-09,1.795957,1.9103607813367847
2021-06,validation,3,Ridge,revenue_only,1,2021-07,1.928594,1.734865716616425
2021-06,validation,3,Ridge,revenue_only,2,2021-08,1.945708,1.6881355601153494
2021-06,validation,3,Ridge,revenue_only,3,2021-09,1.795957,1.642213632933803
2021-06,validation,3,GradientBoosting,revenue_only,1,2021-07,1.928594,1.722256834092731
2021-06,validation,3,GradientBoosting,revenue_only,2,2021-08,1.945708,1.7076909905680864
2021-06,validation,3,GradientBoosting,revenue_only,3,2021-09,1.795957,1.5757101776104128
2021-06,validation,3,Ridge,revenue_plus_financials,1,2021-07,1.928594,1.664000483704431
2021-06,validation,3,Ridge,revenue_plus_financials,2,2021-08,1.945708,1.6142857138033042
2021-06,validation,3,Ridge,revenue_plus_financials,3,2021-09,1.795957,1.5654819237951156
2021-06,validation,3,GradientBoosting,revenue_plus_financials,1,2021-07,1.928594,1.7610574944127553
2021-06,validation,3,GradientBoosting,revenue_plus_financials,2,2021-08,1.945708,1.7569637631118975
2021-06,validation,3,GradientBoosting,revenue_plus_financials,3,2021-09,1.795957,1.660648172243022
2021-09,validation,3,HW_Damped_Add,revenue_only,1,2021-10,1.704222,1.7575420252154017
2021-09,validation,3,HW_Damped_Add,revenue_only,2,2021-11,1.801408,1.8100692900094244
2021-09,validation,3,HW_Damped_Add,revenue_only,3,2021-12,1.81951,1.8082480808299657
2021-09,validation,3,Ridge,revenue_only,1,2021-10,1.704222,1.6589705978687606
2021-09,validation,3,Ridge,revenue_only,2,2021-11,1.801408,1.6495493004814197
2021-09,validation,3,Ridge,revenue_only,3,2021-12,1.81951,1.6679187383851495
2021-09,validation,3,GradientBoosting,revenue_only,1,2021-10,1.704222,1.518320674378105
2021-09,validation,3,GradientBoosting,revenue_only,2,2021-11,1.801408,1.5471543078701981
2021-09,validation,3,GradientBoosting,revenue_only,3,2021-12,1.81951,1.5447999748953365
2021-09,validation,3,Ridge,revenue_plus_financials,1,2021-10,1.704222,1.671617902633129
2021-09,validation,3,Ridge,revenue_plus_financials,2,2021-11,1.801408,1.6615482930059913
2021-09,validation,3,Ridge,revenue_plus_financials,3,2021-12,1.81951,1.680602822051331
2021-09,validation,3,GradientBoosting,revenue_plus_financials,1,2021-10,1.704222,1.5113698827012285
2021-09,validation,3,GradientBoosting,revenue_plus_financials,2,2021-11,1.801408,1.542067911905527
2021-09,validation,3,GradientBoosting,revenue_plus_financials,3,2021-12,1.81951,1.530457598357376
2021-12,validation,3,HW_Damped_Add,revenue_only,1,2022-01,1.822394,1.8642351009225544
2021-12,validation,3,HW_Damped_Add,revenue_only,2,2022-02,1.464984,1.6691908860567817
2021-12,validation,3,HW_Damped_Add,revenue_only,3,2022-03,1.736445,1.9303459526176843
2021-12,validation,3,Ridge,revenue_only,1,2022-01,1.822394,1.6492709341344056
2021-12,validation,3,Ridge,revenue_only,2,2022-02,1.464984,1.7049628154060599
2021-12,validation,3,Ridge,revenue_only,3,2022-03,1.736445,1.7641313107317866
2021-12,validation,3,GradientBoosting,revenue_only,1,2022-01,1.822394,1.7562079763651637
2021-12,validation,3,GradientBoosting,revenue_only,2,2022-02,1.464984,1.690569553382055
2021-12,validation,3,GradientBoosting,revenue_only,3,2022-03,1.736445,1.832275895651778
2021-12,validation,3,Ridge,revenue_plus_financials,1,2022-01,1.822394,1.701591445750146
2021-12,validation,3,Ridge,revenue_plus_financials,2,2022-02,1.464984,1.7626204622897843
2021-12,validation,3,Ridge,revenue_plus_financials,3,2022-03,1.736445,1.8281617395602259
2021-12,validation,3,GradientBoosting,revenue_plus_financials,1,2022-01,1.822394,1.7530009891374458
2021-12,validation,3,GradientBoosting,revenue_plus_financials,2,2022-02,1.464984,1.7097702126343053
2021-12,validation,3,GradientBoosting,revenue_plus_financials,3,2022-03,1.736445,1.8622663179255767
2022-03,validation,3,HW_Damped_Add,revenue_only,1,2022-04,1.641441,1.7466667994707794
2022-03,validation,3,HW_Damped_Add,revenue_only,2,2022-05,1.658904,1.7186966772219479
2022-03,validation,3,HW_Damped_Add,revenue_only,3,2022-06,1.489451,1.6476876181759201
2022-03,validation,3,Ridge,revenue_only,1,2022-04,1.641441,1.6733457761904555
2022-03,validation,3,Ridge,revenue_only,2,2022-05,1.658904,1.6976038046995758
2022-03,validation,3,Ridge,revenue_only,3,2022-06,1.489451,1.696551343232423
2022-03,validation,3,GradientBoosting,revenue_only,1,2022-04,1.641441,1.7467014038574233
2022-03,validation,3,GradientBoosting,revenue_only,2,2022-05,1.658904,1.850870398794277
2022-03,validation,3,GradientBoosting,revenue_only,3,2022-06,1.489451,1.8183438892413375
2022-03,validation,3,Ridge,revenue_plus_financials,1,2022-04,1.641441,1.729294955649054
2022-03,validation,3,Ridge,revenue_plus_financials,2,2022-05,1.658904,1.7579453124487945
2022-03,validation,3,Ridge,revenue_plus_financials,3,2022-06,1.489451,1.7590783973342776
2022-03,validation,3,GradientBoosting,revenue_plus_financials,1,2022-04,1.641441,1.7456683150256231
2022-03,validation,3,GradientBoosting,revenue_plus_financials,2,2022-05,1.658904,1.8606395803753764
2022-03,validation,3,GradientBoosting,revenue_plus_financials,3,2022-06,1.489451,1.8301470031662985
2022-06,validation,3,HW_Damped_Add,revenue_only,1,2022-07,1.541013,1.5700620820478357
2022-06,validation,3,HW_Damped_Add,revenue_only,2,2022-08,1.483968,1.5950475108590028
2022-06,validation,3,HW_Damped_Add,revenue_only,3,2022-09,1.490297,1.5210493182594764
2022-06,validation,3,Ridge,revenue_only,1,2022-07,1.541013,1.5811316525808543
2022-06,validation,3,Ridge,revenue_only,2,2022-08,1.483968,1.5452571199384413
2022-06,validation,3,Ridge,revenue_only,3,2022-09,1.490297,1.5090211248638876
2022-06,validation,3,GradientBoosting,revenue_only,1,2022-07,1.541013,1.5664767109023143
2022-06,validation,3,GradientBoosting,revenue_only,2,2022-08,1.483968,1.5612458043267952
2022-06,validation,3,GradientBoosting,revenue_only,3,2022-09,1.490297,1.542230633198665
2022-06,validation,3,Ridge,revenue_plus_financials,1,2022-07,1.541013,1.53909434875573
2022-06,validation,3,Ridge,revenue_plus_financials,2,2022-08,1.483968,1.5020978061742667
2022-06,validation,3,Ridge,revenue_plus_financials,3,2022-09,1.490297,1.4649132694335578
2022-06,validation,3,GradientBoosting,revenue_plus_financials,1,2022-07,1.541013,1.5998472724856176
2022-06,validation,3,GradientBoosting,revenue_plus_financials,2,2022-08,1.483968,1.5998472724856176
2022-06,validation,3,GradientBoosting,revenue_plus_financials,3,2022-09,1.490297,1.5871583578907378
2022-09,validation,3,HW_Damped_Add,revenue_only,1,2022-10,1.327315,1.4467161555803474
2022-09,validation,3,HW_Damped_Add,revenue_only,2,2022-11,1.473019,1.5049715912476944
2022-09,validation,3,HW_Damped_Add,revenue_only,3,2022-12,1.342897,1.5061296533189217
2022-09,validation,3,Ridge,revenue_only,1,2022-10,1.327315,1.5207222185508622
2022-09,validation,3,Ridge,revenue_only,2,2022-11,1.473019,1.5140359903598652
2022-09,validation,3,Ridge,revenue_only,3,2022-12,1.342897,1.5288819923860035
2022-09,validation,3,GradientBoosting,revenue_only,1,2022-10,1.327315,1.4442053465505913
2022-09,validation,3,GradientBoosting,revenue_only,2,2022-11,1.473019,1.4757373423795974
2022-09,validation,3,GradientBoosting,revenue_only,3,2022-12,1.342897,1.4757373423795974
2022-09,validation,3,Ridge,revenue_plus_financials,1,2022-10,1.327315,1.4756468414146442
2022-09,validation,3,Ridge,revenue_plus_financials,2,2022-11,1.473019,1.4671497639614135
2022-09,validation,3,Ridge,revenue_plus_financials,3,2022-12,1.342897,1.4804009157767786
2022-09,validation,3,GradientBoosting,revenue_plus_financials,1,2022-10,1.327315,1.421401689328364
2022-09,validation,3,GradientBoosting,revenue_plus_financials,2,2022-11,1.473019,1.4733237170985312
2022-09,validation,3,GradientBoosting,revenue_plus_financials,3,2022-12,1.342897,1.4733237170985312
2022-12,validation,3,HW_Damped_Add,revenue_only,1,2023-01,1.083168,1.3839648940016898
2022-12,validation,3,HW_Damped_Add,revenue_only,2,2023-02,1.255319,1.173460477551296
2022-12,validation,3,HW_Damped_Add,revenue_only,3,2023-03,1.314268,1.436437720679349
2022-12,validation,3,Ridge,revenue_only,1,2023-01,1.083168,1.5065821722665294
2022-12,validation,3,Ridge,revenue_only,2,2023-02,1.255319,1.5556793910392412
2022-12,validation,3,Ridge,revenue_only,3,2023-03,1.314268,1.606158696090923
2022-12,validation,3,GradientBoosting,revenue_only,1,2023-01,1.083168,1.4323020891404366
2022-12,validation,3,GradientBoosting,revenue_only,2,2023-02,1.255319,1.333460808798545
2022-12,validation,3,GradientBoosting,revenue_only,3,2023-03,1.314268,1.5300522443797224
2022-12,validation,3,Ridge,revenue_plus_financials,1,2023-01,1.083168,1.4554878927808867
2022-12,validation,3,Ridge,revenue_plus_financials,2,2023-02,1.255319,1.5012629563775415
2022-12,validation,3,Ridge,revenue_plus_financials,3,2023-03,1.314268,1.5492339777588389
2022-12,validation,3,GradientBoosting,revenue_plus_financials,1,2023-01,1.083168,1.4131931943119416
2022-12,validation,3,GradientBoosting,revenue_plus_financials,2,2023-02,1.255319,1.3121573917015736
2022-12,validation,3,GradientBoosting,revenue_plus_financials,3,2023-03,1.314268,1.5086500662265725
2023-03,validation,3,HW_Damped_Add,revenue_only,1,2023-04,1.202371,1.3438539884910126
2023-03,validation,3,HW_Damped_Add,revenue_only,2,2023-05,1.347897,1.321033369326941
2023-03,validation,3,HW_Damped_Add,revenue_only,3,2023-06,1.206388,1.2408096944737528
2023-03,validation,3,Ridge,revenue_only,1,2023-04,1.202371,1.4934943217699441
2023-03,validation,3,Ridge,revenue_only,2,2023-05,1.347897,1.5154523058132654
2023-03,validation,3,Ridge,revenue_only,3,2023-06,1.206388,1.5138127773281644
2023-03,validation,3,GradientBoosting,revenue_only,1,2023-04,1.202371,1.4133376738082897
2023-03,validation,3,GradientBoosting,revenue_only,2,2023-05,1.347897,1.4133376738082897
2023-03,validation,3,GradientBoosting,revenue_only,3,2023-06,1.206388,1.3788043540833046
2023-03,validation,3,Ridge,revenue_plus_financials,1,2023-04,1.202371,1.4451382512325333
2023-03,validation,3,Ridge,revenue_plus_financials,2,2023-05,1.347897,1.4665713983261108
2023-03,validation,3,Ridge,revenue_plus_financials,3,2023-06,1.206388,1.4657814273557763
2023-03,validation,3,GradientBoosting,revenue_plus_financials,1,2023-04,1.202371,1.4046328463321829
2023-03,validation,3,GradientBoosting,revenue_plus_financials,2,2023-05,1.347897,1.4046328463321829
2023-03,validation,3,GradientBoosting,revenue_plus_financials,3,2023-06,1.206388,1.368097934617265
2023-06,validation,3,HW_Damped_Add,revenue_only,1,2023-07,1.296055,1.2913899799712307
2023-06,validation,3,HW_Damped_Add,revenue_only,2,2023-08,1.382764,1.3085719008305883
2023-06,validation,3,HW_Damped_Add,revenue_only,3,2023-09,1.499206,1.2430228270545194
2023-06,validation,3,Ridge,revenue_only,1,2023-07,1.296055,1.3867499009244109
2023-06,validation,3,Ridge,revenue_only,2,2023-08,1.382764,1.3543327412113026
2023-06,validation,3,Ridge,revenue_only,3,2023-09,1.499206,1.3211831272095615
2023-06,validation,3,GradientBoosting,revenue_only,1,2023-07,1.296055,1.321452608307593
2023-06,validation,3,GradientBoosting,revenue_only,2,2023-08,1.382764,1.3174996072372231
2023-06,validation,3,GradientBoosting,revenue_only,3,2023-09,1.499206,1.305767132229273
2023-06,validation,3,Ridge,revenue_plus_financials,1,2023-07,1.296055,1.2511096450324461
2023-06,validation,3,Ridge,revenue_plus_financials,2,2023-08,1.382764,1.2221184547548287
2023-06,validation,3,Ridge,revenue_plus_financials,3,2023-09,1.499206,1.1913746921368422
2023-06,validation,3,GradientBoosting,revenue_plus_financials,1,2023-07,1.296055,1.307543488762823
2023-06,validation,3,GradientBoosting,revenue_plus_financials,2,2023-08,1.382764,1.307543488762823
2023-06,validation,3,GradientBoosting,revenue_plus_financials,3,2023-09,1.499206,1.2964020010655297
2023-09,validation,3,HW_Damped_Add,revenue_only,1,2023-10,1.40599,1.4017915144104132
2023-09,validation,3,HW_Damped_Add,revenue_only,2,2023-11,1.574501,1.46867074491036
2023-09,validation,3,HW_Damped_Add,revenue_only,3,2023-12,1.434115,1.456583678111513
2023-09,validation,3,Ridge,revenue_only,1,2023-10,1.40599,1.4660270568586427
2023-09,validation,3,Ridge,revenue_only,2,2023-11,1.574501,1.4547116342028554
2023-09,validation,3,Ridge,revenue_only,3,2023-12,1.434115,1.4616655002207135
2023-09,validation,3,GradientBoosting,revenue_only,1,2023-10,1.40599,1.3800601460920616
2023-09,validation,3,GradientBoosting,revenue_only,2,2023-11,1.574501,1.4223914074724235
2023-09,validation,3,GradientBoosting,revenue_only,3,2023-12,1.434115,1.4000599112427767
2023-09,validation,3,Ridge,revenue_plus_financials,1,2023-10,1.40599,1.4117579266029638
2023-09,validation,3,Ridge,revenue_plus_financials,2,2023-11,1.574501,1.3974534072684988
2023-09,validation,3,Ridge,revenue_plus_financials,3,2023-12,1.434115,1.4005216537896288
2023-09,validation,3,GradientBoosting,revenue_plus_financials,1,2023-10,1.40599,1.346439280879172
2023-09,validation,3,GradientBoosting,revenue_plus_financials,2,2023-11,1.574501,1.3857585066402776
2023-09,validation,3,GradientBoosting,revenue_plus_financials,3,2023-12,1.434115,1.3759022475436924
2023-12,holdout,3,HW_Damped_Add,revenue_only,1,2024-01,1.496705,1.468555533267855
2023-12,holdout,3,HW_Damped_Add,revenue_only,2,2024-02,1.185857,1.2926677993502151
2023-12,holdout,3,HW_Damped_Add,revenue_only,3,2024-03,1.750773,1.5369191505044846
2023-12,holdout,3,Ridge,revenue_only,1,2024-01,1.496705,1.5347477022494864
2023-12,holdout,3,Ridge,revenue_only,2,2024-02,1.185857,1.5723642945271852
2023-12,holdout,3,Ridge,revenue_only,3,2024-03,1.750773,1.6133035175015804
2023-12,holdout,3,GradientBoosting,revenue_only,1,2024-01,1.496705,1.4844210058330825
2023-12,holdout,3,GradientBoosting,revenue_only,2,2024-02,1.185857,1.4348898359011155
2023-12,holdout,3,GradientBoosting,revenue_only,3,2024-03,1.750773,1.595249055656337
2023-12,holdout,3,Ridge,revenue_plus_financials,1,2024-01,1.496705,1.4907817912902543
2023-12,holdout,3,Ridge,revenue_plus_financials,2,2024-02,1.185857,1.5254582649236625
2023-12,holdout,3,Ridge,revenue_plus_financials,3,2024-03,1.750773,1.5643861793621794
2023-12,holdout,3,GradientBoosting,revenue_plus_financials,1,2024-01,1.496705,1.4530592795975863
2023-12,holdout,3,GradientBoosting,revenue_plus_financials,2,2024-02,1.185857,1.3917425954679818
2023-12,holdout,3,GradientBoosting,revenue_plus_financials,3,2024-03,1.750773,1.5218218907570873
2024-03,holdout,3,HW_Damped_Add,revenue_only,1,2024-04,1.822102,1.6688502918210713
2024-03,holdout,3,HW_Damped_Add,revenue_only,2,2024-05,1.940296,1.6608474197186176
2024-03,holdout,3,HW_Damped_Add,revenue_only,3,2024-06,1.942367,1.5745463788487457
2024-03,holdout,3,Ridge,revenue_only,1,2024-04,1.822102,1.6793262203361556
2024-03,holdout,3,Ridge,revenue_only,2,2024-05,1.940296,1.702636414327175
2024-03,holdout,3,Ridge,revenue_only,3,2024-06,1.942367,1.7055786838127889
2024-03,holdout,3,GradientBoosting,revenue_only,1,2024-04,1.822102,1.749838496059008
2024-03,holdout,3,GradientBoosting,revenue_only,2,2024-05,1.940296,1.7545937804130354
2024-03,holdout,3,GradientBoosting,revenue_only,3,2024-06,1.942367,1.7080884448612785
2024-03,holdout,3,Ridge,revenue_plus_financials,1,2024-04,1.822102,1.614912529254078
2024-03,holdout,3,Ridge,revenue_plus_financials,2,2024-05,1.940296,1.637478895653683
2024-03,holdout,3,Ridge,revenue_plus_financials,3,2024-06,1.942367,1.6407872546682514
2024-03,holdout,3,GradientBoosting,revenue_plus_financials,1,2024-04,1.822102,1.67663002601227
2024-03,holdout,3,GradientBoosting,revenue_plus_financials,2,2024-05,1.940296,1.67663002601227
2024-03,holdout,3,GradientBoosting,revenue_plus_financials,3,2024-06,1.942367,1.6281039017401038
2024-06,holdout,3,HW_Damped_Add,revenue_only,1,2024-07,2.140634,1.9986073377638156
2024-06,holdout,3,HW_Damped_Add,revenue_only,2,2024-08,2.211638,2.0201042972771206
2024-06,holdout,3,HW_Damped_Add,revenue_only,3,2024-09,2.269814,1.9690813820936255
2024-06,holdout,3,Ridge,revenue_only,1,2024-07,2.140634,2.001943341333026
2024-06,holdout,3,Ridge,revenue_only,2,2024-08,2.211638,1.9617582260889737
2024-06,holdout,3,Ridge,revenue_only,3,2024-09,2.269814,1.9152836356138803
2024-06,holdout,3,GradientBoosting,revenue_only,1,2024-07,2.140634,1.8207719182643072
2024-06,holdout,3,GradientBoosting,revenue_only,2,2024-08,2.211638,1.8207719182643072
2024-06,holdout,3,GradientBoosting,revenue_only,3,2024-09,2.269814,1.8207719182643072
2024-06,holdout,3,Ridge,revenue_plus_financials,1,2024-07,2.140634,1.8963940892749196
2024-06,holdout,3,Ridge,revenue_plus_financials,2,2024-08,2.211638,1.856515848430584
2024-06,holdout,3,Ridge,revenue_plus_financials,3,2024-09,2.269814,1.8100248327783888
2024-06,holdout,3,GradientBoosting,revenue_plus_financials,1,2024-07,2.140634,1.8257627696782004
2024-06,holdout,3,GradientBoosting,revenue_plus_financials,2,2024-08,2.211638,1.8257627696782004
2024-06,holdout,3,GradientBoosting,revenue_plus_financials,3,2024-09,2.269814,1.8257627696782004
2024-09,holdout,3,HW_Damped_Add,revenue_only,1,2024-10,2.030244,2.2081590469793633
2024-09,holdout,3,HW_Damped_Add,revenue_only,2,2024-11,2.260922,2.2816827250040204
2024-09,holdout,3,HW_Damped_Add,revenue_only,3,2024-12,2.018859,2.2553357884004486
2024-09,holdout,3,Ridge,revenue_only,1,2024-10,2.030244,2.0077403125749855
2024-09,holdout,3,Ridge,revenue_only,2,2024-11,2.260922,1.9845891535159874
2024-09,holdout,3,Ridge,revenue_only,3,2024-12,2.018859,1.9886910616022777
2024-09,holdout,3,GradientBoosting,revenue_only,1,2024-10,2.030244,1.8692348174225846
2024-09,holdout,3,GradientBoosting,revenue_only,2,2024-11,2.260922,1.8983120824601842
2024-09,holdout,3,GradientBoosting,revenue_only,3,2024-12,2.018859,1.8701221785364117
2024-09,holdout,3,Ridge,revenue_plus_financials,1,2024-10,2.030244,1.9712903258247054
2024-09,holdout,3,Ridge,revenue_plus_financials,2,2024-11,2.260922,1.94583441885386
2024-09,holdout,3,Ridge,revenue_plus_financials,3,2024-12,2.018859,1.9468463629914352
2024-09,holdout,3,GradientBoosting,revenue_plus_financials,1,2024-10,2.030244,1.9399373038571235
2024-09,holdout,3,GradientBoosting,revenue_plus_financials,2,2024-11,2.260922,1.974235872932298
2024-09,holdout,3,GradientBoosting,revenue_plus_financials,3,2024-12,2.018859,1.9440428183115124
2024-12,holdout,3,HW_Damped_Add,revenue_only,1,2025-01,2.021128,2.0326079066904774
2024-12,holdout,3,HW_Damped_Add,revenue_only,2,2025-02,2.153377,1.84392315882828
2024-12,holdout,3,HW_Damped_Add,revenue_only,3,2025-03,2.194287,2.11333923923203
2024-12,holdout,3,Ridge,revenue_only,1,2025-01,2.021128,1.9347366682261125
2024-12,holdout,3,Ridge,revenue_only,2,2025-02,2.153377,1.9867638713367652
2024-12,holdout,3,Ridge,revenue_only,3,2025-03,2.194287,2.0505738235391933
2024-12,holdout,3,GradientBoosting,revenue_only,1,2025-01,2.021128,2.036086384549763
2024-12,holdout,3,GradientBoosting,revenue_only,2,2025-02,2.153377,1.8977470998332926
2024-12,holdout,3,GradientBoosting,revenue_only,3,2025-03,2.194287,2.0475535360679062
2024-12,holdout,3,Ridge,revenue_plus_financials,1,2025-01,2.021128,1.9471268551903
2024-12,holdout,3,Ridge,revenue_plus_financials,2,2025-02,2.153377,1.9978948299794974
2024-12,holdout,3,Ridge,revenue_plus_financials,3,2025-03,2.194287,2.0615355823668815
2024-12,holdout,3,GradientBoosting,revenue_plus_financials,1,2025-01,2.021128,2.0409976012551643
2024-12,holdout,3,GradientBoosting,revenue_plus_financials,2,2025-02,2.153377,1.9026475939435448
2024-12,holdout,3,GradientBoosting,revenue_plus_financials,3,2025-03,2.194287,2.0246831921098534
2025-03,holdout,3,HW_Damped_Add,revenue_only,1,2025-04,2.328755,2.223983817876588
2025-03,holdout,3,HW_Damped_Add,revenue_only,2,2025-05,2.098333,2.2243352265977436
2025-03,holdout,3,HW_Damped_Add,revenue_only,3,2025-06,2.356699,2.143239632548899
2025-03,holdout,3,Ridge,revenue_only,1,2025-04,2.328755,2.0467524126214793
2025-03,holdout,3,Ridge,revenue_only,2,2025-05,2.098333,2.0880570891192254
2025-03,holdout,3,Ridge,revenue_only,3,2025-06,2.356699,2.10262728589085
2025-03,holdout,3,GradientBoosting,revenue_only,1,2025-04,2.328755,2.11343869327403
2025-03,holdout,3,GradientBoosting,revenue_only,2,2025-05,2.098333,2.1111343440415524
2025-03,holdout,3,GradientBoosting,revenue_only,3,2025-06,2.356699,2.1157791987644505
2025-03,holdout,3,Ridge,revenue_plus_financials,1,2025-04,2.328755,2.0857901292130303
2025-03,holdout,3,Ridge,revenue_plus_financials,2,2025-05,2.098333,2.1305297633849136
2025-03,holdout,3,Ridge,revenue_plus_financials,3,2025-06,2.356699,2.1486860413150715
2025-03,holdout,3,GradientBoosting,revenue_plus_financials,1,2025-04,2.328755,2.085153647565179
2025-03,holdout,3,GradientBoosting,revenue_plus_financials,2,2025-05,2.098333,2.106555523727057
2025-03,holdout,3,GradientBoosting,revenue_plus_financials,3,2025-06,2.356699,2.063546363444431
2025-06,holdout,3,HW_Damped_Add,revenue_only,1,2025-07,2.667033,2.367490544807818
2025-06,holdout,3,HW_Damped_Add,revenue_only,2,2025-08,2.544064,2.3916763908940712
2025-06,holdout,3,HW_Damped_Add,revenue_only,3,2025-09,2.851779,2.3483223329881735
2025-06,holdout,3,Ridge,revenue_only,1,2025-07,2.667033,2.136380283590102
2025-06,holdout,3,Ridge,revenue_only,2,2025-08,2.544064,2.097005543683387
2025-06,holdout,3,Ridge,revenue_only,3,2025-09,2.851779,2.0489131253474633
2025-06,holdout,3,GradientBoosting,revenue_only,1,2025-07,2.667033,2.197229174991483
2025-06,holdout,3,GradientBoosting,revenue_only,2,2025-08,2.544064,2.197229174991483
2025-06,holdout,3,GradientBoosting,revenue_only,3,2025-09,2.851779,2.197229174991483
2025-06,holdout,3,Ridge,revenue_plus_financials,1,2025-07,2.667033,2.1738876419448654
2025-06,holdout,3,Ridge,revenue_plus_financials,2,2025-08,2.544064,2.137136051646505
2025-06,holdout,3,Ridge,revenue_plus_financials,3,2025-09,2.851779,2.090098348255943
2025-06,holdout,3,GradientBoosting,revenue_plus_financials,1,2025-07,2.667033,2.074389136631994
2025-06,holdout,3,GradientBoosting,revenue_plus_financials,2,2025-08,2.544064,2.0773141634039964
2025-06,holdout,3,GradientBoosting,revenue_plus_financials,3,2025-09,2.851779,2.0823577457768376
2025-09,holdout,3,HW_Damped_Add,revenue_only,1,2025-10,2.853997,2.6932905579464035
2025-09,holdout,3,HW_Damped_Add,revenue_only,2,2025-11,3.024742,2.7779481808064594
2025-09,holdout,3,HW_Damped_Add,revenue_only,3,2025-12,3.250133,2.731662423887269
2025-09,holdout,3,Ridge,revenue_only,1,2025-10,2.853997,2.363827409151452
2025-09,holdout,3,Ridge,revenue_only,2,2025-11,3.024742,2.3306388558670985
2025-09,holdout,3,Ridge,revenue_only,3,2025-12,3.250133,2.327141077932758
2025-09,holdout,3,GradientBoosting,revenue_only,1,2025-10,2.853997,2.378405978510346
2025-09,holdout,3,GradientBoosting,revenue_only,2,2025-11,3.024742,2.4363624664841588
2025-09,holdout,3,GradientBoosting,revenue_only,3,2025-12,3.250133,2.3824890037805764
2025-09,holdout,3,Ridge,revenue_plus_financials,1,2025-10,2.853997,2.448866755254149
2025-09,holdout,3,Ridge,revenue_plus_financials,2,2025-11,3.024742,2.415001485405485
2025-09,holdout,3,Ridge,revenue_plus_financials,3,2025-12,3.250133,2.410132206819379
2025-09,holdout,3,GradientBoosting,revenue_plus_financials,1,2025-10,2.853997,2.4294574831255127
2025-09,holdout,3,GradientBoosting,revenue_plus_financials,2,2025-11,3.024742,2.479172015504459
2025-09,holdout,3,GradientBoosting,revenue_plus_financials,3,2025-12,3.250133,2.4480935088040017
2025-12,holdout,3,HW_Damped_Add,revenue_only,1,2026-01,3.533279,3.265135970585192
2025-12,holdout,3,HW_Damped_Add,revenue_only,2,2026-02,2.740833,3.160951933784651
2025-12,holdout,3,HW_Damped_Add,revenue_only,3,2026-03,3.781706,3.471796410836915
2025-12,holdout,3,Ridge,revenue_only,1,2026-01,3.533279,2.9544116129170277
2025-12,holdout,3,Ridge,revenue_only,2,2026-02,2.740833,3.0235390042350123
2025-12,holdout,3,Ridge,revenue_only,3,2026-03,3.781706,3.1106404090273396
2025-12,holdout,3,GradientBoosting,revenue_only,1,2026-01,3.533279,2.941794987764731
2025-12,holdout,3,GradientBoosting,revenue_only,2,2026-02,2.740833,2.8523994127407795
2025-12,holdout,3,GradientBoosting,revenue_only,3,2026-03,3.781706,2.9173038607660398
2025-12,holdout,3,Ridge,revenue_plus_financials,1,2026-01,3.533279,3.0154729165351344
2025-12,holdout,3,Ridge,revenue_plus_financials,2,2026-02,2.740833,3.085030354185902
2025-12,holdout,3,Ridge,revenue_plus_financials,3,2026-03,3.781706,3.1748860116519215
2025-12,holdout,3,GradientBoosting,revenue_plus_financials,1,2026-01,3.533279,2.9081098765830697
2025-12,holdout,3,GradientBoosting,revenue_plus_financials,2,2026-02,2.740833,2.83906396331823
2025-12,holdout,3,GradientBoosting,revenue_plus_financials,3,2026-03,3.781706,2.918262593879559
2026-03,holdout,3,HW_Damped_Add,revenue_only,1,2026-04,4.610166,3.6735787510439684
2026-03,holdout,3,HW_Damped_Add,revenue_only,2,2026-05,4.794425,3.734834964712402
2026-03,holdout,3,HW_Damped_Add,revenue_only,3,2026-06,4.895221,3.7574654558767286
2026-03,holdout,3,Ridge,revenue_only,1,2026-04,4.610166,3.603645816258161
2026-03,holdout,3,Ridge,revenue_only,2,2026-05,4.794425,3.6787868611638803
2026-03,holdout,3,Ridge,revenue_only,3,2026-06,4.895221,3.7177986720666567
2026-03,holdout,3,GradientBoosting,revenue_only,1,2026-04,4.610166,3.069664967198652
2026-03,holdout,3,GradientBoosting,revenue_only,2,2026-05,4.794425,3.0811603419903917
2026-03,holdout,3,GradientBoosting,revenue_only,3,2026-06,4.895221,3.071683661633738
2026-03,holdout,3,Ridge,revenue_plus_financials,1,2026-04,4.610166,3.60381418931429
2026-03,holdout,3,Ridge,revenue_plus_financials,2,2026-05,4.794425,3.6866681058843573
2026-03,holdout,3,Ridge,revenue_plus_financials,3,2026-06,4.895221,3.734377117718599
2026-03,holdout,3,GradientBoosting,revenue_plus_financials,1,2026-04,4.610166,3.050913018110714
2026-03,holdout,3,GradientBoosting,revenue_plus_financials,2,2026-05,4.794425,3.0671021086668695
2026-03,holdout,3,GradientBoosting,revenue_plus_financials,3,2026-06,4.895221,3.059032899879626
2026-06,holdout,3,HW_Damped_Add,revenue_only,1,2026-07,5.908074,5.210796145061546
2026-06,holdout,3,HW_Damped_Add,revenue_only,2,2026-08,5.91454,5.434308429005931
2026-06,holdout,3,HW_Damped_Add,revenue_only,3,2026-09,6.12557,5.625931681224267
2026-06,holdout,3,Ridge,revenue_only,1,2026-07,5.908074,5.285133720441206
2026-06,holdout,3,Ridge,revenue_only,2,2026-08,5.91454,5.227613392021011
2026-06,holdout,3,Ridge,revenue_only,3,2026-09,6.12557,5.151832738822181
2026-06,holdout,3,GradientBoosting,revenue_only,1,2026-07,5.908074,4.4845286676973775
2026-06,holdout,3,GradientBoosting,revenue_only,2,2026-08,5.91454,4.4845286676973775
2026-06,holdout,3,GradientBoosting,revenue_only,3,2026-09,6.12557,4.276020052372986
2026-06,holdout,3,Ridge,revenue_plus_financials,1,2026-07,5.908074,3.957598077051033
2026-06,holdout,3,Ridge,revenue_plus_financials,2,2026-08,5.91454,3.9181147777204437
2026-06,holdout,3,Ridge,revenue_plus_financials,3,2026-09,6.12557,3.860143460620831
2026-06,holdout,3,GradientBoosting,revenue_plus_financials,1,2026-07,5.908074,4.383764801495752
2026-06,holdout,3,GradientBoosting,revenue_plus_financials,2,2026-08,5.91454,4.391727666612154
2026-06,holdout,3,GradientBoosting,revenue_plus_financials,3,2026-09,6.12557,4.236655805143016
2020-12,validation,6,HW_Damped_Add,revenue_only,1,2021-01,1.54903,1.4400720705554075
2020-12,validation,6,HW_Damped_Add,revenue_only,2,2021-02,1.415693,1.2390320796877534
2020-12,validation,6,HW_Damped_Add,revenue_only,3,2021-03,1.728671,1.4954228184519451
2020-12,validation,6,HW_Damped_Add,revenue_only,4,2021-04,1.770181,1.5025438374631783
2020-12,validation,6,HW_Damped_Add,revenue_only,5,2021-05,1.8031,1.4677704278318373
2020-12,validation,6,HW_Damped_Add,revenue_only,6,2021-06,1.869965,1.380332844664651
2020-12,validation,6,Ridge,revenue_only,1,2021-01,1.54903,1.4449971428236887
2020-12,validation,6,Ridge,revenue_only,2,2021-02,1.415693,1.4884232998158076
2020-12,validation,6,Ridge,revenue_only,3,2021-03,1.728671,1.5394585683057231
2020-12,validation,6,Ridge,revenue_only,4,2021-04,1.770181,1.5849603056316317
2020-12,validation,6,Ridge,revenue_only,5,2021-05,1.8031,1.6122705090422915
2020-12,validation,6,Ridge,revenue_only,6,2021-06,1.869965,1.6135724382842438
2020-12,validation,6,GradientBoosting,revenue_only,1,2021-01,1.54903,1.3742376817563642
2020-12,validation,6,GradientBoosting,revenue_only,2,2021-02,1.415693,1.208910864408651
2020-12,validation,6,GradientBoosting,revenue_only,3,2021-03,1.728671,1.4555056982210037
2020-12,validation,6,GradientBoosting,revenue_only,4,2021-04,1.770181,1.5667176500190318
2020-12,validation,6,GradientBoosting,revenue_only,5,2021-05,1.8031,1.5667176500190318
2020-12,validation,6,GradientBoosting,revenue_only,6,2021-06,1.869965,1.500304929960529
2020-12,validation,6,Ridge,revenue_plus_financials,1,2021-01,1.54903,1.3867085098965888
2020-12,validation,6,Ridge,revenue_plus_financials,2,2021-02,1.415693,1.4240341623832484
2020-12,validation,6,Ridge,revenue_plus_financials,3,2021-03,1.728671,1.4695746261813685
2020-12,validation,6,Ridge,revenue_plus_financials,4,2021-04,1.770181,1.5115656325492557
2020-12,validation,6,Ridge,revenue_plus_financials,5,2021-05,1.8031,1.538294049625044
2020-12,validation,6,Ridge,revenue_plus_financials,6,2021-06,1.869965,1.5419854993044795
2020-12,validation,6,GradientBoosting,revenue_plus_financials,1,2021-01,1.54903,1.3660568085356162
2020-12,validation,6,GradientBoosting,revenue_plus_financials,2,2021-02,1.415693,1.1990757395308358
2020-12,validation,6,GradientBoosting,revenue_plus_financials,3,2021-03,1.728671,1.426018258551375
2020-12,validation,6,GradientBoosting,revenue_plus_financials,4,2021-04,1.770181,1.5451603239858225
2020-12,validation,6,GradientBoosting,revenue_plus_financials,5,2021-05,1.8031,1.5420900658127317
2020-12,validation,6,GradientBoosting,revenue_plus_financials,6,2021-06,1.869965,1.4540279341101086
2021-03,validation,6,HW_Damped_Add,revenue_only,1,2021-04,1.770181,1.7350910247211755
2021-03,validation,6,HW_Damped_Add,revenue_only,2,2021-05,1.8031,1.6996148227074392
2021-03,validation,6,HW_Damped_Add,revenue_only,3,2021-06,1.869965,1.611479493268658
2021-03,validation,6,HW_Damped_Add,revenue_only,4,2021-07,1.928594,1.6944545190088953
2021-03,validation,6,HW_Damped_Add,revenue_only,5,2021-08,1.945708,1.7200336127414195
2021-03,validation,6,HW_Damped_Add,revenue_only,6,2021-09,1.795957,1.655109907330531
2021-03,validation,6,Ridge,revenue_only,1,2021-04,1.770181,1.6424964696196809
2021-03,validation,6,Ridge,revenue_only,2,2021-05,1.8031,1.6686399094566682
2021-03,validation,6,Ridge,revenue_only,3,2021-06,1.869965,1.6676716091351005
2021-03,validation,6,Ridge,revenue_only,4,2021-07,1.928594,1.640920805604036
2021-03,validation,6,Ridge,revenue_only,5,2021-08,1.945708,1.5975246658656947
2021-03,validation,6,Ridge,revenue_only,6,2021-09,1.795957,1.550890845808402
2021-03,validation,6,GradientBoosting,revenue_only,1,2021-04,1.770181,1.7101537891986534
2021-03,validation,6,GradientBoosting,revenue_only,2,2021-05,1.8031,1.6955473632327736
2021-03,validation,6,GradientBoosting,revenue_only,3,2021-06,1.869965,1.5909145396334625
2021-03,validation,6,GradientBoosting,revenue_only,4,2021-07,1.928594,1.5964643464075752
2021-03,validation,6,GradientBoosting,revenue_only,5,2021-08,1.945708,1.5421841413399417
2021-03,validation,6,GradientBoosting,revenue_only,6,2021-09,1.795957,1.3945022419614306
2021-03,validation,6,Ridge,revenue_plus_financials,1,2021-04,1.770181,1.5779585852141695
2021-03,validation,6,Ridge,revenue_plus_financials,2,2021-05,1.8031,1.6028828884778754
2021-03,validation,6,Ridge,revenue_plus_financials,3,2021-06,1.869965,1.602434138054256
2021-03,validation,6,Ridge,revenue_plus_financials,4,2021-07,1.928594,1.577624158203934
2021-03,validation,6,Ridge,revenue_plus_financials,5,2021-08,1.945708,1.5368371222924642
2021-03,validation,6,Ridge,revenue_plus_financials,6,2021-09,1.795957,1.492592856200914
2021-03,validation,6,GradientBoosting,revenue_plus_financials,1,2021-04,1.770181,1.6717951451368693
2021-03,validation,6,GradientBoosting,revenue_plus_financials,2,2021-05,1.8031,1.6717951451368693
2021-03,validation,6,GradientBoosting,revenue_plus_financials,3,2021-06,1.869965,1.5812274020227257
2021-03,validation,6,GradientBoosting,revenue_plus_financials,4,2021-07,1.928594,1.587501380118304
2021-03,validation,6,GradientBoosting,revenue_plus_financials,5,2021-08,1.945708,1.5472452547497164
2021-03,validation,6,GradientBoosting,revenue_plus_financials,6,2021-09,1.795957,1.4175664257949894
2021-06,validation,6,HW_Damped_Add,revenue_only,1,2021-07,1.928594,1.9518561862862307
2021-06,validation,6,HW_Damped_Add,revenue_only,2,2021-08,1.945708,1.9763566797744478
2021-06,validation,6,HW_Damped_Add,revenue_only,3,2021-09,1.795957,1.9103607813367847
2021-06,validation,6,HW_Damped_Add,revenue_only,4,2021-10,1.704222,1.87147325693665
2021-06,validation,6,HW_Damped_Add,revenue_only,5,2021-11,1.801408,1.9235307332099045
2021-06,validation,6,HW_Damped_Add,revenue_only,6,2021-12,1.81951,1.9212366263106817
2021-06,validation,6,Ridge,revenue_only,1,2021-07,1.928594,1.7186816337710973
2021-06,validation,6,Ridge,revenue_only,2,2021-08,1.945708,1.668305108877877
2021-06,validation,6,Ridge,revenue_only,3,2021-09,1.795957,1.614079301527384
2021-06,validation,6,Ridge,revenue_only,4,2021-10,1.704222,1.57167248263594
2021-06,validation,6,Ridge,revenue_only,5,2021-11,1.801408,1.5525960763850648
2021-06,validation,6,Ridge,revenue_only,6,2021-12,1.81951,1.5624584312610241
2021-06,validation,6,GradientBoosting,revenue_only,1,2021-07,1.928594,1.7577551292781841
2021-06,validation,6,GradientBoosting,revenue_only,2,2021-08,1.945708,1.6941746269435505
2021-06,validation,6,GradientBoosting,revenue_only,3,2021-09,1.795957,1.5207202436564013
2021-06,validation,6,GradientBoosting,revenue_only,4,2021-10,1.704222,1.3604454635892114
2021-06,validation,6,GradientBoosting,revenue_only,5,2021-11,1.801408,1.4452894069814564
2021-06,validation,6,GradientBoosting,revenue_only,6,2021-12,1.81951,1.4560321139794976
2021-06,validation,6,Ridge,revenue_plus_financials,1,2021-07,1.928594,1.7130331626763082
2021-06,validation,6,Ridge,revenue_plus_financials,2,2021-08,1.945708,1.6608726510102905
2021-06,validation,6,Ridge,revenue_plus_financials,3,2021-09,1.795957,1.6042889938505205
2021-06,validation,6,Ridge,revenue_plus_financials,4,2021-10,1.704222,1.559491622572324
2021-06,validation,6,Ridge,revenue_plus_financials,5,2021-11,1.801408,1.5384314395116996
2021-06,validation,6,Ridge,revenue_plus_financials,6,2021-12,1.81951,1.5470165099865685
2021-06,validation,6,GradientBoosting,revenue_plus_financials,1,2021-07,1.928594,1.7461144248097766
2021-06,validation,6,GradientBoosting,revenue_plus_financials,2,2021-08,1.945708,1.6768530943379583
2021-06,validation,6,GradientBoosting,revenue_plus_financials,3,2021-09,1.795957,1.5291936192144058
2021-06,validation,6,GradientBoosting,revenue_plus_financials,4,2021-10,1.704222,1.3460251881682999
2021-06,validation,6,GradientBoosting,revenue_plus_financials,5,2021-11,1.801408,1.4384011069072868
2021-06,validation,6,GradientBoosting,revenue_plus_financials,6,2021-12,1.81951,1.453115084907653
2021-09,validation,6,HW_Damped_Add,revenue_only,1,2021-10,1.704222,1.7575420252154017
2021-09,validation,6,HW_Damped_Add,revenue_only,2,2021-11,1.801408,1.8100692900094244
2021-09,validation,6,HW_Damped_Add,revenue_only,3,2021-12,1.81951,1.8082480808299657
2021-09,validation,6,HW_Damped_Add,revenue_only,4,2022-01,1.822394,1.8530155398942867
2021-09,validation,6,HW_Damped_Add,revenue_only,5,2022-02,1.464984,1.658022755328904
2021-09,validation,6,HW_Damped_Add,revenue_only,6,2022-03,1.736445,1.919226681879153
2021-09,validation,6,Ridge,revenue_only,1,2021-10,1.704222,1.5625504199470308
2021-09,validation,6,Ridge,revenue_only,2,2021-11,1.801408,1.5377906806324004
2021-09,validation,6,Ridge,revenue_only,3,2021-12,1.81951,1.5416452693169815
2021-09,validation,6,Ridge,revenue_only,4,2022-01,1.822394,1.5751194053666762
2021-09,validation,6,Ridge,revenue_only,5,2022-02,1.464984,1.6326521938737408
2021-09,validation,6,Ridge,revenue_only,6,2022-03,1.736445,1.7023913795451777
2021-09,validation,6,GradientBoosting,revenue_only,1,2021-10,1.704222,1.4524007333268394
2021-09,validation,6,GradientBoosting,revenue_only,2,2021-11,1.801408,1.5285037886058752
2021-09,validation,6,GradientBoosting,revenue_only,3,2021-12,1.81951,1.4961455200601652
2021-09,validation,6,GradientBoosting,revenue_only,4,2022-01,1.822394,1.4806597210089723
2021-09,validation,6,GradientBoosting,revenue_only,5,2022-02,1.464984,1.3827891612394192
2021-09,validation,6,GradientBoosting,revenue_only,6,2022-03,1.736445,1.7455556921560187
2021-09,validation,6,Ridge,revenue_plus_financials,1,2021-10,1.704222,1.6142256073923362
2021-09,validation,6,Ridge,revenue_plus_financials,2,2021-11,1.801408,1.5891278569449385
2021-09,validation,6,Ridge,revenue_plus_financials,3,2021-12,1.81951,1.594217234765006
2021-09,validation,6,Ridge,revenue_plus_financials,4,2022-01,1.822394,1.6305036731232638
2021-09,validation,6,Ridge,revenue_plus_financials,5,2022-02,1.464984,1.6921012118601706
2021-09,validation,6,Ridge,revenue_plus_financials,6,2022-03,1.736445,1.7664836583156918
2021-09,validation,6,GradientBoosting,revenue_plus_financials,1,2021-10,1.704222,1.4571554828629405
2021-09,validation,6,GradientBoosting,revenue_plus_financials,2,2021-11,1.801408,1.5291846586624056
2021-09,validation,6,GradientBoosting,revenue_plus_financials,3,2021-12,1.81951,1.5109092671302022
2021-09,validation,6,GradientBoosting,revenue_plus_financials,4,2022-01,1.822394,1.4860695196134102
2021-09,validation,6,GradientBoosting,revenue_plus_financials,5,2022-02,1.464984,1.3791958586135946
2021-09,validation,6,GradientBoosting,revenue_plus_financials,6,2022-03,1.736445,1.7646604711944636
2021-12,validation,6,HW_Damped_Add,revenue_only,1,2022-01,1.822394,1.8642351009225544
2021-12,validation,6,HW_Damped_Add,revenue_only,2,2022-02,1.464984,1.6691908860567817
2021-12,validation,6,HW_Damped_Add,revenue_only,3,2022-03,1.736445,1.9303459526176843
2021-12,validation,6,HW_Damped_Add,revenue_only,4,2022-04,1.641441,1.939766811937325
2021-12,validation,6,HW_Damped_Add,revenue_only,5,2022-05,1.658904,1.911007073825644
2021-12,validation,6,HW_Damped_Add,revenue_only,6,2022-06,1.489451,1.8392011492587748
2021-12,validation,6,Ridge,revenue_only,1,2022-01,1.822394,1.5414223858436313
2021-12,validation,6,Ridge,revenue_only,2,2022-02,1.464984,1.5923171559918752
2021-12,validation,6,Ridge,revenue_only,3,2022-03,1.736445,1.6525525376910921
2021-12,validation,6,Ridge,revenue_only,4,2022-04,1.641441,1.7079467529638075
2021-12,validation,6,Ridge,revenue_only,5,2022-05,1.658904,1.7444012177205175
2021-12,validation,6,Ridge,revenue_only,6,2022-06,1.489451,1.7527106432190995
2021-12,validation,6,GradientBoosting,revenue_only,1,2022-01,1.822394,1.692402411694762
2021-12,validation,6,GradientBoosting,revenue_only,2,2022-02,1.464984,1.5869108835773347
2021-12,validation,6,GradientBoosting,revenue_only,3,2022-03,1.736445,1.74086412841358
2021-12,validation,6,GradientBoosting,revenue_only,4,2022-04,1.641441,1.79244829298075
2021-12,validation,6,GradientBoosting,revenue_only,5,2022-05,1.658904,1.8209824404401715
2021-12,validation,6,GradientBoosting,revenue_only,6,2022-06,1.489451,1.8822315486648797
2021-12,validation,6,Ridge,revenue_plus_financials,1,2022-01,1.822394,1.6307438382265094
2021-12,validation,6,Ridge,revenue_plus_financials,2,2022-02,1.464984,1.6884770636410558
2021-12,validation,6,Ridge,revenue_plus_financials,3,2022-03,1.736445,1.7566499053087856
2021-12,validation,6,Ridge,revenue_plus_financials,4,2022-04,1.641441,1.819439178969863
2021-12,validation,6,Ridge,revenue_plus_financials,5,2022-05,1.658904,1.861028386892874
2021-12,validation,6,Ridge,revenue_plus_financials,6,2022-06,1.489451,1.8710665823937753
2021-12,validation,6,GradientBoosting,revenue_plus_financials,1,2022-01,1.822394,1.7216809443932297
2021-12,validation,6,GradientBoosting,revenue_plus_financials,2,2022-02,1.464984,1.5960725394133488
2021-12,validation,6,GradientBoosting,revenue_plus_financials,3,2022-03,1.736445,1.7807044842154245
2021-12,validation,6,GradientBoosting,revenue_plus_financials,4,2022-04,1.641441,1.8160013716956993
2021-12,validation,6,GradientBoosting,revenue_plus_financials,5,2022-05,1.658904,1.8492483149444159
2021-12,validation,6,GradientBoosting,revenue_plus_financials,6,2022-06,1.489451,1.8797927162792818
2022-03,validation,6,HW_Damped_Add,revenue_only,1,2022-04,1.641441,1.7466667994707794
2022-03,validation,6,HW_Damped_Add,revenue_only,2,2022-05,1.658904,1.7186966772219479
2022-03,validation,6,HW_Damped_Add,revenue_only,3,2022-06,1.489451,1.6476876181759201
2022-03,validation,6,HW_Damped_Add,revenue_only,4,2022-07,1.541013,1.7278614228648297
2022-03,validation,6,HW_Damped_Add,revenue_only,5,2022-08,1.483968,1.7524068541108035
2022-03,validation,6,HW_Damped_Add,revenue_only,6,2022-09,1.490297,1.677968107200674
2022-03,validation,6,Ridge,revenue_only,1,2022-04,1.641441,1.644365505582322
2022-03,validation,6,Ridge,revenue_only,2,2022-05,1.658904,1.6775804476911955
2022-03,validation,6,Ridge,revenue_only,3,2022-06,1.489451,1.6845664181674471
2022-03,validation,6,Ridge,revenue_only,4,2022-07,1.541013,1.6644924555812761
2022-03,validation,6,Ridge,revenue_only,5,2022-08,1.483968,1.6248458769052456
2022-03,validation,6,Ridge,revenue_only,6,2022-09,1.490297,1.5784732069443044
2022-03,validation,6,GradientBoosting,revenue_only,1,2022-04,1.641441,1.7408833444605094
2022-03,validation,6,GradientBoosting,revenue_only,2,2022-05,1.658904,1.885169319860843
2022-03,validation,6,GradientBoosting,revenue_only,3,2022-06,1.489451,1.8710013194155666
2022-03,validation,6,GradientBoosting,revenue_only,4,2022-07,1.541013,1.8739896512208307
2022-03,validation,6,GradientBoosting,revenue_only,5,2022-08,1.483968,1.8193529931142147
2022-03,validation,6,GradientBoosting,revenue_only,6,2022-09,1.490297,1.7507592894537933
2022-03,validation,6,Ridge,revenue_plus_financials,1,2022-04,1.641441,1.7417937724903971
2022-03,validation,6,Ridge,revenue_plus_financials,2,2022-05,1.658904,1.7823059547584625
2022-03,validation,6,Ridge,revenue_plus_financials,3,2022-06,1.489451,1.7939551046929683
2022-03,validation,6,Ridge,revenue_plus_financials,4,2022-07,1.541013,1.7748307738937639
2022-03,validation,6,Ridge,revenue_plus_financials,5,2022-08,1.483968,1.732590754082323
2022-03,validation,6,Ridge,revenue_plus_financials,6,2022-09,1.490297,1.6813653539160052
2022-03,validation,6,GradientBoosting,revenue_plus_financials,1,2022-04,1.641441,1.7459692679211836
2022-03,validation,6,GradientBoosting,revenue_plus_financials,2,2022-05,1.658904,1.8934207171994744
2022-03,validation,6,GradientBoosting,revenue_plus_financials,3,2022-06,1.489451,1.8608430806202887
2022-03,validation,6,GradientBoosting,revenue_plus_financials,4,2022-07,1.541013,1.8699443773518811
2022-03,validation,6,GradientBoosting,revenue_plus_financials,5,2022-08,1.483968,1.814059941455798
2022-03,validation,6,GradientBoosting,revenue_plus_financials,6,2022-09,1.490297,1.7719003952995735
2022-06,validation,6,HW_Damped_Add,revenue_only,1,2022-07,1.541013,1.5700620820478357
2022-06,validation,6,HW_Damped_Add,revenue_only,2,2022-08,1.483968,1.5950475108590028
2022-06,validation,6,HW_Damped_Add,revenue_only,3,2022-09,1.490297,1.5210493182594764
2022-06,validation,6,HW_Damped_Add,revenue_only,4,2022-10,1.327315,1.4775915883421487
2022-06,validation,6,HW_Damped_Add,revenue_only,5,2022-11,1.473019,1.5359656033410083
2022-06,validation,6,HW_Damped_Add,revenue_only,6,2022-12,1.342897,1.537241163943505
2022-06,validation,6,Ridge,revenue_only,1,2022-07,1.541013,1.649136986940182
2022-06,validation,6,Ridge,revenue_only,2,2022-08,1.483968,1.6112509818531013
2022-06,validation,6,Ridge,revenue_only,3,2022-09,1.490297,1.5679413463351222
2022-06,validation,6,Ridge,revenue_only,4,2022-10,1.327315,1.5316820697716598
2022-06,validation,6,Ridge,revenue_only,5,2022-11,1.473019,1.512319744336043
2022-06,validation,6,Ridge,revenue_only,6,2022-12,1.342897,1.5152228576528082
2022-06,validation,6,GradientBoosting,revenue_only,1,2022-07,1.541013,1.7167346068779559
2022-06,validation,6,GradientBoosting,revenue_only,2,2022-08,1.483968,1.6980068136851465
2022-06,validation,6,GradientBoosting,revenue_only,3,2022-09,1.490297,1.67640756349525
2022-06,validation,6,GradientBoosting,revenue_only,4,2022-10,1.327315,1.6339920328272934
2022-06,validation,6,GradientBoosting,revenue_only,5,2022-11,1.473019,1.7108509989432115
2022-06,validation,6,GradientBoosting,revenue_only,6,2022-12,1.342897,1.6924755005386913
2022-06,validation,6,Ridge,revenue_plus_financials,1,2022-07,1.541013,1.5996013630752766
2022-06,validation,6,Ridge,revenue_plus_financials,2,2022-08,1.483968,1.5623224863773106
2022-06,validation,6,Ridge,revenue_plus_financials,3,2022-09,1.490297,1.5189903942198495
2022-06,validation,6,Ridge,revenue_plus_financials,4,2022-10,1.327315,1.4822213236663393
2022-06,validation,6,Ridge,revenue_plus_financials,5,2022-11,1.473019,1.4620807648117924
2022-06,validation,6,Ridge,revenue_plus_financials,6,2022-12,1.342897,1.4641888789117237
2022-06,validation,6,GradientBoosting,revenue_plus_financials,1,2022-07,1.541013,1.7072669876435966
2022-06,validation,6,GradientBoosting,revenue_plus_financials,2,2022-08,1.483968,1.6753092179870381
2022-06,validation,6,GradientBoosting,revenue_plus_financials,3,2022-09,1.490297,1.6575637942336592
2022-06,validation,6,GradientBoosting,revenue_plus_financials,4,2022-10,1.327315,1.611727280934439
2022-06,validation,6,GradientBoosting,revenue_plus_financials,5,2022-11,1.473019,1.6904778333949133
2022-06,validation,6,GradientBoosting,revenue_plus_financials,6,2022-12,1.342897,1.66349128962049
2022-09,validation,6,HW_Damped_Add,revenue_only,1,2022-10,1.327315,1.4467161555803474
2022-09,validation,6,HW_Damped_Add,revenue_only,2,2022-11,1.473019,1.5049715912476944
2022-09,validation,6,HW_Damped_Add,revenue_only,3,2022-12,1.342897,1.5061296533189217
2022-09,validation,6,HW_Damped_Add,revenue_only,4,2023-01,1.083168,1.5470100014237995
2022-09,validation,6,HW_Damped_Add,revenue_only,5,2023-02,1.255319,1.3364618087549267
2022-09,validation,6,HW_Damped_Add,revenue_only,6,2023-03,1.314268,1.5993775004371922
2022-09,validation,6,Ridge,revenue_only,1,2022-10,1.327315,1.6075537621667302
2022-09,validation,6,Ridge,revenue_only,2,2022-11,1.473019,1.590865586110516
2022-09,validation,6,Ridge,revenue_only,3,2022-12,1.342897,1.5982480870440008
2022-09,validation,6,Ridge,revenue_only,4,2023-01,1.083168,1.6289048695777726
2022-09,validation,6,Ridge,revenue_only,5,2023-02,1.255319,1.6765401023371813
2022-09,validation,6,Ridge,revenue_only,6,2023-03,1.314268,1.7301409397594893
2022-09,validation,6,GradientBoosting,revenue_only,1,2022-10,1.327315,1.5042629444878353
2022-09,validation,6,GradientBoosting,revenue_only,2,2022-11,1.473019,1.580588719991223
2022-09,validation,6,GradientBoosting,revenue_only,3,2022-12,1.342897,1.580588719991223
2022-09,validation,6,GradientBoosting,revenue_only,4,2023-01,1.083168,1.580588719991223
2022-09,validation,6,GradientBoosting,revenue_only,5,2023-02,1.255319,1.4545863488144206
2022-09,validation,6,GradientBoosting,revenue_only,6,2023-03,1.314268,1.5989181827666863
2022-09,validation,6,Ridge,revenue_plus_financials,1,2022-10,1.327315,1.514449731684746
2022-09,validation,6,Ridge,revenue_plus_financials,2,2022-11,1.473019,1.495270115961468
2022-09,validation,6,Ridge,revenue_plus_financials,3,2022-12,1.342897,1.4998135952294107
2022-09,validation,6,Ridge,revenue_plus_financials,4,2023-01,1.083168,1.5276879420122005
2022-09,validation,6,Ridge,revenue_plus_financials,5,2023-02,1.255319,1.5730727590810565
2022-09,validation,6,Ridge,revenue_plus_financials,6,2023-03,1.314268,1.625372718784226
2022-09,validation,6,GradientBoosting,revenue_plus_financials,1,2022-10,1.327315,1.4907642995628272
2022-09,validation,6,GradientBoosting,revenue_plus_financials,2,2022-11,1.473019,1.5496457936669497
2022-09,validation,6,GradientBoosting,revenue_plus_financials,3,2022-12,1.342897,1.5496457936669497
2022-09,validation,6,GradientBoosting,revenue_plus_financials,4,2023-01,1.083168,1.5496457936669497
2022-09,validation,6,GradientBoosting,revenue_plus_financials,5,2023-02,1.255319,1.4298021188706578
2022-09,validation,6,GradientBoosting,revenue_plus_financials,6,2023-03,1.314268,1.5637893543634283
2022-12,validation,6,HW_Damped_Add,revenue_only,1,2023-01,1.083168,1.3839648940016898
2022-12,validation,6,HW_Damped_Add,revenue_only,2,2023-02,1.255319,1.173460477551296
2022-12,validation,6,HW_Damped_Add,revenue_only,3,2023-03,1.314268,1.436437720679349
2022-12,validation,6,HW_Damped_Add,revenue_only,4,2023-04,1.202371,1.4362284132704735
2022-12,validation,6,HW_Damped_Add,revenue_only,5,2023-05,1.347897,1.4129126101721752
2022-12,validation,6,HW_Damped_Add,revenue_only,6,2023-06,1.206388,1.3321903154900754
2022-12,validation,6,Ridge,revenue_only,1,2023-01,1.083168,1.6309094951428125
2022-12,validation,6,Ridge,revenue_only,2,2023-02,1.255319,1.6863715689867722
2022-12,validation,6,Ridge,revenue_only,3,2023-03,1.314268,1.7488943337045901
2022-12,validation,6,Ridge,revenue_only,4,2023-04,1.202371,1.8025737568453941
2022-12,validation,6,Ridge,revenue_only,5,2023-05,1.347897,1.8327038942984544
2022-12,validation,6,Ridge,revenue_only,6,2023-06,1.206388,1.8310531632248837
2022-12,validation,6,GradientBoosting,revenue_only,1,2023-01,1.083168,1.453361919361992
2022-12,validation,6,GradientBoosting,revenue_only,2,2023-02,1.255319,1.367674243519477
2022-12,validation,6,GradientBoosting,revenue_only,3,2023-03,1.314268,1.5732113275655393
2022-12,validation,6,GradientBoosting,revenue_only,4,2023-04,1.202371,1.5761396261007896
2022-12,validation,6,GradientBoosting,revenue_only,5,2023-05,1.347897,1.5761396261007896
2022-12,validation,6,GradientBoosting,revenue_only,6,2023-06,1.206388,1.539616694564019
2022-12,validation,6,Ridge,revenue_plus_financials,1,2023-01,1.083168,1.5319020190094221
2022-12,validation,6,Ridge,revenue_plus_financials,2,2023-02,1.255319,1.580021573324151
2022-12,validation,6,Ridge,revenue_plus_financials,3,2023-03,1.314268,1.63582486173055
2022-12,validation,6,Ridge,revenue_plus_financials,4,2023-04,1.202371,1.6848933587422072
2022-12,validation,6,Ridge,revenue_plus_financials,5,2023-05,1.347897,1.713521833615235
2022-12,validation,6,Ridge,revenue_plus_financials,6,2023-06,1.206388,1.7135110467207326
2022-12,validation,6,GradientBoosting,revenue_plus_financials,1,2023-01,1.083168,1.4125853456652324
2022-12,validation,6,GradientBoosting,revenue_plus_financials,2,2023-02,1.255319,1.309954133171946
2022-12,validation,6,GradientBoosting,revenue_plus_financials,3,2023-03,1.314268,1.5206220705525428
2022-12,validation,6,GradientBoosting,revenue_plus_financials,4,2023-04,1.202371,1.5258503217945432
2022-12,validation,6,GradientBoosting,revenue_plus_financials,5,2023-05,1.347897,1.5258503217945432
2022-12,validation,6,GradientBoosting,revenue_plus_financials,6,2023-06,1.206388,1.4791194232580587
2023-03,validation,6,HW_Damped_Add,revenue_only,1,2023-04,1.202371,1.3438539884910126
2023-03,validation,6,HW_Damped_Add,revenue_only,2,2023-05,1.347897,1.321033369326941
2023-03,validation,6,HW_Damped_Add,revenue_only,3,2023-06,1.206388,1.2408096944737528
2023-03,validation,6,HW_Damped_Add,revenue_only,4,2023-07,1.296055,1.3187722597998257
2023-03,validation,6,HW_Damped_Add,revenue_only,5,2023-08,1.382764,1.3358302671452214
2023-03,validation,6,HW_Damped_Add,revenue_only,6,2023-09,1.499206,1.2701629033104136
2023-03,validation,6,Ridge,revenue_only,1,2023-04,1.202371,1.6481644773510251
2023-03,validation,6,Ridge,revenue_only,2,2023-05,1.347897,1.6891350211260143
2023-03,validation,6,Ridge,revenue_only,3,2023-06,1.206388,1.7012829190087586
2023-03,validation,6,Ridge,revenue_only,4,2023-07,1.296055,1.6814063501253185
2023-03,validation,6,Ridge,revenue_only,5,2023-08,1.382764,1.6364015352130246
2023-03,validation,6,Ridge,revenue_only,6,2023-09,1.499206,1.5803556454178993
2023-03,validation,6,GradientBoosting,revenue_only,1,2023-04,1.202371,1.4736891601664688
2023-03,validation,6,GradientBoosting,revenue_only,2,2023-05,1.347897,1.4673204181922148
2023-03,validation,6,GradientBoosting,revenue_only,3,2023-06,1.206388,1.5071117894931672
2023-03,validation,6,GradientBoosting,revenue_only,4,2023-07,1.296055,1.532322082571609
2023-03,validation,6,GradientBoosting,revenue_only,5,2023-08,1.382764,1.5319207852775232
2023-03,validation,6,GradientBoosting,revenue_only,6,2023-09,1.499206,1.4874327126933482
2023-03,validation,6,Ridge,revenue_plus_financials,1,2023-04,1.202371,1.5450679016981483
2023-03,validation,6,Ridge,revenue_plus_financials,2,2023-05,1.347897,1.5793431955446668
2023-03,validation,6,Ridge,revenue_plus_financials,3,2023-06,1.206388,1.588538397362525
2023-03,validation,6,Ridge,revenue_plus_financials,4,2023-07,1.296055,1.5699364732377539
2023-03,validation,6,Ridge,revenue_plus_financials,5,2023-08,1.382764,1.5294905057239119
2023-03,validation,6,Ridge,revenue_plus_financials,6,2023-09,1.499206,1.4793657915969463
2023-03,validation,6,GradientBoosting,revenue_plus_financials,1,2023-04,1.202371,1.480988074836371
2023-03,validation,6,GradientBoosting,revenue_plus_financials,2,2023-05,1.347897,1.480988074836371
2023-03,validation,6,GradientBoosting,revenue_plus_financials,3,2023-06,1.206388,1.4783462582667561
2023-03,validation,6,GradientBoosting,revenue_plus_financials,4,2023-07,1.296055,1.4901621588905922
2023-03,validation,6,GradientBoosting,revenue_plus_financials,5,2023-08,1.382764,1.4752369384400825
2023-03,validation,6,GradientBoosting,revenue_plus_financials,6,2023-09,1.499206,1.4458126225760697
2023-06,validation,6,HW_Damped_Add,revenue_only,1,2023-07,1.296055,1.2913899799712307
2023-06,validation,6,HW_Damped_Add,revenue_only,2,2023-08,1.382764,1.3085719008305883
2023-06,validation,6,HW_Damped_Add,revenue_only,3,2023-09,1.499206,1.2430228270545194
2023-06,validation,6,HW_Damped_Add,revenue_only,4,2023-10,1.40599,1.188058934938514
2023-06,validation,6,HW_Damped_Add,revenue_only,5,2023-11,1.574501,1.255629008559517
2023-06,validation,6,HW_Damped_Add,revenue_only,6,2023-12,1.434115,1.244248243428843
2023-06,validation,6,Ridge,revenue_only,1,2023-07,1.296055,1.4942026721950887
2023-06,validation,6,Ridge,revenue_only,2,2023-08,1.382764,1.4600472702640677
2023-06,validation,6,Ridge,revenue_only,3,2023-09,1.499206,1.4184142951750869
2023-06,validation,6,Ridge,revenue_only,4,2023-10,1.40599,1.3806807913350083
2023-06,validation,6,Ridge,revenue_only,5,2023-11,1.574501,1.356387762966278
2023-06,validation,6,Ridge,revenue_only,6,2023-12,1.434115,1.351292398592791
2023-06,validation,6,GradientBoosting,revenue_only,1,2023-07,1.296055,1.3908464334052186
2023-06,validation,6,GradientBoosting,revenue_only,2,2023-08,1.382764,1.3908464334052186
2023-06,validation,6,GradientBoosting,revenue_only,3,2023-09,1.499206,1.3866084086273822
2023-06,validation,6,GradientBoosting,revenue_only,4,2023-10,1.40599,1.3548378440075552
2023-06,validation,6,GradientBoosting,revenue_only,5,2023-11,1.574501,1.3900774071396662
2023-06,validation,6,GradientBoosting,revenue_only,6,2023-12,1.434115,1.3126510164851997
2023-06,validation,6,Ridge,revenue_plus_financials,1,2023-07,1.296055,1.2340090561863808
2023-06,validation,6,Ridge,revenue_plus_financials,2,2023-08,1.382764,1.206095717550881
2023-06,validation,6,Ridge,revenue_plus_financials,3,2023-09,1.499206,1.172083850647437
2023-06,validation,6,Ridge,revenue_plus_financials,4,2023-10,1.40599,1.1410916346079572
2023-06,validation,6,Ridge,revenue_plus_financials,5,2023-11,1.574501,1.1208007840634573
2023-06,validation,6,Ridge,revenue_plus_financials,6,2023-12,1.434115,1.1158683975790926
2023-06,validation,6,GradientBoosting,revenue_plus_financials,1,2023-07,1.296055,1.376780271448498
2023-06,validation,6,GradientBoosting,revenue_plus_financials,2,2023-08,1.382764,1.370612812788333
2023-06,validation,6,GradientBoosting,revenue_plus_financials,3,2023-09,1.499206,1.3622997782882653
2023-06,validation,6,GradientBoosting,revenue_plus_financials,4,2023-10,1.40599,1.3125111912394147
2023-06,validation,6,GradientBoosting,revenue_plus_financials,5,2023-11,1.574501,1.3434597199579328
2023-06,validation,6,GradientBoosting,revenue_plus_financials,6,2023-12,1.434115,1.2881469897777764
2023-09,validation,6,HW_Damped_Add,revenue_only,1,2023-10,1.40599,1.4017915144104132
2023-09,validation,6,HW_Damped_Add,revenue_only,2,2023-11,1.574501,1.46867074491036
2023-09,validation,6,HW_Damped_Add,revenue_only,3,2023-12,1.434115,1.456583678111513
2023-09,validation,6,HW_Damped_Add,revenue_only,4,2024-01,1.496705,1.468074487859851
2023-09,validation,6,HW_Damped_Add,revenue_only,5,2024-02,1.185857,1.2921816662871841
2023-09,validation,6,HW_Damped_Add,revenue_only,6,2024-03,1.750773,1.5364259832996852
2023-09,validation,6,Ridge,revenue_only,1,2023-10,1.40599,1.5062068624775613
2023-09,validation,6,Ridge,revenue_only,2,2023-11,1.574501,1.4822965907915182
2023-09,validation,6,Ridge,revenue_only,3,2023-12,1.434115,1.4786962154930199
2023-09,validation,6,Ridge,revenue_only,4,2024-01,1.496705,1.4964151637036824
2023-09,validation,6,Ridge,revenue_only,5,2024-02,1.185857,1.5315152229519389
2023-09,validation,6,Ridge,revenue_only,6,2024-03,1.750773,1.5755837928628522
2023-09,validation,6,GradientBoosting,revenue_only,1,2023-10,1.40599,1.363103751067148
2023-09,validation,6,GradientBoosting,revenue_only,2,2023-11,1.574501,1.38468290066325
2023-09,validation,6,GradientBoosting,revenue_only,3,2023-12,1.434115,1.3222393322122257
2023-09,validation,6,GradientBoosting,revenue_only,4,2024-01,1.496705,1.3222393322122257
2023-09,validation,6,GradientBoosting,revenue_only,5,2024-02,1.185857,1.2461543791364444
2023-09,validation,6,GradientBoosting,revenue_only,6,2024-03,1.750773,1.37294787006484
2023-09,validation,6,Ridge,revenue_plus_financials,1,2023-10,1.40599,1.3628700361150645
2023-09,validation,6,Ridge,revenue_plus_financials,2,2023-11,1.574501,1.3387948678947073
2023-09,validation,6,Ridge,revenue_plus_financials,3,2023-12,1.434115,1.3318833399231673
2023-09,validation,6,Ridge,revenue_plus_financials,4,2024-01,1.496705,1.3436621605508459
2023-09,validation,6,Ridge,revenue_plus_financials,5,2024-02,1.185857,1.3713175048120798
2023-09,validation,6,Ridge,revenue_plus_financials,6,2024-03,1.750773,1.4080435226034684
2023-09,validation,6,GradientBoosting,revenue_plus_financials,1,2023-10,1.40599,1.3379935638787421
2023-09,validation,6,GradientBoosting,revenue_plus_financials,2,2023-11,1.574501,1.3547991074675219
2023-09,validation,6,GradientBoosting,revenue_plus_financials,3,2023-12,1.434115,1.318362149862035
2023-09,validation,6,GradientBoosting,revenue_plus_financials,4,2024-01,1.496705,1.316557236555806
2023-09,validation,6,GradientBoosting,revenue_plus_financials,5,2024-02,1.185857,1.2575668435089267
2023-09,validation,6,GradientBoosting,revenue_plus_financials,6,2024-03,1.750773,1.353002970436159
2023-12,holdout,6,HW_Damped_Add,revenue_only,1,2024-01,1.496705,1.468555533267855
2023-12,holdout,6,HW_Damped_Add,revenue_only,2,2024-02,1.185857,1.2926677993502151
2023-12,holdout,6,HW_Damped_Add,revenue_only,3,2024-03,1.750773,1.5369191505044846
2023-12,holdout,6,HW_Damped_Add,revenue_only,4,2024-04,1.822102,1.526368291597343
2023-12,holdout,6,HW_Damped_Add,revenue_only,5,2024-05,1.940296,1.518205032330563
2023-12,holdout,6,HW_Damped_Add,revenue_only,6,2024-06,1.942367,1.431756202467942
2023-12,holdout,6,Ridge,revenue_only,1,2024-01,1.496705,1.5402067793123022
2023-12,holdout,6,Ridge,revenue_only,2,2024-02,1.185857,1.5760121143784407
2023-12,holdout,6,Ridge,revenue_only,3,2024-03,1.750773,1.62095454454965
2023-12,holdout,6,Ridge,revenue_only,4,2024-04,1.822102,1.6638997760238916
2023-12,holdout,6,Ridge,revenue_only,5,2024-05,1.940296,1.6934481170713238
2023-12,holdout,6,Ridge,revenue_only,6,2024-06,1.942367,1.7015429467747707
2023-12,holdout,6,GradientBoosting,revenue_only,1,2024-01,1.496705,1.4172337425049546
2023-12,holdout,6,GradientBoosting,revenue_only,2,2024-02,1.185857,1.3387509010980256
2023-12,holdout,6,GradientBoosting,revenue_only,3,2024-03,1.750773,1.4567366116968068
2023-12,holdout,6,GradientBoosting,revenue_only,4,2024-04,1.822102,1.4435818993144316
2023-12,holdout,6,GradientBoosting,revenue_only,5,2024-05,1.940296,1.4435818993144316
2023-12,holdout,6,GradientBoosting,revenue_only,6,2024-06,1.942367,1.4491960369627486
2023-12,holdout,6,Ridge,revenue_plus_financials,1,2024-01,1.496705,1.4503927117430704
2023-12,holdout,6,Ridge,revenue_plus_financials,2,2024-02,1.185857,1.4796134687281433
2023-12,holdout,6,Ridge,revenue_plus_financials,3,2024-03,1.750773,1.5177022000522415
2023-12,holdout,6,Ridge,revenue_plus_financials,4,2024-04,1.822102,1.5551524523041262
2023-12,holdout,6,Ridge,revenue_plus_financials,5,2024-05,1.940296,1.5819803058276607
2023-12,holdout,6,Ridge,revenue_plus_financials,6,2024-06,1.942367,1.5907821777051037
2023-12,holdout,6,GradientBoosting,revenue_plus_financials,1,2024-01,1.496705,1.4103862627170902
2023-12,holdout,6,GradientBoosting,revenue_plus_financials,2,2024-02,1.185857,1.3416160189745165
2023-12,holdout,6,GradientBoosting,revenue_plus_financials,3,2024-03,1.750773,1.4321975569195442
2023-12,holdout,6,GradientBoosting,revenue_plus_financials,4,2024-04,1.822102,1.4173930194674502
2023-12,holdout,6,GradientBoosting,revenue_plus_financials,5,2024-05,1.940296,1.4173930194674502
2023-12,holdout,6,GradientBoosting,revenue_plus_financials,6,2024-06,1.942367,1.3789996465084668
2024-03,holdout,6,HW_Damped_Add,revenue_only,1,2024-04,1.822102,1.6688502918210713
2024-03,holdout,6,HW_Damped_Add,revenue_only,2,2024-05,1.940296,1.6608474197186176
2024-03,holdout,6,HW_Damped_Add,revenue_only,3,2024-06,1.942367,1.5745463788487457
2024-03,holdout,6,HW_Damped_Add,revenue_only,4,2024-07,2.140634,1.6530472790995656
2024-03,holdout,6,HW_Damped_Add,revenue_only,5,2024-08,2.211638,1.6758937005128132
2024-03,holdout,6,HW_Damped_Add,revenue_only,6,2024-09,2.269814,1.6262187445219751
2024-03,holdout,6,Ridge,revenue_only,1,2024-04,1.822102,1.6832055055264825
2024-03,holdout,6,Ridge,revenue_only,2,2024-05,1.940296,1.7169494166780908
2024-03,holdout,6,Ridge,revenue_only,3,2024-06,1.942367,1.7291785566940667
2024-03,holdout,6,Ridge,revenue_only,4,2024-07,2.140634,1.7169444228888064
2024-03,holdout,6,Ridge,revenue_only,5,2024-08,2.211638,1.6847323720472986
2024-03,holdout,6,Ridge,revenue_only,6,2024-09,2.269814,1.6427286881667447
2024-03,holdout,6,GradientBoosting,revenue_only,1,2024-04,1.822102,1.5829736370228529
2024-03,holdout,6,GradientBoosting,revenue_only,2,2024-05,1.940296,1.5957947564849997
2024-03,holdout,6,GradientBoosting,revenue_only,3,2024-06,1.942367,1.5819653568875152
2024-03,holdout,6,GradientBoosting,revenue_only,4,2024-07,2.140634,1.5999131087189877
2024-03,holdout,6,GradientBoosting,revenue_only,5,2024-08,2.211638,1.5999131087189877
2024-03,holdout,6,GradientBoosting,revenue_only,6,2024-09,2.269814,1.61738608456761
2024-03,holdout,6,Ridge,revenue_plus_financials,1,2024-04,1.822102,1.560545627055657
2024-03,holdout,6,Ridge,revenue_plus_financials,2,2024-05,1.940296,1.588991678893969
2024-03,holdout,6,Ridge,revenue_plus_financials,3,2024-06,1.942367,1.5988797480160688
2024-03,holdout,6,Ridge,revenue_plus_financials,4,2024-07,2.140634,1.5876991809910876
2024-03,holdout,6,Ridge,revenue_plus_financials,5,2024-08,2.211638,1.559288923333489
2024-03,holdout,6,Ridge,revenue_plus_financials,6,2024-09,2.269814,1.5223804389707403
2024-03,holdout,6,GradientBoosting,revenue_plus_financials,1,2024-04,1.822102,1.4970638982080973
2024-03,holdout,6,GradientBoosting,revenue_plus_financials,2,2024-05,1.940296,1.5115352729920957
2024-03,holdout,6,GradientBoosting,revenue_plus_financials,3,2024-06,1.942367,1.478147684983688
2024-03,holdout,6,GradientBoosting,revenue_plus_financials,4,2024-07,2.140634,1.515953984489112
2024-03,holdout,6,GradientBoosting,revenue_plus_financials,5,2024-08,2.211638,1.515953984489112
2024-03,holdout,6,GradientBoosting,revenue_plus_financials,6,2024-09,2.269814,1.530985532017897
2024-06,holdout,6,HW_Damped_Add,revenue_only,1,2024-07,2.140634,1.9986073377638156
2024-06,holdout,6,HW_Damped_Add,revenue_only,2,2024-08,2.211638,2.0201042972771206
2024-06,holdout,6,HW_Damped_Add,revenue_only,3,2024-09,2.269814,1.9690813820936255
2024-06,holdout,6,HW_Damped_Add,revenue_only,4,2024-10,2.030244,1.9085997507055987
2024-06,holdout,6,HW_Damped_Add,revenue_only,5,2024-11,2.260922,1.983292270026456
2024-06,holdout,6,HW_Damped_Add,revenue_only,6,2024-12,2.018859,1.9581147103312553
2024-06,holdout,6,Ridge,revenue_only,1,2024-07,2.140634,1.9661587842394486
2024-06,holdout,6,Ridge,revenue_only,2,2024-08,2.211638,1.9241838320814377
2024-06,holdout,6,Ridge,revenue_only,3,2024-09,2.269814,1.8700945660331825
2024-06,holdout,6,Ridge,revenue_only,4,2024-10,2.030244,1.820029817695476
2024-06,holdout,6,Ridge,revenue_only,5,2024-11,2.260922,1.7878869125112085
2024-06,holdout,6,Ridge,revenue_only,6,2024-12,2.018859,1.7824304357200969
2024-06,holdout,6,GradientBoosting,revenue_only,1,2024-07,2.140634,1.7962619599245888
2024-06,holdout,6,GradientBoosting,revenue_only,2,2024-08,2.211638,1.7942315606883168
2024-06,holdout,6,GradientBoosting,revenue_only,3,2024-09,2.269814,1.7942315606883168
2024-06,holdout,6,GradientBoosting,revenue_only,4,2024-10,2.030244,1.528406291372863
2024-06,holdout,6,GradientBoosting,revenue_only,5,2024-11,2.260922,1.5757178555070777
2024-06,holdout,6,GradientBoosting,revenue_only,6,2024-12,2.018859,1.5757178555070777
2024-06,holdout,6,Ridge,revenue_plus_financials,1,2024-07,2.140634,1.8133676816900401
2024-06,holdout,6,Ridge,revenue_plus_financials,2,2024-08,2.211638,1.773568763289486
2024-06,holdout,6,Ridge,revenue_plus_financials,3,2024-09,2.269814,1.7224930632118374
2024-06,holdout,6,Ridge,revenue_plus_financials,4,2024-10,2.030244,1.6751381632644564
2024-06,holdout,6,Ridge,revenue_plus_financials,5,2024-11,2.260922,1.6444000956975227
2024-06,holdout,6,Ridge,revenue_plus_financials,6,2024-12,2.018859,1.6383972248453496
2024-06,holdout,6,GradientBoosting,revenue_plus_financials,1,2024-07,2.140634,1.8653716098971063
2024-06,holdout,6,GradientBoosting,revenue_plus_financials,2,2024-08,2.211638,1.8653716098971063
2024-06,holdout,6,GradientBoosting,revenue_plus_financials,3,2024-09,2.269814,1.8638326005212371
2024-06,holdout,6,GradientBoosting,revenue_plus_financials,4,2024-10,2.030244,1.6112224597071594
2024-06,holdout,6,GradientBoosting,revenue_plus_financials,5,2024-11,2.260922,1.6664966875811422
2024-06,holdout,6,GradientBoosting,revenue_plus_financials,6,2024-12,2.018859,1.6664966875811422
2024-09,holdout,6,HW_Damped_Add,revenue_only,1,2024-10,2.030244,2.2081590469793633
2024-09,holdout,6,HW_Damped_Add,revenue_only,2,2024-11,2.260922,2.2816827250040204
2024-09,holdout,6,HW_Damped_Add,revenue_only,3,2024-12,2.018859,2.2553357884004486
2024-09,holdout,6,HW_Damped_Add,revenue_only,4,2025-01,2.021128,2.2681610041237192
2024-09,holdout,6,HW_Damped_Add,revenue_only,5,2025-02,2.153377,2.0785670537145995
2024-09,holdout,6,HW_Damped_Add,revenue_only,6,2025-03,2.194287,2.347074257390781
2024-09,holdout,6,Ridge,revenue_only,1,2024-10,2.030244,1.9304008105213737
2024-09,holdout,6,Ridge,revenue_only,2,2024-11,2.260922,1.889815587160523
2024-09,holdout,6,Ridge,revenue_only,3,2024-12,2.018859,1.8760878228383033
2024-09,holdout,6,Ridge,revenue_only,4,2025-01,2.021128,1.8945165143864309
2024-09,holdout,6,Ridge,revenue_only,5,2025-02,2.153377,1.9432062830245282
2024-09,holdout,6,Ridge,revenue_only,6,2025-03,2.194287,2.013089357082212
2024-09,holdout,6,GradientBoosting,revenue_only,1,2024-10,2.030244,1.583904552403057
2024-09,holdout,6,GradientBoosting,revenue_only,2,2024-11,2.260922,1.6095173574214172
2024-09,holdout,6,GradientBoosting,revenue_only,3,2024-12,2.018859,1.585472575385088
2024-09,holdout,6,GradientBoosting,revenue_only,4,2025-01,2.021128,1.585472575385088
2024-09,holdout,6,GradientBoosting,revenue_only,5,2025-02,2.153377,1.433947018030454
2024-09,holdout,6,GradientBoosting,revenue_only,6,2025-03,2.194287,1.9197653964983594
2024-09,holdout,6,Ridge,revenue_plus_financials,1,2024-10,2.030244,1.8483822070173968
2024-09,holdout,6,Ridge,revenue_plus_financials,2,2024-11,2.260922,1.8078869911854158
2024-09,holdout,6,Ridge,revenue_plus_financials,3,2024-12,2.018859,1.7923939512636005
2024-09,holdout,6,Ridge,revenue_plus_financials,4,2025-01,2.021128,1.8073535386637996
2024-09,holdout,6,Ridge,revenue_plus_financials,5,2025-02,2.153377,1.8513828336379057
2024-09,holdout,6,Ridge,revenue_plus_financials,6,2025-03,2.194287,1.9162631272784683
2024-09,holdout,6,GradientBoosting,revenue_plus_financials,1,2024-10,2.030244,1.5864643915113403
2024-09,holdout,6,GradientBoosting,revenue_plus_financials,2,2024-11,2.260922,1.6062199108109443
2024-09,holdout,6,GradientBoosting,revenue_plus_financials,3,2024-12,2.018859,1.5779462305751413
2024-09,holdout,6,GradientBoosting,revenue_plus_financials,4,2025-01,2.021128,1.593306615050404
2024-09,holdout,6,GradientBoosting,revenue_plus_financials,5,2025-02,2.153377,1.4641927073194134
2024-09,holdout,6,GradientBoosting,revenue_plus_financials,6,2025-03,2.194287,2.004126321482574
2024-12,holdout,6,HW_Damped_Add,revenue_only,1,2025-01,2.021128,2.0326079066904774
2024-12,holdout,6,HW_Damped_Add,revenue_only,2,2025-02,2.153377,1.84392315882828
2024-12,holdout,6,HW_Damped_Add,revenue_only,3,2025-03,2.194287,2.11333923923203
2024-12,holdout,6,HW_Damped_Add,revenue_only,4,2025-04,2.328755,2.1080528902931053
2024-12,holdout,6,HW_Damped_Add,revenue_only,5,2025-05,2.098333,2.108854621699752
2024-12,holdout,6,HW_Damped_Add,revenue_only,6,2025-06,2.356699,2.0282127540003683
2024-12,holdout,6,Ridge,revenue_only,1,2025-01,2.021128,1.8096994757725469
2024-12,holdout,6,Ridge,revenue_only,2,2025-02,2.153377,1.852358751754859
2024-12,holdout,6,Ridge,revenue_only,3,2025-03,2.194287,1.9144154251132073
2024-12,holdout,6,Ridge,revenue_only,4,2025-04,2.328755,1.9826146681201122
2024-12,holdout,6,Ridge,revenue_only,5,2025-05,2.098333,2.0407572163407037
2024-12,holdout,6,Ridge,revenue_only,6,2025-06,2.356699,2.0742683331661245
2024-12,holdout,6,GradientBoosting,revenue_only,1,2025-01,2.021128,1.9831208459890455
2024-12,holdout,6,GradientBoosting,revenue_only,2,2025-02,2.153377,1.7289004648260162
2024-12,holdout,6,GradientBoosting,revenue_only,3,2025-03,2.194287,1.871004162801682
2024-12,holdout,6,GradientBoosting,revenue_only,4,2025-04,2.328755,1.8839867239925032
2024-12,holdout,6,GradientBoosting,revenue_only,5,2025-05,2.098333,2.0697315716467886
2024-12,holdout,6,GradientBoosting,revenue_only,6,2025-06,2.356699,2.0672629572475865
2024-12,holdout,6,Ridge,revenue_plus_financials,1,2025-01,2.021128,1.8132039514265004
2024-12,holdout,6,Ridge,revenue_plus_financials,2,2025-02,2.153377,1.8534966608612014
2024-12,holdout,6,Ridge,revenue_plus_financials,3,2025-03,2.194287,1.913059275456529
2024-12,holdout,6,Ridge,revenue_plus_financials,4,2025-04,2.328755,1.9792912743829347
2024-12,holdout,6,Ridge,revenue_plus_financials,5,2025-05,2.098333,2.0366150005958987
2024-12,holdout,6,Ridge,revenue_plus_financials,6,2025-06,2.356699,2.070797637748544
2024-12,holdout,6,GradientBoosting,revenue_plus_financials,1,2025-01,2.021128,1.987194169650041
2024-12,holdout,6,GradientBoosting,revenue_plus_financials,2,2025-02,2.153377,1.7343498107280353
2024-12,holdout,6,GradientBoosting,revenue_plus_financials,3,2025-03,2.194287,1.8748904882181643
2024-12,holdout,6,GradientBoosting,revenue_plus_financials,4,2025-04,2.328755,1.8897101910459995
2024-12,holdout,6,GradientBoosting,revenue_plus_financials,5,2025-05,2.098333,2.0800875256038838
2024-12,holdout,6,GradientBoosting,revenue_plus_financials,6,2025-06,2.356699,2.0665323890850593
2025-03,holdout,6,HW_Damped_Add,revenue_only,1,2025-04,2.328755,2.223983817876588
2025-03,holdout,6,HW_Damped_Add,revenue_only,2,2025-05,2.098333,2.2243352265977436
2025-03,holdout,6,HW_Damped_Add,revenue_only,3,2025-06,2.356699,2.143239632548899
2025-03,holdout,6,HW_Damped_Add,revenue_only,4,2025-07,2.667033,2.2295730782348935
2025-03,holdout,6,HW_Damped_Add,revenue_only,5,2025-08,2.544064,2.2542861661641154
2025-03,holdout,6,HW_Damped_Add,revenue_only,6,2025-09,2.851779,2.211459831701115
2025-03,holdout,6,Ridge,revenue_only,1,2025-04,2.328755,1.9130629967692394
2025-03,holdout,6,Ridge,revenue_only,2,2025-05,2.098333,1.9645009256387949
2025-03,holdout,6,Ridge,revenue_only,3,2025-06,2.356699,1.9912978404109103
2025-03,holdout,6,Ridge,revenue_only,4,2025-07,2.667033,1.9874460299911831
2025-03,holdout,6,Ridge,revenue_only,5,2025-08,2.544064,1.9563458843571135
2025-03,holdout,6,Ridge,revenue_only,6,2025-09,2.851779,1.9094716414691868
2025-03,holdout,6,GradientBoosting,revenue_only,1,2025-04,2.328755,2.0676040154586146
2025-03,holdout,6,GradientBoosting,revenue_only,2,2025-05,2.098333,2.0676040154586146
2025-03,holdout,6,GradientBoosting,revenue_only,3,2025-06,2.356699,2.0487937836273895
2025-03,holdout,6,GradientBoosting,revenue_only,4,2025-07,2.667033,2.1365408368115086
2025-03,holdout,6,GradientBoosting,revenue_only,5,2025-08,2.544064,2.1371077241534353
2025-03,holdout,6,GradientBoosting,revenue_only,6,2025-09,2.851779,2.1371077241534353
2025-03,holdout,6,Ridge,revenue_plus_financials,1,2025-04,2.328755,1.9569912840021262
2025-03,holdout,6,Ridge,revenue_plus_financials,2,2025-05,2.098333,2.0097928041703694
2025-03,holdout,6,Ridge,revenue_plus_financials,3,2025-06,2.356699,2.0387877497482356
2025-03,holdout,6,Ridge,revenue_plus_financials,4,2025-07,2.667033,2.0374999340715028
2025-03,holdout,6,Ridge,revenue_plus_financials,5,2025-08,2.544064,2.0086993773323725
2025-03,holdout,6,Ridge,revenue_plus_financials,6,2025-09,2.851779,1.9633333520373228
2025-03,holdout,6,GradientBoosting,revenue_plus_financials,1,2025-04,2.328755,2.095174270292725
2025-03,holdout,6,GradientBoosting,revenue_plus_financials,2,2025-05,2.098333,2.095174270292725
2025-03,holdout,6,GradientBoosting,revenue_plus_financials,3,2025-06,2.356699,2.0553401692242295
2025-03,holdout,6,GradientBoosting,revenue_plus_financials,4,2025-07,2.667033,2.171470335216589
2025-03,holdout,6,GradientBoosting,revenue_plus_financials,5,2025-08,2.544064,2.1829856197944375
2025-03,holdout,6,GradientBoosting,revenue_plus_financials,6,2025-09,2.851779,2.1829856197944375
2025-06,holdout,6,HW_Damped_Add,revenue_only,1,2025-07,2.667033,2.367490544807818
2025-06,holdout,6,HW_Damped_Add,revenue_only,2,2025-08,2.544064,2.3916763908940712
2025-06,holdout,6,HW_Damped_Add,revenue_only,3,2025-09,2.851779,2.3483223329881735
2025-06,holdout,6,HW_Damped_Add,revenue_only,4,2025-10,2.853997,2.271485325198218
2025-06,holdout,6,HW_Damped_Add,revenue_only,5,2025-11,3.024742,2.357751562875027
2025-06,holdout,6,HW_Damped_Add,revenue_only,6,2025-12,3.250133,2.3130743553126183
2025-06,holdout,6,Ridge,revenue_only,1,2025-07,2.667033,2.0413055497440893
2025-06,holdout,6,Ridge,revenue_only,2,2025-08,2.544064,2.0051246297723537
2025-06,holdout,6,Ridge,revenue_only,3,2025-09,2.851779,1.952541097965393
2025-06,holdout,6,Ridge,revenue_only,4,2025-10,2.853997,1.9003637045650785
2025-06,holdout,6,Ridge,revenue_only,5,2025-11,3.024742,1.8640726412152053
2025-06,holdout,6,Ridge,revenue_only,6,2025-12,3.250133,1.8543089744246242
2025-06,holdout,6,GradientBoosting,revenue_only,1,2025-07,2.667033,2.1493997996350402
2025-06,holdout,6,GradientBoosting,revenue_only,2,2025-08,2.544064,2.1493997996350402
2025-06,holdout,6,GradientBoosting,revenue_only,3,2025-09,2.851779,2.1493997996350402
2025-06,holdout,6,GradientBoosting,revenue_only,4,2025-10,2.853997,2.0483363096416465
2025-06,holdout,6,GradientBoosting,revenue_only,5,2025-11,3.024742,2.077106454582358
2025-06,holdout,6,GradientBoosting,revenue_only,6,2025-12,3.250133,2.077106454582358
2025-06,holdout,6,Ridge,revenue_plus_financials,1,2025-07,2.667033,2.073776936636481
2025-06,holdout,6,Ridge,revenue_plus_financials,2,2025-08,2.544064,2.0418415931495097
2025-06,holdout,6,Ridge,revenue_plus_financials,3,2025-09,2.851779,1.9926758611428126
2025-06,holdout,6,Ridge,revenue_plus_financials,4,2025-10,2.853997,1.9424097876839197
2025-06,holdout,6,Ridge,revenue_plus_financials,5,2025-11,3.024742,1.9063664330081325
2025-06,holdout,6,Ridge,revenue_plus_financials,6,2025-12,3.250133,1.8954463268462793
2025-06,holdout,6,GradientBoosting,revenue_plus_financials,1,2025-07,2.667033,2.0505895501422517
2025-06,holdout,6,GradientBoosting,revenue_plus_financials,2,2025-08,2.544064,2.0505895501422517
2025-06,holdout,6,GradientBoosting,revenue_plus_financials,3,2025-09,2.851779,2.0505895501422517
2025-06,holdout,6,GradientBoosting,revenue_plus_financials,4,2025-10,2.853997,1.9481997464802072
2025-06,holdout,6,GradientBoosting,revenue_plus_financials,5,2025-11,3.024742,1.9766076466235984
2025-06,holdout,6,GradientBoosting,revenue_plus_financials,6,2025-12,3.250133,1.9766076466235984
2025-09,holdout,6,HW_Damped_Add,revenue_only,1,2025-10,2.853997,2.6932905579464035
2025-09,holdout,6,HW_Damped_Add,revenue_only,2,2025-11,3.024742,2.7779481808064594
2025-09,holdout,6,HW_Damped_Add,revenue_only,3,2025-12,3.250133,2.731662423887269
2025-09,holdout,6,HW_Damped_Add,revenue_only,4,2026-01,3.533279,2.742663879601472
2025-09,holdout,6,HW_Damped_Add,revenue_only,5,2026-02,2.740833,2.575890810930925
2025-09,holdout,6,HW_Damped_Add,revenue_only,6,2026-03,3.781706,2.82496939698041
2025-09,holdout,6,Ridge,revenue_only,1,2025-10,2.853997,2.2326404394302775
2025-09,holdout,6,Ridge,revenue_only,2,2025-11,3.024742,2.1792932765440485
2025-09,holdout,6,Ridge,revenue_only,3,2025-12,3.250133,2.154903891747097
2025-09,holdout,6,Ridge,revenue_only,4,2026-01,3.533279,2.167677762242292
2025-09,holdout,6,Ridge,revenue_only,5,2026-02,2.740833,2.2174709240596644
2025-09,holdout,6,Ridge,revenue_only,6,2026-03,3.781706,2.2956426354152217
2025-09,holdout,6,GradientBoosting,revenue_only,1,2025-10,2.853997,2.340535638484746
2025-09,holdout,6,GradientBoosting,revenue_only,2,2025-11,3.024742,2.382143741127735
2025-09,holdout,6,GradientBoosting,revenue_only,3,2025-12,3.250133,2.2436958504072826
2025-09,holdout,6,GradientBoosting,revenue_only,4,2026-01,3.533279,2.2538217037312176
2025-09,holdout,6,GradientBoosting,revenue_only,5,2026-02,2.740833,2.1695638381355873
2025-09,holdout,6,GradientBoosting,revenue_only,6,2026-03,3.781706,2.3454020078579747
2025-09,holdout,6,Ridge,revenue_plus_financials,1,2025-10,2.853997,2.3013506980856815
2025-09,holdout,6,Ridge,revenue_plus_financials,2,2025-11,3.024742,2.2509559742548855
2025-09,holdout,6,Ridge,revenue_plus_financials,3,2025-12,3.250133,2.227277437081307
2025-09,holdout,6,Ridge,revenue_plus_financials,4,2026-01,3.533279,2.238843685892722
2025-09,holdout,6,Ridge,revenue_plus_financials,5,2026-02,2.740833,2.286130606215638
2025-09,holdout,6,Ridge,revenue_plus_financials,6,2026-03,3.781706,2.361360419378515
2025-09,holdout,6,GradientBoosting,revenue_plus_financials,1,2025-10,2.853997,2.3411258044368317
2025-09,holdout,6,GradientBoosting,revenue_plus_financials,2,2025-11,3.024742,2.3748173306190035
2025-09,holdout,6,GradientBoosting,revenue_plus_financials,3,2025-12,3.250133,2.2474207905989503
2025-09,holdout,6,GradientBoosting,revenue_plus_financials,4,2026-01,3.533279,2.275942984456516
2025-09,holdout,6,GradientBoosting,revenue_plus_financials,5,2026-02,2.740833,2.193998676174045
2025-09,holdout,6,GradientBoosting,revenue_plus_financials,6,2026-03,3.781706,2.4120223439864934
2025-12,holdout,6,HW_Damped_Add,revenue_only,1,2026-01,3.533279,3.265135970585192
2025-12,holdout,6,HW_Damped_Add,revenue_only,2,2026-02,2.740833,3.160951933784651
2025-12,holdout,6,HW_Damped_Add,revenue_only,3,2026-03,3.781706,3.471796410836915
2025-12,holdout,6,HW_Damped_Add,revenue_only,4,2026-04,4.610166,3.5354648826065644
2025-12,holdout,6,HW_Damped_Add,revenue_only,5,2026-05,4.794425,3.5758835352104117
2025-12,holdout,6,HW_Damped_Add,revenue_only,6,2026-06,4.895221,3.5779295783752203
2025-12,holdout,6,Ridge,revenue_only,1,2026-01,3.533279,2.7861566724856437
2025-12,holdout,6,Ridge,revenue_only,2,2026-02,2.740833,2.8367307991594317
2025-12,holdout,6,Ridge,revenue_only,3,2026-03,3.781706,2.9182476891655607
2025-12,holdout,6,Ridge,revenue_only,4,2026-04,4.610166,3.015511424963256
2025-12,holdout,6,Ridge,revenue_only,5,2026-05,4.794425,3.107846384539472
2025-12,holdout,6,Ridge,revenue_only,6,2026-06,4.895221,3.1743025429765788
2025-12,holdout,6,GradientBoosting,revenue_only,1,2026-01,3.533279,2.826080331120727
2025-12,holdout,6,GradientBoosting,revenue_only,2,2026-02,2.740833,2.6774547808433087
2025-12,holdout,6,GradientBoosting,revenue_only,3,2026-03,3.781706,2.725485226913431
2025-12,holdout,6,GradientBoosting,revenue_only,4,2026-04,4.610166,2.7429260977716408
2025-12,holdout,6,GradientBoosting,revenue_only,5,2026-05,4.794425,2.7655443296174496
2025-12,holdout,6,GradientBoosting,revenue_only,6,2026-06,4.895221,2.8090689875861803
2025-12,holdout,6,Ridge,revenue_plus_financials,1,2026-01,3.533279,2.826936511337041
2025-12,holdout,6,Ridge,revenue_plus_financials,2,2026-02,2.740833,2.876107856236666
2025-12,holdout,6,Ridge,revenue_plus_financials,3,2026-03,3.781706,2.9551674771252787
2025-12,holdout,6,Ridge,revenue_plus_financials,4,2026-04,4.610166,3.0499622196387124
2025-12,holdout,6,Ridge,revenue_plus_financials,5,2026-05,4.794425,3.1410241030707797
2025-12,holdout,6,Ridge,revenue_plus_financials,6,2026-06,4.895221,3.208427454641872
2025-12,holdout,6,GradientBoosting,revenue_plus_financials,1,2026-01,3.533279,2.816876546356129
2025-12,holdout,6,GradientBoosting,revenue_plus_financials,2,2026-02,2.740833,2.7312523205597574
2025-12,holdout,6,GradientBoosting,revenue_plus_financials,3,2026-03,3.781706,2.7896182929077105
2025-12,holdout,6,GradientBoosting,revenue_plus_financials,4,2026-04,4.610166,2.82150087842207
2025-12,holdout,6,GradientBoosting,revenue_plus_financials,5,2026-05,4.794425,2.837471617551007
2025-12,holdout,6,GradientBoosting,revenue_plus_financials,6,2026-06,4.895221,2.870512368356643
2026-03,holdout,6,HW_Damped_Add,revenue_only,1,2026-04,4.610166,3.6735787510439684
2026-03,holdout,6,HW_Damped_Add,revenue_only,2,2026-05,4.794425,3.734834964712402
2026-03,holdout,6,HW_Damped_Add,revenue_only,3,2026-06,4.895221,3.7574654558767286
2026-03,holdout,6,HW_Damped_Add,revenue_only,4,2026-07,5.908074,3.9375925697545577
2026-03,holdout,6,HW_Damped_Add,revenue_only,5,2026-08,5.91454,4.026477575132953
2026-03,holdout,6,HW_Damped_Add,revenue_only,6,2026-09,6.12557,4.085109773073594
2026-03,holdout,6,Ridge,revenue_only,1,2026-04,4.610166,3.5292042475474426
2026-03,holdout,6,Ridge,revenue_only,2,2026-05,4.794425,3.625837937760409
2026-03,holdout,6,Ridge,revenue_only,3,2026-06,4.895221,3.6880297687614503
2026-03,holdout,6,Ridge,revenue_only,4,2026-07,5.908074,3.704891172756713
2026-03,holdout,6,Ridge,revenue_only,5,2026-08,5.91454,3.679089388321168
2026-03,holdout,6,Ridge,revenue_only,6,2026-09,6.12557,3.625951431979586
2026-03,holdout,6,GradientBoosting,revenue_only,1,2026-04,4.610166,2.970985815865497
2026-03,holdout,6,GradientBoosting,revenue_only,2,2026-05,4.794425,2.981871443407739
2026-03,holdout,6,GradientBoosting,revenue_only,3,2026-06,4.895221,2.989030753140024
2026-03,holdout,6,GradientBoosting,revenue_only,4,2026-07,5.908074,3.0401111290624043
2026-03,holdout,6,GradientBoosting,revenue_only,5,2026-08,5.91454,3.081085029800759
2026-03,holdout,6,GradientBoosting,revenue_only,6,2026-09,6.12557,3.081085029800759
2026-03,holdout,6,Ridge,revenue_plus_financials,1,2026-04,4.610166,3.457134599312804
2026-03,holdout,6,Ridge,revenue_plus_financials,2,2026-05,4.794425,3.5524176478234213
2026-03,holdout,6,Ridge,revenue_plus_financials,3,2026-06,4.895221,3.61744448774422
2026-03,holdout,6,Ridge,revenue_plus_financials,4,2026-07,5.908074,3.6407028103296994
2026-03,holdout,6,Ridge,revenue_plus_financials,5,2026-08,5.91454,3.6230515992681167
2026-03,holdout,6,Ridge,revenue_plus_financials,6,2026-09,6.12557,3.577515676699797
2026-03,holdout,6,GradientBoosting,revenue_plus_financials,1,2026-04,4.610166,3.002791491145677
2026-03,holdout,6,GradientBoosting,revenue_plus_financials,2,2026-05,4.794425,3.0084760290471118
2026-03,holdout,6,GradientBoosting,revenue_plus_financials,3,2026-06,4.895221,3.041222370178004
2026-03,holdout,6,GradientBoosting,revenue_plus_financials,4,2026-07,5.908074,3.1129017569696655
2026-03,holdout,6,GradientBoosting,revenue_plus_financials,5,2026-08,5.91454,3.145330202861491
2026-03,holdout,6,GradientBoosting,revenue_plus_financials,6,2026-09,6.12557,3.145330202861491
2020-12,validation,12,HW_Damped_Add,revenue_only,1,2021-01,1.54903,1.4400720705554075
2020-12,validation,12,HW_Damped_Add,revenue_only,2,2021-02,1.415693,1.2390320796877534
2020-12,validation,12,HW_Damped_Add,revenue_only,3,2021-03,1.728671,1.4954228184519451
2020-12,validation,12,HW_Damped_Add,revenue_only,4,2021-04,1.770181,1.5025438374631783
2020-12,validation,12,HW_Damped_Add,revenue_only,5,2021-05,1.8031,1.4677704278318373
2020-12,validation,12,HW_Damped_Add,revenue_only,6,2021-06,1.869965,1.380332844664651
2020-12,validation,12,HW_Damped_Add,revenue_only,7,2021-07,1.928594,1.4640034487042646
2020-12,validation,12,HW_Damped_Add,revenue_only,8,2021-08,1.945708,1.4902839549489988
2020-12,validation,12,HW_Damped_Add,revenue_only,9,2021-09,1.795957,1.4260677296570037
2020-12,validation,12,HW_Damped_Add,revenue_only,10,2021-10,1.704222,1.3889607631373158
2020-12,validation,12,HW_Damped_Add,revenue_only,11,2021-11,1.801408,1.4427979938907347
2020-12,validation,12,HW_Damped_Add,revenue_only,12,2021-12,1.81951,1.442283364981963
2020-12,validation,12,Ridge,revenue_only,1,2021-01,1.54903,1.4941383166520792
2020-12,validation,12,Ridge,revenue_only,2,2021-02,1.415693,1.5349476386235044
2020-12,validation,12,Ridge,revenue_only,3,2021-03,1.728671,1.5854489535532996
2020-12,validation,12,Ridge,revenue_only,4,2021-04,1.770181,1.6323394469851626
2020-12,validation,12,Ridge,revenue_only,5,2021-05,1.8031,1.6622143897642332
2020-12,validation,12,Ridge,revenue_only,6,2021-06,1.869965,1.6660269579261886
2020-12,validation,12,Ridge,revenue_only,7,2021-07,1.928594,1.642628766037842
2020-12,validation,12,Ridge,revenue_only,8,2021-08,1.945708,1.5992477006308192
2020-12,validation,12,Ridge,revenue_only,9,2021-09,1.795957,1.5485887828906522
2020-12,validation,12,Ridge,revenue_only,10,2021-10,1.704222,1.5043779863957747
2020-12,validation,12,Ridge,revenue_only,11,2021-11,1.801408,1.4776088403224836
2020-12,validation,12,Ridge,revenue_only,12,2021-12,1.81951,1.474495891568188
2020-12,validation,12,GradientBoosting,revenue_only,1,2021-01,1.54903,1.4048362816122726
2020-12,validation,12,GradientBoosting,revenue_only,2,2021-02,1.415693,1.246082044397608
2020-12,validation,12,GradientBoosting,revenue_only,3,2021-03,1.728671,1.4995131092770801
2020-12,validation,12,GradientBoosting,revenue_only,4,2021-04,1.770181,1.6187406461835983
2020-12,validation,12,GradientBoosting,revenue_only,5,2021-05,1.8031,1.611536609898984
2020-12,validation,12,GradientBoosting,revenue_only,6,2021-06,1.869965,1.5277528757397896
2020-12,validation,12,GradientBoosting,revenue_only,7,2021-07,1.928594,1.5500509832529046
2020-12,validation,12,GradientBoosting,revenue_only,8,2021-08,1.945708,1.5500509832529046
2020-12,validation,12,GradientBoosting,revenue_only,9,2021-09,1.795957,1.4166314836859122
2020-12,validation,12,GradientBoosting,revenue_only,10,2021-10,1.704222,1.3915586495072727
2020-12,validation,12,GradientBoosting,revenue_only,11,2021-11,1.801408,1.4567412209853694
2020-12,validation,12,GradientBoosting,revenue_only,12,2021-12,1.81951,1.4567412209853694
2020-12,validation,12,Ridge,revenue_plus_financials,1,2021-01,1.54903,1.438028447632619
2020-12,validation,12,Ridge,revenue_plus_financials,2,2021-02,1.415693,1.4750534193036446
2020-12,validation,12,Ridge,revenue_plus_financials,3,2021-03,1.728671,1.521428205236269
2020-12,validation,12,Ridge,revenue_plus_financials,4,2021-04,1.770181,1.5647951585671778
2020-12,validation,12,Ridge,revenue_plus_financials,5,2021-05,1.8031,1.5926353429396196
2020-12,validation,12,Ridge,revenue_plus_financials,6,2021-06,1.869965,1.596382470380533
2020-12,validation,12,Ridge,revenue_plus_financials,7,2021-07,1.928594,1.5747330148244583
2020-12,validation,12,Ridge,revenue_plus_financials,8,2021-08,1.945708,1.5341800993255486
2020-12,validation,12,Ridge,revenue_plus_financials,9,2021-09,1.795957,1.4864226477463733
2020-12,validation,12,Ridge,revenue_plus_financials,10,2021-10,1.704222,1.4442619401213528
2020-12,validation,12,Ridge,revenue_plus_financials,11,2021-11,1.801408,1.4180671438310088
2020-12,validation,12,Ridge,revenue_plus_financials,12,2021-12,1.81951,1.413793162572352
2020-12,validation,12,GradientBoosting,revenue_plus_financials,1,2021-01,1.54903,1.4117211720921832
2020-12,validation,12,GradientBoosting,revenue_plus_financials,2,2021-02,1.415693,1.2594943390513436
2020-12,validation,12,GradientBoosting,revenue_plus_financials,3,2021-03,1.728671,1.5220311895269716
2020-12,validation,12,GradientBoosting,revenue_plus_financials,4,2021-04,1.770181,1.5882408383715305
2020-12,validation,12,GradientBoosting,revenue_plus_financials,5,2021-05,1.8031,1.5823399230009048
2020-12,validation,12,GradientBoosting,revenue_plus_financials,6,2021-06,1.869965,1.5093533330097662
2020-12,validation,12,GradientBoosting,revenue_plus_financials,7,2021-07,1.928594,1.5241588010569347
2020-12,validation,12,GradientBoosting,revenue_plus_financials,8,2021-08,1.945708,1.5025837128891333
2020-12,validation,12,GradientBoosting,revenue_plus_financials,9,2021-09,1.795957,1.4010746540154937
2020-12,validation,12,GradientBoosting,revenue_plus_financials,10,2021-10,1.704222,1.3708077427302316
2020-12,validation,12,GradientBoosting,revenue_plus_financials,11,2021-11,1.801408,1.4606184716342685
2020-12,validation,12,GradientBoosting,revenue_plus_financials,12,2021-12,1.81951,1.4606184716342685
2021-03,validation,12,HW_Damped_Add,revenue_only,1,2021-04,1.770181,1.7350910247211755
2021-03,validation,12,HW_Damped_Add,revenue_only,2,2021-05,1.8031,1.6996148227074392
2021-03,validation,12,HW_Damped_Add,revenue_only,3,2021-06,1.869965,1.611479493268658
2021-03,validation,12,HW_Damped_Add,revenue_only,4,2021-07,1.928594,1.6944545190088953
2021-03,validation,12,HW_Damped_Add,revenue_only,5,2021-08,1.945708,1.7200336127414195
2021-03,validation,12,HW_Damped_Add,revenue_only,6,2021-09,1.795957,1.655109907330531
2021-03,validation,12,HW_Damped_Add,revenue_only,7,2021-10,1.704222,1.617291710492778
2021-03,validation,12,HW_Damped_Add,revenue_only,8,2021-11,1.801408,1.6704147580392033
2021-03,validation,12,HW_Damped_Add,revenue_only,9,2021-12,1.81951,1.6691881656049594
2021-03,validation,12,HW_Damped_Add,revenue_only,10,2022-01,1.822394,1.7145498825994447
2021-03,validation,12,HW_Damped_Add,revenue_only,11,2022-02,1.464984,1.5201453577356763
2021-03,validation,12,HW_Damped_Add,revenue_only,12,2022-03,1.736445,1.7819324590593382
2021-03,validation,12,Ridge,revenue_only,1,2021-04,1.770181,1.6553569512856776
2021-03,validation,12,Ridge,revenue_only,2,2021-05,1.8031,1.6818176511931957
2021-03,validation,12,Ridge,revenue_only,3,2021-06,1.869965,1.6808291165799565
2021-03,validation,12,Ridge,revenue_only,4,2021-07,1.928594,1.653123312127254
2021-03,validation,12,Ridge,revenue_only,5,2021-08,1.945708,1.6075678615750384
2021-03,validation,12,Ridge,revenue_only,6,2021-09,1.795957,1.5576819106005324
2021-03,validation,12,Ridge,revenue_only,7,2021-10,1.704222,1.5170965051726453
2021-03,validation,12,Ridge,revenue_only,8,2021-11,1.801408,1.4960840897997307
2021-03,validation,12,Ridge,revenue_only,9,2021-12,1.81951,1.4998277817055767
2021-03,validation,12,Ridge,revenue_only,10,2022-01,1.822394,1.5278817805171958
2021-03,validation,12,Ridge,revenue_only,11,2022-02,1.464984,1.574184866843377
2021-03,validation,12,Ridge,revenue_only,12,2022-03,1.736445,1.6277073242268705
2021-03,validation,12,GradientBoosting,revenue_only,1,2021-04,1.770181,1.6887886855458047
2021-03,validation,12,GradientBoosting,revenue_only,2,2021-05,1.8031,1.684264749438161
2021-03,validation,12,GradientBoosting,revenue_only,3,2021-06,1.869965,1.5856491487219722
2021-03,validation,12,GradientBoosting,revenue_only,4,2021-07,1.928594,1.5765774724370738
2021-03,validation,12,GradientBoosting,revenue_only,5,2021-08,1.945708,1.516845803621941
2021-03,validation,12,GradientBoosting,revenue_only,6,2021-09,1.795957,1.3654317729548486
2021-03,validation,12,GradientBoosting,revenue_only,7,2021-10,1.704222,1.341689214799988
2021-03,validation,12,GradientBoosting,revenue_only,8,2021-11,1.801408,1.4434447650314213
2021-03,validation,12,GradientBoosting,revenue_only,9,2021-12,1.81951,1.4627703588724068
2021-03,validation,12,GradientBoosting,revenue_only,10,2022-01,1.822394,1.490812903906969
2021-03,validation,12,GradientBoosting,revenue_only,11,2022-02,1.464984,1.3810900565605488
2021-03,validation,12,GradientBoosting,revenue_only,12,2022-03,1.736445,1.6511895031165398
2021-03,validation,12,Ridge,revenue_plus_financials,1,2021-04,1.770181,1.6268391639103534
2021-03,validation,12,Ridge,revenue_plus_financials,2,2021-05,1.8031,1.652385562584003
2021-03,validation,12,Ridge,revenue_plus_financials,3,2021-06,1.869965,1.6510162601040255
2021-03,validation,12,Ridge,revenue_plus_financials,4,2021-07,1.928594,1.6235301690045068
2021-03,validation,12,Ridge,revenue_plus_financials,5,2021-08,1.945708,1.5786703044431294
2021-03,validation,12,Ridge,revenue_plus_financials,6,2021-09,1.795957,1.529694230471376
2021-03,validation,12,Ridge,revenue_plus_financials,7,2021-10,1.704222,1.4899328495560722
2021-03,validation,12,Ridge,revenue_plus_financials,8,2021-11,1.801408,1.469406039482147
2021-03,validation,12,Ridge,revenue_plus_financials,9,2021-12,1.81951,1.4731391104298437
2021-03,validation,12,Ridge,revenue_plus_financials,10,2022-01,1.822394,1.5006404367373976
2021-03,validation,12,Ridge,revenue_plus_financials,11,2022-02,1.464984,1.5459216037381038
2021-03,validation,12,Ridge,revenue_plus_financials,12,2022-03,1.736445,1.5981449815359363
2021-03,validation,12,GradientBoosting,revenue_plus_financials,1,2021-04,1.770181,1.6704811051383321
2021-03,validation,12,GradientBoosting,revenue_plus_financials,2,2021-05,1.8031,1.6613937334296447
2021-03,validation,12,GradientBoosting,revenue_plus_financials,3,2021-06,1.869965,1.5642125624225804
2021-03,validation,12,GradientBoosting,revenue_plus_financials,4,2021-07,1.928594,1.558585401801903
2021-03,validation,12,GradientBoosting,revenue_plus_financials,5,2021-08,1.945708,1.497118312179067
2021-03,validation,12,GradientBoosting,revenue_plus_financials,6,2021-09,1.795957,1.3802380482670302
2021-03,validation,12,GradientBoosting,revenue_plus_financials,7,2021-10,1.704222,1.3409848004790568
2021-03,validation,12,GradientBoosting,revenue_plus_financials,8,2021-11,1.801408,1.4450161329428661
2021-03,validation,12,GradientBoosting,revenue_plus_financials,9,2021-12,1.81951,1.4612669505038756
2021-03,validation,12,GradientBoosting,revenue_plus_financials,10,2022-01,1.822394,1.48720439703984
2021-03,validation,12,GradientBoosting,revenue_plus_financials,11,2022-02,1.464984,1.3774508823718619
2021-03,validation,12,GradientBoosting,revenue_plus_financials,12,2022-03,1.736445,1.6483005956668517
2021-06,validation,12,HW_Damped_Add,revenue_only,1,2021-07,1.928594,1.9518561862862307
2021-06,validation,12,HW_Damped_Add,revenue_only,2,2021-08,1.945708,1.9763566797744478
2021-06,validation,12,HW_Damped_Add,revenue_only,3,2021-09,1.795957,1.9103607813367847
2021-06,validation,12,HW_Damped_Add,revenue_only,4,2021-10,1.704222,1.87147325693665
2021-06,validation,12,HW_Damped_Add,revenue_only,5,2021-11,1.801408,1.9235307332099045
2021-06,validation,12,HW_Damped_Add,revenue_only,6,2021-12,1.81951,1.9212366263106817
2021-06,validation,12,HW_Damped_Add,revenue_only,7,2022-01,1.822394,1.9655297877153703
2021-06,validation,12,HW_Damped_Add,revenue_only,8,2022-02,1.464984,1.770069171686439
2021-06,validation,12,HW_Damped_Add,revenue_only,9,2022-03,1.736445,2.0308059888609193
2021-06,validation,12,HW_Damped_Add,revenue_only,10,2022-04,1.641441,2.0398119839020277
2021-06,validation,12,HW_Damped_Add,revenue_only,11,2022-05,1.658904,2.010626776506276
2021-06,validation,12,HW_Damped_Add,revenue_only,12,2022-06,1.489451,1.938407072347585
2021-06,validation,12,Ridge,revenue_only,1,2021-07,1.928594,1.6863608660567495
2021-06,validation,12,Ridge,revenue_only,2,2021-08,1.945708,1.6325295127158366
2021-06,validation,12,Ridge,revenue_only,3,2021-09,1.795957,1.5738116093898609
2021-06,validation,12,Ridge,revenue_only,4,2021-10,1.704222,1.5265732051690646
2021-06,validation,12,Ridge,revenue_only,5,2021-11,1.801408,1.502904705871348
2021-06,validation,12,Ridge,revenue_only,6,2021-12,1.81951,1.5088355933079691
2021-06,validation,12,Ridge,revenue_only,7,2022-01,1.822394,1.5439034490588026
2021-06,validation,12,Ridge,revenue_only,8,2022-02,1.464984,1.6011124490117847
2021-06,validation,12,Ridge,revenue_only,9,2022-03,1.736445,1.667409814605042
2021-06,validation,12,Ridge,revenue_only,10,2022-04,1.641441,1.7257969037986083
2021-06,validation,12,Ridge,revenue_only,11,2022-05,1.658904,1.7599004369251037
2021-06,validation,12,Ridge,revenue_only,12,2022-06,1.489451,1.759907514266255
2021-06,validation,12,GradientBoosting,revenue_only,1,2021-07,1.928594,1.694212588656891
2021-06,validation,12,GradientBoosting,revenue_only,2,2021-08,1.945708,1.6163736486230786
2021-06,validation,12,GradientBoosting,revenue_only,3,2021-09,1.795957,1.4678273423062809
2021-06,validation,12,GradientBoosting,revenue_only,4,2021-10,1.704222,1.3433726952727698
2021-06,validation,12,GradientBoosting,revenue_only,5,2021-11,1.801408,1.4433793353608584
2021-06,validation,12,GradientBoosting,revenue_only,6,2021-12,1.81951,1.482564808753491
2021-06,validation,12,GradientBoosting,revenue_only,7,2022-01,1.822394,1.4731118527774518
2021-06,validation,12,GradientBoosting,revenue_only,8,2022-02,1.464984,1.3649384559799416
2021-06,validation,12,GradientBoosting,revenue_only,9,2022-03,1.736445,1.6787241086066615
2021-06,validation,12,GradientBoosting,revenue_only,10,2022-04,1.641441,1.8168671980925817
2021-06,validation,12,GradientBoosting,revenue_only,11,2022-05,1.658904,1.813000695734867
2021-06,validation,12,GradientBoosting,revenue_only,12,2022-06,1.489451,1.7757275752185282
2021-06,validation,12,Ridge,revenue_plus_financials,1,2021-07,1.928594,1.7454252786408841
2021-06,validation,12,Ridge,revenue_plus_financials,2,2021-08,1.945708,1.691150171403891
2021-06,validation,12,Ridge,revenue_plus_financials,3,2021-09,1.795957,1.6312734646301075
2021-06,validation,12,Ridge,revenue_plus_financials,4,2021-10,1.704222,1.582695455491266
2021-06,validation,12,Ridge,revenue_plus_financials,5,2021-11,1.801408,1.558042820741493
2021-06,validation,12,Ridge,revenue_plus_financials,6,2021-12,1.81951,1.563749525253482
2021-06,validation,12,Ridge,revenue_plus_financials,7,2022-01,1.822394,1.599568184719771
2021-06,validation,12,Ridge,revenue_plus_financials,8,2022-02,1.464984,1.6585100418433427
2021-06,validation,12,Ridge,revenue_plus_financials,9,2022-03,1.736445,1.727307934786514
2021-06,validation,12,Ridge,revenue_plus_financials,10,2022-04,1.641441,1.7885267698799332
2021-06,validation,12,Ridge,revenue_plus_financials,11,2022-05,1.658904,1.825196684144275
2021-06,validation,12,Ridge,revenue_plus_financials,12,2022-06,1.489451,1.8269141106336744
2021-06,validation,12,GradientBoosting,revenue_plus_financials,1,2021-07,1.928594,1.6680136664378233
2021-06,validation,12,GradientBoosting,revenue_plus_financials,2,2021-08,1.945708,1.5939787641780356
2021-06,validation,12,GradientBoosting,revenue_plus_financials,3,2021-09,1.795957,1.4731082587223872
2021-06,validation,12,GradientBoosting,revenue_plus_financials,4,2021-10,1.704222,1.3485850219456181
2021-06,validation,12,GradientBoosting,revenue_plus_financials,5,2021-11,1.801408,1.4466158826534867
2021-06,validation,12,GradientBoosting,revenue_plus_financials,6,2021-12,1.81951,1.4867493001720204
2021-06,validation,12,GradientBoosting,revenue_plus_financials,7,2022-01,1.822394,1.480886376455813
2021-06,validation,12,GradientBoosting,revenue_plus_financials,8,2022-02,1.464984,1.3695963446750394
2021-06,validation,12,GradientBoosting,revenue_plus_financials,9,2022-03,1.736445,1.6892387614040971
2021-06,validation,12,GradientBoosting,revenue_plus_financials,10,2022-04,1.641441,1.7873252231783232
2021-06,validation,12,GradientBoosting,revenue_plus_financials,11,2022-05,1.658904,1.7840301008497237
2021-06,validation,12,GradientBoosting,revenue_plus_financials,12,2022-06,1.489451,1.7450606190453837
2021-09,validation,12,HW_Damped_Add,revenue_only,1,2021-10,1.704222,1.7575420252154017
2021-09,validation,12,HW_Damped_Add,revenue_only,2,2021-11,1.801408,1.8100692900094244
2021-09,validation,12,HW_Damped_Add,revenue_only,3,2021-12,1.81951,1.8082480808299657
2021-09,validation,12,HW_Damped_Add,revenue_only,4,2022-01,1.822394,1.8530155398942867
2021-09,validation,12,HW_Damped_Add,revenue_only,5,2022-02,1.464984,1.658022755328904
2021-09,validation,12,HW_Damped_Add,revenue_only,6,2022-03,1.736445,1.919226681879153
2021-09,validation,12,HW_Damped_Add,revenue_only,7,2022-04,1.641441,1.928696240941858
2021-09,validation,12,HW_Damped_Add,revenue_only,8,2022-05,1.658904,1.8999788853684279
2021-09,validation,12,HW_Damped_Add,revenue_only,9,2022-06,1.489451,1.828227198703233
2021-09,validation,12,HW_Damped_Add,revenue_only,10,2022-07,1.541013,1.9076623022556374
2021-09,validation,12,HW_Damped_Add,revenue_only,11,2022-08,1.483968,1.9314709029771338
2021-09,validation,12,HW_Damped_Add,revenue_only,12,2022-09,1.490297,1.856292405140609
2021-09,validation,12,Ridge,revenue_only,1,2021-10,1.704222,1.5073846527110835
2021-09,validation,12,Ridge,revenue_only,2,2021-11,1.801408,1.4747111126168635
2021-09,validation,12,Ridge,revenue_only,3,2021-12,1.81951,1.4704097717563924
2021-09,validation,12,Ridge,revenue_only,4,2022-01,1.822394,1.4965568977164918
2021-09,validation,12,Ridge,revenue_only,5,2022-02,1.464984,1.5486573864309243
2021-09,validation,12,Ridge,revenue_only,6,2022-03,1.736445,1.6157619739156301
2021-09,validation,12,Ridge,revenue_only,7,2022-04,1.641441,1.6817371448324534
2021-09,validation,12,Ridge,revenue_only,8,2022-05,1.658904,1.7289217756756128
2021-09,validation,12,Ridge,revenue_only,9,2022-06,1.489451,1.743990071510355
2021-09,validation,12,Ridge,revenue_only,10,2022-07,1.541013,1.7234125320864389
2021-09,validation,12,Ridge,revenue_only,11,2022-08,1.483968,1.6750478687650416
2021-09,validation,12,Ridge,revenue_only,12,2022-09,1.490297,1.614749947592139
2021-09,validation,12,GradientBoosting,revenue_only,1,2021-10,1.704222,1.4298455673853756
2021-09,validation,12,GradientBoosting,revenue_only,2,2021-11,1.801408,1.5183610639349863
2021-09,validation,12,GradientBoosting,revenue_only,3,2021-12,1.81951,1.5004874003847033
2021-09,validation,12,GradientBoosting,revenue_only,4,2022-01,1.822394,1.4647791537786208
2021-09,validation,12,GradientBoosting,revenue_only,5,2022-02,1.464984,1.351122823913274
2021-09,validation,12,GradientBoosting,revenue_only,6,2022-03,1.736445,1.7513238672554583
2021-09,validation,12,GradientBoosting,revenue_only,7,2022-04,1.641441,1.8226540278424717
2021-09,validation,12,GradientBoosting,revenue_only,8,2022-05,1.658904,1.8226540278424717
2021-09,validation,12,GradientBoosting,revenue_only,9,2022-06,1.489451,1.8402948143761209
2021-09,validation,12,GradientBoosting,revenue_only,10,2022-07,1.541013,1.8729326729138085
2021-09,validation,12,GradientBoosting,revenue_only,11,2022-08,1.483968,1.8253990540427731
2021-09,validation,12,GradientBoosting,revenue_only,12,2022-09,1.490297,1.7347814210596357
2021-09,validation,12,Ridge,revenue_plus_financials,1,2021-10,1.704222,1.6148502306070684
2021-09,validation,12,Ridge,revenue_plus_financials,2,2021-11,1.801408,1.5833108669268476
2021-09,validation,12,Ridge,revenue_plus_financials,3,2021-12,1.81951,1.5816285730826396
2021-09,validation,12,Ridge,revenue_plus_financials,4,2022-01,1.822394,1.6117386383816
2021-09,validation,12,Ridge,revenue_plus_financials,5,2022-02,1.464984,1.6686518434381337
2021-09,validation,12,Ridge,revenue_plus_financials,6,2022-03,1.736445,1.7406172514723495
2021-09,validation,12,Ridge,revenue_plus_financials,7,2022-04,1.641441,1.8105789522247018
2021-09,validation,12,Ridge,revenue_plus_financials,8,2022-05,1.658904,1.8601427828536528
2021-09,validation,12,Ridge,revenue_plus_financials,9,2022-06,1.489451,1.8757317456778022
2021-09,validation,12,Ridge,revenue_plus_financials,10,2022-07,1.541013,1.8541436160071334
2021-09,validation,12,Ridge,revenue_plus_financials,11,2022-08,1.483968,1.8039936802015846
2021-09,validation,12,Ridge,revenue_plus_financials,12,2022-09,1.490297,1.7420484022173939
2021-09,validation,12,GradientBoosting,revenue_plus_financials,1,2021-10,1.704222,1.4325199077496553
2021-09,validation,12,GradientBoosting,revenue_plus_financials,2,2021-11,1.801408,1.520718539630185
2021-09,validation,12,GradientBoosting,revenue_plus_financials,3,2021-12,1.81951,1.4957507163422699
2021-09,validation,12,GradientBoosting,revenue_plus_financials,4,2022-01,1.822394,1.464056077063527
2021-09,validation,12,GradientBoosting,revenue_plus_financials,5,2022-02,1.464984,1.3531711427154784
2021-09,validation,12,GradientBoosting,revenue_plus_financials,6,2022-03,1.736445,1.7478018077730892
2021-09,validation,12,GradientBoosting,revenue_plus_financials,7,2022-04,1.641441,1.8195674939814437
2021-09,validation,12,GradientBoosting,revenue_plus_financials,8,2022-05,1.658904,1.8195674939814437
2021-09,validation,12,GradientBoosting,revenue_plus_financials,9,2022-06,1.489451,1.841041684602038
2021-09,validation,12,GradientBoosting,revenue_plus_financials,10,2022-07,1.541013,1.8752151075296866
2021-09,validation,12,GradientBoosting,revenue_plus_financials,11,2022-08,1.483968,1.828203343854363
2021-09,validation,12,GradientBoosting,revenue_plus_financials,12,2022-09,1.490297,1.7368936524032337
2021-12,validation,12,HW_Damped_Add,revenue_only,1,2022-01,1.822394,1.8642351009225544
2021-12,validation,12,HW_Damped_Add,revenue_only,2,2022-02,1.464984,1.6691908860567817
2021-12,validation,12,HW_Damped_Add,revenue_only,3,2022-03,1.736445,1.9303459526176843
2021-12,validation,12,HW_Damped_Add,revenue_only,4,2022-04,1.641441,1.939766811937325
2021-12,validation,12,HW_Damped_Add,revenue_only,5,2022-05,1.658904,1.911007073825644
2021-12,validation,12,HW_Damped_Add,revenue_only,6,2022-06,1.489451,1.8392011492587748
2021-12,validation,12,HW_Damped_Add,revenue_only,7,2022-07,1.541013,1.9185943038766038
2021-12,validation,12,HW_Damped_Add,revenue_only,8,2022-08,1.483968,1.9423514759083238
2021-12,validation,12,HW_Damped_Add,revenue_only,9,2022-09,1.490297,1.8671292213409296
2021-12,validation,12,HW_Damped_Add,revenue_only,10,2022-10,1.327315,1.822447248200604
2021-12,validation,12,HW_Damped_Add,revenue_only,11,2022-11,1.473019,1.8795959292652287
2021-12,validation,12,HW_Damped_Add,revenue_only,12,2022-12,1.342897,1.87964287371195
2021-12,validation,12,Ridge,revenue_only,1,2022-01,1.822394,1.5354403577000204
2021-12,validation,12,Ridge,revenue_only,2,2022-02,1.464984,1.5812427149368753
2021-12,validation,12,Ridge,revenue_only,3,2022-03,1.736445,1.6400842773442443
2021-12,validation,12,Ridge,revenue_only,4,2022-04,1.641441,1.6981460595082907
2021-12,validation,12,Ridge,revenue_only,5,2022-05,1.658904,1.740474565302869
2021-12,validation,12,Ridge,revenue_only,6,2022-06,1.489451,1.7557793002826518
2021-12,validation,12,Ridge,revenue_only,7,2022-07,1.541013,1.7408200886265193
2021-12,validation,12,Ridge,revenue_only,8,2022-08,1.483968,1.7017909516706002
2021-12,validation,12,Ridge,revenue_only,9,2022-09,1.490297,1.6517963012171555
2021-12,validation,12,Ridge,revenue_only,10,2022-10,1.327315,1.6060738816755928
2021-12,validation,12,Ridge,revenue_only,11,2022-11,1.473019,1.5775778027216638
2021-12,validation,12,Ridge,revenue_only,12,2022-12,1.342897,1.574368711066811
2021-12,validation,12,GradientBoosting,revenue_only,1,2022-01,1.822394,1.6598507563279261
2021-12,validation,12,GradientBoosting,revenue_only,2,2022-02,1.464984,1.5631261940776704
2021-12,validation,12,GradientBoosting,revenue_only,3,2022-03,1.736445,1.7107201643834067
2021-12,validation,12,GradientBoosting,revenue_only,4,2022-04,1.641441,1.788910615917583
2021-12,validation,12,GradientBoosting,revenue_only,5,2022-05,1.658904,1.8072627062471665
2021-12,validation,12,GradientBoosting,revenue_only,6,2022-06,1.489451,1.8853241644515282
2021-12,validation,12,GradientBoosting,revenue_only,7,2022-07,1.541013,1.8899905353017719
2021-12,validation,12,GradientBoosting,revenue_only,8,2022-08,1.483968,1.8423993054138879
2021-12,validation,12,GradientBoosting,revenue_only,9,2022-09,1.490297,1.7491640874467302
2021-12,validation,12,GradientBoosting,revenue_only,10,2022-10,1.327315,1.7176698312158674
2021-12,validation,12,GradientBoosting,revenue_only,11,2022-11,1.473019,1.774596904019997
2021-12,validation,12,GradientBoosting,revenue_only,12,2022-12,1.342897,1.774596904019997
2021-12,validation,12,Ridge,revenue_plus_financials,1,2022-01,1.822394,1.6559979076214835
2021-12,validation,12,Ridge,revenue_plus_financials,2,2022-02,1.464984,1.7109833186341008
2021-12,validation,12,Ridge,revenue_plus_financials,3,2022-03,1.736445,1.7794444083602423
2021-12,validation,12,Ridge,revenue_plus_financials,4,2022-04,1.641441,1.8455413353339365
2021-12,validation,12,Ridge,revenue_plus_financials,5,2022-05,1.658904,1.892488403052431
2021-12,validation,12,Ridge,revenue_plus_financials,6,2022-06,1.489451,1.9081087983478233
2021-12,validation,12,Ridge,revenue_plus_financials,7,2022-07,1.541013,1.8896896386181965
2021-12,validation,12,Ridge,revenue_plus_financials,8,2022-08,1.483968,1.8451750942373193
2021-12,validation,12,Ridge,revenue_plus_financials,9,2022-09,1.490297,1.7899134373801417
2021-12,validation,12,Ridge,revenue_plus_financials,10,2022-10,1.327315,1.7411082377235738
2021-12,validation,12,Ridge,revenue_plus_financials,11,2022-11,1.473019,1.7129686468658911
2021-12,validation,12,Ridge,revenue_plus_financials,12,2022-12,1.342897,1.7140070369155156
2021-12,validation,12,GradientBoosting,revenue_plus_financials,1,2022-01,1.822394,1.6612817208531423
2021-12,validation,12,GradientBoosting,revenue_plus_financials,2,2022-02,1.464984,1.560753559394273
2021-12,validation,12,GradientBoosting,revenue_plus_financials,3,2022-03,1.736445,1.7079391276086606
2021-12,validation,12,GradientBoosting,revenue_plus_financials,4,2022-04,1.641441,1.7905945158128698
2021-12,validation,12,GradientBoosting,revenue_plus_financials,5,2022-05,1.658904,1.809102100717596
2021-12,validation,12,GradientBoosting,revenue_plus_financials,6,2022-06,1.489451,1.884025468942714
2021-12,validation,12,GradientBoosting,revenue_plus_financials,7,2022-07,1.541013,1.8886886253882522
2021-12,validation,12,GradientBoosting,revenue_plus_financials,8,2022-08,1.483968,1.8471254133946706
2021-12,validation,12,GradientBoosting,revenue_plus_financials,9,2022-09,1.490297,1.7491162487409
2021-12,validation,12,GradientBoosting,revenue_plus_financials,10,2022-10,1.327315,1.7178106637907444
2021-12,validation,12,GradientBoosting,revenue_plus_financials,11,2022-11,1.473019,1.77339674109273
2021-12,validation,12,GradientBoosting,revenue_plus_financials,12,2022-12,1.342897,1.77339674109273
2022-03,validation,12,HW_Damped_Add,revenue_only,1,2022-04,1.641441,1.7466667994707794
2022-03,validation,12,HW_Damped_Add,revenue_only,2,2022-05,1.658904,1.7186966772219479
2022-03,validation,12,HW_Damped_Add,revenue_only,3,2022-06,1.489451,1.6476876181759201
2022-03,validation,12,HW_Damped_Add,revenue_only,4,2022-07,1.541013,1.7278614228648297
2022-03,validation,12,HW_Damped_Add,revenue_only,5,2022-08,1.483968,1.7524068541108035
2022-03,validation,12,HW_Damped_Add,revenue_only,6,2022-09,1.490297,1.677968107200674
2022-03,validation,12,HW_Damped_Add,revenue_only,7,2022-10,1.327315,1.6340701881394115
2022-03,validation,12,HW_Damped_Add,revenue_only,8,2022-11,1.473019,1.6920010440033402
2022-03,validation,12,HW_Damped_Add,revenue_only,9,2022-12,1.342897,1.6928321758713494
2022-03,validation,12,HW_Damped_Add,revenue_only,10,2023-01,1.083168,1.7333859225028005
2022-03,validation,12,HW_Damped_Add,revenue_only,11,2023-02,1.255319,1.5225839769874991
2022-03,validation,12,HW_Damped_Add,revenue_only,12,2023-03,1.314268,1.7852473545382548
2022-03,validation,12,Ridge,revenue_only,1,2022-04,1.641441,1.7130094403329428
2022-03,validation,12,Ridge,revenue_only,2,2022-05,1.658904,1.7553544261749083
2022-03,validation,12,Ridge,revenue_only,3,2022-06,1.489451,1.7713778535997327
2022-03,validation,12,Ridge,revenue_only,4,2022-07,1.541013,1.757424034410348
2022-03,validation,12,Ridge,revenue_only,5,2022-08,1.483968,1.7191597884267122
2022-03,validation,12,Ridge,revenue_only,6,2022-09,1.490297,1.6692715831786071
2022-03,validation,12,Ridge,revenue_only,7,2022-10,1.327315,1.6228215212710193
2022-03,validation,12,Ridge,revenue_only,8,2022-11,1.473019,1.5928197462261489
2022-03,validation,12,Ridge,revenue_only,9,2022-12,1.342897,1.5875271956538284
2022-03,validation,12,Ridge,revenue_only,10,2023-01,1.083168,1.609373173577853
2022-03,validation,12,Ridge,revenue_only,11,2023-02,1.255319,1.6546952104106285
2022-03,validation,12,Ridge,revenue_only,12,2023-03,1.314268,1.7139896249682567
2022-03,validation,12,GradientBoosting,revenue_only,1,2022-04,1.641441,1.7286479015820095
2022-03,validation,12,GradientBoosting,revenue_only,2,2022-05,1.658904,1.8884845110889228
2022-03,validation,12,GradientBoosting,revenue_only,3,2022-06,1.489451,1.8682853178199683
2022-03,validation,12,GradientBoosting,revenue_only,4,2022-07,1.541013,1.8797684628906013
2022-03,validation,12,GradientBoosting,revenue_only,5,2022-08,1.483968,1.8273563417564012
2022-03,validation,12,GradientBoosting,revenue_only,6,2022-09,1.490297,1.778669775196398
2022-03,validation,12,GradientBoosting,revenue_only,7,2022-10,1.327315,1.6884007100950715
2022-03,validation,12,GradientBoosting,revenue_only,8,2022-11,1.473019,1.7606070057822443
2022-03,validation,12,GradientBoosting,revenue_only,9,2022-12,1.342897,1.7606070057822443
2022-03,validation,12,GradientBoosting,revenue_only,10,2023-01,1.083168,1.7606070057822443
2022-03,validation,12,GradientBoosting,revenue_only,11,2023-02,1.255319,1.5360168033532329
2022-03,validation,12,GradientBoosting,revenue_only,12,2023-03,1.314268,1.7224967581543509
2022-03,validation,12,Ridge,revenue_plus_financials,1,2022-04,1.641441,1.8093509002902821
2022-03,validation,12,Ridge,revenue_plus_financials,2,2022-05,1.658904,1.8580584973193097
2022-03,validation,12,Ridge,revenue_plus_financials,3,2022-06,1.489451,1.8780368028966838
2022-03,validation,12,Ridge,revenue_plus_financials,4,2022-07,1.541013,1.864817111140207
2022-03,validation,12,Ridge,revenue_plus_financials,5,2022-08,1.483968,1.8243228469741464
2022-03,validation,12,Ridge,revenue_plus_financials,6,2022-09,1.490297,1.7704312746088742
2022-03,validation,12,Ridge,revenue_plus_financials,7,2022-10,1.327315,1.7198145515595167
2022-03,validation,12,Ridge,revenue_plus_financials,8,2022-11,1.473019,1.6869750475400016
2022-03,validation,12,Ridge,revenue_plus_financials,9,2022-12,1.342897,1.68123167850303
2022-03,validation,12,Ridge,revenue_plus_financials,10,2023-01,1.083168,1.7055287287870682
2022-03,validation,12,Ridge,revenue_plus_financials,11,2023-02,1.255319,1.7561322129928585
2022-03,validation,12,Ridge,revenue_plus_financials,12,2023-03,1.314268,1.8228186154809733
2022-03,validation,12,GradientBoosting,revenue_plus_financials,1,2022-04,1.641441,1.7262393836993848
2022-03,validation,12,GradientBoosting,revenue_plus_financials,2,2022-05,1.658904,1.8858270427562172
2022-03,validation,12,GradientBoosting,revenue_plus_financials,3,2022-06,1.489451,1.8701246161902818
2022-03,validation,12,GradientBoosting,revenue_plus_financials,4,2022-07,1.541013,1.88143321280454
2022-03,validation,12,GradientBoosting,revenue_plus_financials,5,2022-08,1.483968,1.8289746747440694
2022-03,validation,12,GradientBoosting,revenue_plus_financials,6,2022-09,1.490297,1.7738641265547423
2022-03,validation,12,GradientBoosting,revenue_plus_financials,7,2022-10,1.327315,1.690678054710964
2022-03,validation,12,GradientBoosting,revenue_plus_financials,8,2022-11,1.473019,1.761100020361313
2022-03,validation,12,GradientBoosting,revenue_plus_financials,9,2022-12,1.342897,1.761100020361313
2022-03,validation,12,GradientBoosting,revenue_plus_financials,10,2023-01,1.083168,1.761100020361313
2022-03,validation,12,GradientBoosting,revenue_plus_financials,11,2023-02,1.255319,1.5381100201132587
2022-03,validation,12,GradientBoosting,revenue_plus_financials,12,2023-03,1.314268,1.7176305981964917
2022-06,validation,12,HW_Damped_Add,revenue_only,1,2022-07,1.541013,1.5700620820478357
2022-06,validation,12,HW_Damped_Add,revenue_only,2,2022-08,1.483968,1.5950475108590028
2022-06,validation,12,HW_Damped_Add,revenue_only,3,2022-09,1.490297,1.5210493182594764
2022-06,validation,12,HW_Damped_Add,revenue_only,4,2022-10,1.327315,1.4775915883421487
2022-06,validation,12,HW_Damped_Add,revenue_only,5,2022-11,1.473019,1.5359656033410083
2022-06,validation,12,HW_Damped_Add,revenue_only,6,2022-12,1.342897,1.537241163943505
2022-06,validation,12,HW_Damped_Add,revenue_only,7,2023-01,1.083168,1.578237074456866
2022-06,validation,12,HW_Damped_Add,revenue_only,8,2023-02,1.255319,1.367842924411468
2022-06,validation,12,HW_Damped_Add,revenue_only,9,2023-03,1.314268,1.6309117332593552
2022-06,validation,12,HW_Damped_Add,revenue_only,10,2023-04,1.202371,1.630774837642968
2022-06,validation,12,HW_Damped_Add,revenue_only,11,2023-05,1.347897,1.607514734810173
2022-06,validation,12,HW_Damped_Add,revenue_only,12,2023-06,1.206388,1.5268323465062714
2022-06,validation,12,Ridge,revenue_only,1,2022-07,1.541013,1.7676991766787824
2022-06,validation,12,Ridge,revenue_only,2,2022-08,1.483968,1.734927138937499
2022-06,validation,12,Ridge,revenue_only,3,2022-09,1.490297,1.6918956982806608
2022-06,validation,12,Ridge,revenue_only,4,2022-10,1.327315,1.651350278910276
2022-06,validation,12,Ridge,revenue_only,5,2022-11,1.473019,1.6245455170179546
2022-06,validation,12,Ridge,revenue_only,6,2022-12,1.342897,1.6187774172747167
2022-06,validation,12,Ridge,revenue_only,7,2023-01,1.083168,1.6362512359611638
2022-06,validation,12,Ridge,revenue_only,8,2023-02,1.255319,1.673794509525648
2022-06,validation,12,Ridge,revenue_only,9,2023-03,1.314268,1.7231965863478762
2022-06,validation,12,Ridge,revenue_only,10,2023-04,1.202371,1.7725326351602673
2022-06,validation,12,Ridge,revenue_only,11,2023-05,1.347897,1.8089501223634197
2022-06,validation,12,Ridge,revenue_only,12,2023-06,1.206388,1.8226210071129738
2022-06,validation,12,GradientBoosting,revenue_only,1,2022-07,1.541013,1.7735173813398204
2022-06,validation,12,GradientBoosting,revenue_only,2,2022-08,1.483968,1.7329764971595996
2022-06,validation,12,GradientBoosting,revenue_only,3,2022-09,1.490297,1.693919764651483
2022-06,validation,12,GradientBoosting,revenue_only,4,2022-10,1.327315,1.672330172464002
2022-06,validation,12,GradientBoosting,revenue_only,5,2022-11,1.473019,1.7585817388512124
2022-06,validation,12,GradientBoosting,revenue_only,6,2022-12,1.342897,1.673860461949162
2022-06,validation,12,GradientBoosting,revenue_only,7,2023-01,1.083168,1.673860461949162
2022-06,validation,12,GradientBoosting,revenue_only,8,2023-02,1.255319,1.5237330204887432
2022-06,validation,12,GradientBoosting,revenue_only,9,2023-03,1.314268,1.700906388423171
2022-06,validation,12,GradientBoosting,revenue_only,10,2023-04,1.202371,1.691111693086746
2022-06,validation,12,GradientBoosting,revenue_only,11,2023-05,1.347897,1.717999025599375
2022-06,validation,12,GradientBoosting,revenue_only,12,2023-06,1.206388,1.6429060452624764
2022-06,validation,12,Ridge,revenue_plus_financials,1,2022-07,1.541013,1.6095685651933551
2022-06,validation,12,Ridge,revenue_plus_financials,2,2022-08,1.483968,1.5801786019175939
2022-06,validation,12,Ridge,revenue_plus_financials,3,2022-09,1.490297,1.5412217842542704
2022-06,validation,12,Ridge,revenue_plus_financials,4,2022-10,1.327315,1.5043106497415812
2022-06,validation,12,Ridge,revenue_plus_financials,5,2022-11,1.473019,1.4797574267007652
2022-06,validation,12,Ridge,revenue_plus_financials,6,2022-12,1.342897,1.474298693932542
2022-06,validation,12,Ridge,revenue_plus_financials,7,2023-01,1.083168,1.490042900804492
2022-06,validation,12,Ridge,revenue_plus_financials,8,2023-02,1.255319,1.524195201202508
2022-06,validation,12,Ridge,revenue_plus_financials,9,2023-03,1.314268,1.5693511848662602
2022-06,validation,12,Ridge,revenue_plus_financials,10,2023-04,1.202371,1.614679235953456
2022-06,validation,12,Ridge,revenue_plus_financials,11,2023-05,1.347897,1.6484348000958788
2022-06,validation,12,Ridge,revenue_plus_financials,12,2023-06,1.206388,1.6615573424486814
2022-06,validation,12,GradientBoosting,revenue_plus_financials,1,2022-07,1.541013,1.7492006319899174
2022-06,validation,12,GradientBoosting,revenue_plus_financials,2,2022-08,1.483968,1.7198058100836449
2022-06,validation,12,GradientBoosting,revenue_plus_financials,3,2022-09,1.490297,1.6965398171092252
2022-06,validation,12,GradientBoosting,revenue_plus_financials,4,2022-10,1.327315,1.6277442795290191
2022-06,validation,12,GradientBoosting,revenue_plus_financials,5,2022-11,1.473019,1.7472555963078562
2022-06,validation,12,GradientBoosting,revenue_plus_financials,6,2022-12,1.342897,1.7014097089557905
2022-06,validation,12,GradientBoosting,revenue_plus_financials,7,2023-01,1.083168,1.7014097089557905
2022-06,validation,12,GradientBoosting,revenue_plus_financials,8,2023-02,1.255319,1.528810265979522
2022-06,validation,12,GradientBoosting,revenue_plus_financials,9,2023-03,1.314268,1.7005927578264506
2022-06,validation,12,GradientBoosting,revenue_plus_financials,10,2023-04,1.202371,1.6834891015256037
2022-06,validation,12,GradientBoosting,revenue_plus_financials,11,2023-05,1.347897,1.7109118261653538
2022-06,validation,12,GradientBoosting,revenue_plus_financials,12,2023-06,1.206388,1.6328749852770448
2022-09,validation,12,HW_Damped_Add,revenue_only,1,2022-10,1.327315,1.4467161555803474
2022-09,validation,12,HW_Damped_Add,revenue_only,2,2022-11,1.473019,1.5049715912476944
2022-09,validation,12,HW_Damped_Add,revenue_only,3,2022-12,1.342897,1.5061296533189217
2022-09,validation,12,HW_Damped_Add,revenue_only,4,2023-01,1.083168,1.5470100014237995
2022-09,validation,12,HW_Damped_Add,revenue_only,5,2023-02,1.255319,1.3364618087549267
2022-09,validation,12,HW_Damped_Add,revenue_only,6,2023-03,1.314268,1.5993775004371922
2022-09,validation,12,HW_Damped_Add,revenue_only,7,2023-04,1.202371,1.5990875814288599
2022-09,validation,12,HW_Damped_Add,revenue_only,8,2023-05,1.347897,1.5756747584962774
2022-09,validation,12,HW_Damped_Add,revenue_only,9,2023-06,1.206388,1.494843333364285
2022-09,validation,12,HW_Damped_Add,revenue_only,10,2023-07,1.296055,1.5721855352879417
2022-09,validation,12,HW_Damped_Add,revenue_only,11,2023-08,1.382764,1.5886109739396879
2022-09,validation,12,HW_Damped_Add,revenue_only,12,2023-09,1.499206,1.522300365404677
2022-09,validation,12,Ridge,revenue_only,1,2022-10,1.327315,1.7055367848117227
2022-09,validation,12,Ridge,revenue_only,2,2022-11,1.473019,1.6848539767324395
2022-09,validation,12,Ridge,revenue_only,3,2022-12,1.342897,1.6864761711636092
2022-09,validation,12,Ridge,revenue_only,4,2023-01,1.083168,1.7107810583106393
2022-09,validation,12,Ridge,revenue_only,5,2023-02,1.255319,1.7527958910125954
2022-09,validation,12,Ridge,revenue_only,6,2023-03,1.314268,1.8028479304390337
2022-09,validation,12,Ridge,revenue_only,7,2023-04,1.202371,1.848386419938873
2022-09,validation,12,Ridge,revenue_only,8,2023-05,1.347897,1.8772451739077682
2022-09,validation,12,Ridge,revenue_only,9,2023-06,1.206388,1.881622330988915
2022-09,validation,12,Ridge,revenue_only,10,2023-07,1.296055,1.8610054235683435
2022-09,validation,12,Ridge,revenue_only,11,2023-08,1.382764,1.8223849892639579
2022-09,validation,12,Ridge,revenue_only,12,2023-09,1.499206,1.7776316919733048
2022-09,validation,12,GradientBoosting,revenue_only,1,2022-10,1.327315,1.5313447901649717
2022-09,validation,12,GradientBoosting,revenue_only,2,2022-11,1.473019,1.6227377420974283
2022-09,validation,12,GradientBoosting,revenue_only,3,2022-12,1.342897,1.6227377420974283
2022-09,validation,12,GradientBoosting,revenue_only,4,2023-01,1.083168,1.6182414970273484
2022-09,validation,12,GradientBoosting,revenue_only,5,2023-02,1.255319,1.463602650555242
2022-09,validation,12,GradientBoosting,revenue_only,6,2023-03,1.314268,1.635523457505247
2022-09,validation,12,GradientBoosting,revenue_only,7,2023-04,1.202371,1.619089056989874
2022-09,validation,12,GradientBoosting,revenue_only,8,2023-05,1.347897,1.6344989034073836
2022-09,validation,12,GradientBoosting,revenue_only,9,2023-06,1.206388,1.583929232046477
2022-09,validation,12,GradientBoosting,revenue_only,10,2023-07,1.296055,1.604383248880833
2022-09,validation,12,GradientBoosting,revenue_only,11,2023-08,1.382764,1.5547146197822321
2022-09,validation,12,GradientBoosting,revenue_only,12,2023-09,1.499206,1.536403001330781
2022-09,validation,12,Ridge,revenue_plus_financials,1,2022-10,1.327315,1.5078932635347095
2022-09,validation,12,Ridge,revenue_plus_financials,2,2022-11,1.473019,1.487141389644873
2022-09,validation,12,Ridge,revenue_plus_financials,3,2022-12,1.342897,1.4861051250183739
2022-09,validation,12,Ridge,revenue_plus_financials,4,2023-01,1.083168,1.5054760341524855
2022-09,validation,12,Ridge,revenue_plus_financials,5,2023-02,1.255319,1.5411627022930086
2022-09,validation,12,Ridge,revenue_plus_financials,6,2023-03,1.314268,1.584811055239697
2022-09,validation,12,Ridge,revenue_plus_financials,7,2023-04,1.202371,1.625328730597604
2022-09,validation,12,Ridge,revenue_plus_financials,8,2023-05,1.347897,1.6517041021031666
2022-09,validation,12,Ridge,revenue_plus_financials,9,2023-06,1.206388,1.6565619105205347
2022-09,validation,12,Ridge,revenue_plus_financials,10,2023-07,1.296055,1.6389135727871842
2022-09,validation,12,Ridge,revenue_plus_financials,11,2023-08,1.382764,1.6045531337639174
2022-09,validation,12,Ridge,revenue_plus_financials,12,2023-09,1.499206,1.5638597281805595
2022-09,validation,12,GradientBoosting,revenue_plus_financials,1,2022-10,1.327315,1.4609780145085942
2022-09,validation,12,GradientBoosting,revenue_plus_financials,2,2022-11,1.473019,1.5700785197211273
2022-09,validation,12,GradientBoosting,revenue_plus_financials,3,2022-12,1.342897,1.5700785197211273
2022-09,validation,12,GradientBoosting,revenue_plus_financials,4,2023-01,1.083168,1.5597944839936002
2022-09,validation,12,GradientBoosting,revenue_plus_financials,5,2023-02,1.255319,1.4186246420680944
2022-09,validation,12,GradientBoosting,revenue_plus_financials,6,2023-03,1.314268,1.6125462502653676
2022-09,validation,12,GradientBoosting,revenue_plus_financials,7,2023-04,1.202371,1.5855311750722296
2022-09,validation,12,GradientBoosting,revenue_plus_financials,8,2023-05,1.347897,1.5880615895775836
2022-09,validation,12,GradientBoosting,revenue_plus_financials,9,2023-06,1.206388,1.5425500873674696
2022-09,validation,12,GradientBoosting,revenue_plus_financials,10,2023-07,1.296055,1.5880615895775836
2022-09,validation,12,GradientBoosting,revenue_plus_financials,11,2023-08,1.382764,1.5453085246187512
2022-09,validation,12,GradientBoosting,revenue_plus_financials,12,2023-09,1.499206,1.5210462248294614
2022-12,validation,12,HW_Damped_Add,revenue_only,1,2023-01,1.083168,1.3839648940016898
2022-12,validation,12,HW_Damped_Add,revenue_only,2,2023-02,1.255319,1.173460477551296
2022-12,validation,12,HW_Damped_Add,revenue_only,3,2023-03,1.314268,1.436437720679349
2022-12,validation,12,HW_Damped_Add,revenue_only,4,2023-04,1.202371,1.4362284132704735
2022-12,validation,12,HW_Damped_Add,revenue_only,5,2023-05,1.347897,1.4129126101721752
2022-12,validation,12,HW_Damped_Add,revenue_only,6,2023-06,1.206388,1.3321903154900754
2022-12,validation,12,HW_Damped_Add,revenue_only,7,2023-07,1.296055,1.4096522325949876
2022-12,validation,12,HW_Damped_Add,revenue_only,8,2023-08,1.382764,1.4262073899790881
2022-12,validation,12,HW_Damped_Add,revenue_only,9,2023-09,1.499206,1.360033437542715
2022-12,validation,12,HW_Damped_Add,revenue_only,10,2023-10,1.40599,1.304434091251445
2022-12,validation,12,HW_Damped_Add,revenue_only,11,2023-11,1.574501,1.37136878688861
2022-12,validation,12,HW_Damped_Add,revenue_only,12,2023-12,1.434115,1.3593487525986365
2022-12,validation,12,Ridge,revenue_only,1,2023-01,1.083168,1.7513610961936825
2022-12,validation,12,Ridge,revenue_only,2,2023-02,1.255319,1.8031178844536957
2022-12,validation,12,Ridge,revenue_only,3,2023-03,1.314268,1.8642993410912432
2022-12,validation,12,Ridge,revenue_only,4,2023-04,1.202371,1.919405078144955
2022-12,validation,12,Ridge,revenue_only,5,2023-05,1.347897,1.9533795471997006
2022-12,validation,12,Ridge,revenue_only,6,2023-06,1.206388,1.956740448325508
2022-12,validation,12,Ridge,revenue_only,7,2023-07,1.296055,1.9293264123863927
2022-12,validation,12,Ridge,revenue_only,8,2023-08,1.382764,1.8803786802133398
2022-12,validation,12,Ridge,revenue_only,9,2023-09,1.499206,1.8249115708289234
2022-12,validation,12,Ridge,revenue_only,10,2023-10,1.40599,1.7786023542516955
2022-12,validation,12,Ridge,revenue_only,11,2023-11,1.574501,1.7536660629767926
2022-12,validation,12,Ridge,revenue_only,12,2023-12,1.434115,1.7566625493939134
2022-12,validation,12,GradientBoosting,revenue_only,1,2023-01,1.083168,1.5098534413870595
2022-12,validation,12,GradientBoosting,revenue_only,2,2023-02,1.255319,1.3884798716333029
2022-12,validation,12,GradientBoosting,revenue_only,3,2023-03,1.314268,1.5966451701340676
2022-12,validation,12,GradientBoosting,revenue_only,4,2023-04,1.202371,1.6279775146597948
2022-12,validation,12,GradientBoosting,revenue_only,5,2023-05,1.347897,1.6310038575032761
2022-12,validation,12,GradientBoosting,revenue_only,6,2023-06,1.206388,1.5620998328853095
2022-12,validation,12,GradientBoosting,revenue_only,7,2023-07,1.296055,1.5620998328853095
2022-12,validation,12,GradientBoosting,revenue_only,8,2023-08,1.382764,1.5254436761083698
2022-12,validation,12,GradientBoosting,revenue_only,9,2023-09,1.499206,1.5218558055189784
2022-12,validation,12,GradientBoosting,revenue_only,10,2023-10,1.40599,1.4436254279622327
2022-12,validation,12,GradientBoosting,revenue_only,11,2023-11,1.574501,1.5172980309446922
2022-12,validation,12,GradientBoosting,revenue_only,12,2023-12,1.434115,1.4895858723519884
2022-12,validation,12,Ridge,revenue_plus_financials,1,2023-01,1.083168,1.5389671499292195
2022-12,validation,12,Ridge,revenue_plus_financials,2,2023-02,1.255319,1.5781335360430124
2022-12,validation,12,Ridge,revenue_plus_financials,3,2023-03,1.314268,1.625985009671833
2022-12,validation,12,Ridge,revenue_plus_financials,4,2023-04,1.202371,1.6700454682123018
2022-12,validation,12,Ridge,revenue_plus_financials,5,2023-05,1.347897,1.6979476240134945
2022-12,validation,12,Ridge,revenue_plus_financials,6,2023-06,1.206388,1.7015040519267
2022-12,validation,12,Ridge,revenue_plus_financials,7,2023-07,1.296055,1.6798385085856589
2022-12,validation,12,Ridge,revenue_plus_financials,8,2023-08,1.382764,1.6397431011050687
2022-12,validation,12,Ridge,revenue_plus_financials,9,2023-09,1.499206,1.5930364121146163
2022-12,validation,12,Ridge,revenue_plus_financials,10,2023-10,1.40599,1.5525179262895683
2022-12,validation,12,Ridge,revenue_plus_financials,11,2023-11,1.574501,1.528492485580344
2022-12,validation,12,Ridge,revenue_plus_financials,12,2023-12,1.434115,1.5267829052159134
2022-12,validation,12,GradientBoosting,revenue_plus_financials,1,2023-01,1.083168,1.4378322724072985
2022-12,validation,12,GradientBoosting,revenue_plus_financials,2,2023-02,1.255319,1.3484783450152498
2022-12,validation,12,GradientBoosting,revenue_plus_financials,3,2023-03,1.314268,1.5452266827003247
2022-12,validation,12,GradientBoosting,revenue_plus_financials,4,2023-04,1.202371,1.5405042147238472
2022-12,validation,12,GradientBoosting,revenue_plus_financials,5,2023-05,1.347897,1.5405042147238472
2022-12,validation,12,GradientBoosting,revenue_plus_financials,6,2023-06,1.206388,1.483734826615993
2022-12,validation,12,GradientBoosting,revenue_plus_financials,7,2023-07,1.296055,1.5133118342547924
2022-12,validation,12,GradientBoosting,revenue_plus_financials,8,2023-08,1.382764,1.4820369198849808
2022-12,validation,12,GradientBoosting,revenue_plus_financials,9,2023-09,1.499206,1.4707437139390347
2022-12,validation,12,GradientBoosting,revenue_plus_financials,10,2023-10,1.40599,1.3889531594152467
2022-12,validation,12,GradientBoosting,revenue_plus_financials,11,2023-11,1.574501,1.4434980916181974
2022-12,validation,12,GradientBoosting,revenue_plus_financials,12,2023-12,1.434115,1.4325182077240846
2023-03,validation,12,HW_Damped_Add,revenue_only,1,2023-04,1.202371,1.3438539884910126
2023-03,validation,12,HW_Damped_Add,revenue_only,2,2023-05,1.347897,1.321033369326941
2023-03,validation,12,HW_Damped_Add,revenue_only,3,2023-06,1.206388,1.2408096944737528
2023-03,validation,12,HW_Damped_Add,revenue_only,4,2023-07,1.296055,1.3187722597998257
2023-03,validation,12,HW_Damped_Add,revenue_only,5,2023-08,1.382764,1.3358302671452214
2023-03,validation,12,HW_Damped_Add,revenue_only,6,2023-09,1.499206,1.2701629033104136
2023-03,validation,12,HW_Damped_Add,revenue_only,7,2023-10,1.40599,1.215067451082254
2023-03,validation,12,HW_Damped_Add,revenue_only,8,2023-11,1.574501,1.282510054704944
2023-03,validation,12,HW_Damped_Add,revenue_only,9,2023-12,1.434115,1.270996047108971
2023-03,validation,12,HW_Damped_Add,revenue_only,10,2024-01,1.496705,1.2831297424998682
2023-03,validation,12,HW_Damped_Add,revenue_only,11,2024-02,1.185857,1.1076911099347908
2023-03,validation,12,HW_Damped_Add,revenue_only,12,2024-03,1.750773,1.3524003927363073
2023-03,validation,12,Ridge,revenue_only,1,2023-04,1.202371,1.811505488172413
2023-03,validation,12,Ridge,revenue_only,2,2023-05,1.347897,1.8622059926783934
2023-03,validation,12,Ridge,revenue_only,3,2023-06,1.206388,1.8850270936124884
2023-03,validation,12,Ridge,revenue_only,4,2023-07,1.296055,1.8733886154426096
2023-03,validation,12,Ridge,revenue_only,5,2023-08,1.382764,1.831535236747981
2023-03,validation,12,Ridge,revenue_only,6,2023-09,1.499206,1.7727401870350272
2023-03,validation,12,Ridge,revenue_only,7,2023-10,1.40599,1.7141554835415376
2023-03,validation,12,Ridge,revenue_only,8,2023-11,1.574501,1.671388237013768
2023-03,validation,12,Ridge,revenue_only,9,2023-12,1.434115,1.6550177628611284
2023-03,validation,12,Ridge,revenue_only,10,2024-01,1.496705,1.669196917859808
2023-03,validation,12,Ridge,revenue_only,11,2024-02,1.185857,1.7113363185203396
2023-03,validation,12,Ridge,revenue_only,12,2024-03,1.750773,1.772232719553183
2023-03,validation,12,GradientBoosting,revenue_only,1,2023-04,1.202371,1.4599202061095482
2023-03,validation,12,GradientBoosting,revenue_only,2,2023-05,1.347897,1.4599202061095482
2023-03,validation,12,GradientBoosting,revenue_only,3,2023-06,1.206388,1.4824290437821126
2023-03,validation,12,GradientBoosting,revenue_only,4,2023-07,1.296055,1.528944572399713
2023-03,validation,12,GradientBoosting,revenue_only,5,2023-08,1.382764,1.5240844122887418
2023-03,validation,12,GradientBoosting,revenue_only,6,2023-09,1.499206,1.448690010774706
2023-03,validation,12,GradientBoosting,revenue_only,7,2023-10,1.40599,1.355425197876827
2023-03,validation,12,GradientBoosting,revenue_only,8,2023-11,1.574501,1.385727773555575
2023-03,validation,12,GradientBoosting,revenue_only,9,2023-12,1.434115,1.3457781294593556
2023-03,validation,12,GradientBoosting,revenue_only,10,2024-01,1.496705,1.298145125524283
2023-03,validation,12,GradientBoosting,revenue_only,11,2024-02,1.185857,1.2098094525176744
2023-03,validation,12,GradientBoosting,revenue_only,12,2024-03,1.750773,1.3706247678868435
2023-03,validation,12,Ridge,revenue_plus_financials,1,2023-04,1.202371,1.5900171284454254
2023-03,validation,12,Ridge,revenue_plus_financials,2,2023-05,1.347897,1.6246734548942205
2023-03,validation,12,Ridge,revenue_plus_financials,3,2023-06,1.206388,1.6370359091693811
2023-03,validation,12,Ridge,revenue_plus_financials,4,2023-07,1.296055,1.6229032105953094
2023-03,validation,12,Ridge,revenue_plus_financials,5,2023-08,1.382764,1.5862618701946585
2023-03,validation,12,Ridge,revenue_plus_financials,6,2023-09,1.499206,1.5376554281436559
2023-03,validation,12,Ridge,revenue_plus_financials,7,2023-10,1.40599,1.490263892842448
2023-03,validation,12,Ridge,revenue_plus_financials,8,2023-11,1.574501,1.4558844774267865
2023-03,validation,12,Ridge,revenue_plus_financials,9,2023-12,1.434115,1.4423239421534781
2023-03,validation,12,Ridge,revenue_plus_financials,10,2024-01,1.496705,1.4523002685181208
2023-03,validation,12,Ridge,revenue_plus_financials,11,2024-02,1.185857,1.4832083797292703
2023-03,validation,12,Ridge,revenue_plus_financials,12,2024-03,1.750773,1.5273763023377742
2023-03,validation,12,GradientBoosting,revenue_plus_financials,1,2023-04,1.202371,1.4465605627684468
2023-03,validation,12,GradientBoosting,revenue_plus_financials,2,2023-05,1.347897,1.4465605627684468
2023-03,validation,12,GradientBoosting,revenue_plus_financials,3,2023-06,1.206388,1.448822744424038
2023-03,validation,12,GradientBoosting,revenue_plus_financials,4,2023-07,1.296055,1.4973625887889719
2023-03,validation,12,GradientBoosting,revenue_plus_financials,5,2023-08,1.382764,1.4881085894340706
2023-03,validation,12,GradientBoosting,revenue_plus_financials,6,2023-09,1.499206,1.4307613390788778
2023-03,validation,12,GradientBoosting,revenue_plus_financials,7,2023-10,1.40599,1.3450772329432437
2023-03,validation,12,GradientBoosting,revenue_plus_financials,8,2023-11,1.574501,1.3688056541393332
2023-03,validation,12,GradientBoosting,revenue_plus_financials,9,2023-12,1.434115,1.3380423331389273
2023-03,validation,12,GradientBoosting,revenue_plus_financials,10,2024-01,1.496705,1.3026710163959434
2023-03,validation,12,GradientBoosting,revenue_plus_financials,11,2024-02,1.185857,1.2196979978446714
2023-03,validation,12,GradientBoosting,revenue_plus_financials,12,2024-03,1.750773,1.384065813705925
2023-06,validation,12,HW_Damped_Add,revenue_only,1,2023-07,1.296055,1.2913899799712307
2023-06,validation,12,HW_Damped_Add,revenue_only,2,2023-08,1.382764,1.3085719008305883
2023-06,validation,12,HW_Damped_Add,revenue_only,3,2023-09,1.499206,1.2430228270545194
2023-06,validation,12,HW_Damped_Add,revenue_only,4,2023-10,1.40599,1.188058934938514
2023-06,validation,12,HW_Damped_Add,revenue_only,5,2023-11,1.574501,1.255629008559517
2023-06,validation,12,HW_Damped_Add,revenue_only,6,2023-12,1.434115,1.244248243428843
2023-06,validation,12,HW_Damped_Add,revenue_only,7,2024-01,1.496705,1.2565480228158625
2023-06,validation,12,HW_Damped_Add,revenue_only,8,2024-02,1.185857,1.0812162187973473
2023-06,validation,12,HW_Damped_Add,revenue_only,9,2024-03,1.750773,1.3260378404966733
2023-06,validation,12,HW_Damped_Add,revenue_only,10,2024-04,1.822102,1.3160761044958944
2023-06,validation,12,HW_Damped_Add,revenue_only,11,2024-05,1.940296,1.3085139215700852
2023-06,validation,12,HW_Damped_Add,revenue_only,12,2024-06,1.942367,1.2226761996174023
2023-06,validation,12,Ridge,revenue_only,1,2023-07,1.296055,1.6096035015350743
2023-06,validation,12,Ridge,revenue_only,2,2023-08,1.382764,1.5859553489099112
2023-06,validation,12,Ridge,revenue_only,3,2023-09,1.499206,1.5490479282686798
2023-06,validation,12,Ridge,revenue_only,4,2023-10,1.40599,1.5093799846770808
2023-06,validation,12,Ridge,revenue_only,5,2023-11,1.574501,1.4775046053215257
2023-06,validation,12,Ridge,revenue_only,6,2023-12,1.434115,1.461360453524865
2023-06,validation,12,Ridge,revenue_only,7,2024-01,1.496705,1.464807421253934
2023-06,validation,12,Ridge,revenue_only,8,2024-02,1.185857,1.4871067031210818
2023-06,validation,12,Ridge,revenue_only,9,2024-03,1.750773,1.5230069298702977
2023-06,validation,12,Ridge,revenue_only,10,2024-04,1.822102,1.5635140760249437
2023-06,validation,12,Ridge,revenue_only,11,2024-05,1.940296,1.597736609250854
2023-06,validation,12,Ridge,revenue_only,12,2024-06,1.942367,1.6158845425613204
2023-06,validation,12,GradientBoosting,revenue_only,1,2023-07,1.296055,1.379366496481678
2023-06,validation,12,GradientBoosting,revenue_only,2,2023-08,1.382764,1.3761403831564243
2023-06,validation,12,GradientBoosting,revenue_only,3,2023-09,1.499206,1.385491121437041
2023-06,validation,12,GradientBoosting,revenue_only,4,2023-10,1.40599,1.386562918943397
2023-06,validation,12,GradientBoosting,revenue_only,5,2023-11,1.574501,1.4144823728639562
2023-06,validation,12,GradientBoosting,revenue_only,6,2023-12,1.434115,1.3192090700124741
2023-06,validation,12,GradientBoosting,revenue_only,7,2024-01,1.496705,1.3120370506333703
2023-06,validation,12,GradientBoosting,revenue_only,8,2024-02,1.185857,1.2147211474155586
2023-06,validation,12,GradientBoosting,revenue_only,9,2024-03,1.750773,1.2862192412682616
2023-06,validation,12,GradientBoosting,revenue_only,10,2024-04,1.822102,1.270951432229411
2023-06,validation,12,GradientBoosting,revenue_only,11,2024-05,1.940296,1.2739309490007023
2023-06,validation,12,GradientBoosting,revenue_only,12,2024-06,1.942367,1.2462539037567943
2023-06,validation,12,Ridge,revenue_plus_financials,1,2023-07,1.296055,1.2174649333196736
2023-06,validation,12,Ridge,revenue_plus_financials,2,2023-08,1.382764,1.1940926674136034
2023-06,validation,12,Ridge,revenue_plus_financials,3,2023-09,1.499206,1.162621413720593
2023-06,validation,12,Ridge,revenue_plus_financials,4,2023-10,1.40599,1.1313048081793542
2023-06,validation,12,Ridge,revenue_plus_financials,5,2023-11,1.574501,1.1077804109928344
2023-06,validation,12,Ridge,revenue_plus_financials,6,2023-12,1.434115,1.0972862397503091
2023-06,validation,12,Ridge,revenue_plus_financials,7,2024-01,1.496705,1.1017934903881867
2023-06,validation,12,Ridge,revenue_plus_financials,8,2024-02,1.185857,1.11977726551196
2023-06,validation,12,Ridge,revenue_plus_financials,9,2024-03,1.750773,1.1464216361130288
2023-06,validation,12,Ridge,revenue_plus_financials,10,2024-04,1.822102,1.1744000816195441
2023-06,validation,12,Ridge,revenue_plus_financials,11,2024-05,1.940296,1.195515025080996
2023-06,validation,12,Ridge,revenue_plus_financials,12,2024-06,1.942367,1.2031002053753888
2023-06,validation,12,GradientBoosting,revenue_plus_financials,1,2023-07,1.296055,1.39557181582248
2023-06,validation,12,GradientBoosting,revenue_plus_financials,2,2023-08,1.382764,1.39557181582248
2023-06,validation,12,GradientBoosting,revenue_plus_financials,3,2023-09,1.499206,1.39557181582248
2023-06,validation,12,GradientBoosting,revenue_plus_financials,4,2023-10,1.40599,1.3778918602116497
2023-06,validation,12,GradientBoosting,revenue_plus_financials,5,2023-11,1.574501,1.382875943075299
2023-06,validation,12,GradientBoosting,revenue_plus_financials,6,2023-12,1.434115,1.287232174017835
2023-06,validation,12,GradientBoosting,revenue_plus_financials,7,2024-01,1.496705,1.275047660090755
2023-06,validation,12,GradientBoosting,revenue_plus_financials,8,2024-02,1.185857,1.1985670051394137
2023-06,validation,12,GradientBoosting,revenue_plus_financials,9,2024-03,1.750773,1.2731752449146407
2023-06,validation,12,GradientBoosting,revenue_plus_financials,10,2024-04,1.822102,1.2731752449146407
2023-06,validation,12,GradientBoosting,revenue_plus_financials,11,2024-05,1.940296,1.2731752449146407
2023-06,validation,12,GradientBoosting,revenue_plus_financials,12,2024-06,1.942367,1.2376507706836748
2023-09,validation,12,HW_Damped_Add,revenue_only,1,2023-10,1.40599,1.4017915144104132
2023-09,validation,12,HW_Damped_Add,revenue_only,2,2023-11,1.574501,1.46867074491036
2023-09,validation,12,HW_Damped_Add,revenue_only,3,2023-12,1.434115,1.456583678111513
2023-09,validation,12,HW_Damped_Add,revenue_only,4,2024-01,1.496705,1.468074487859851
2023-09,validation,12,HW_Damped_Add,revenue_only,5,2024-02,1.185857,1.2921816662871841
2023-09,validation,12,HW_Damped_Add,revenue_only,6,2024-03,1.750773,1.5364259832996852
2023-09,validation,12,HW_Damped_Add,revenue_only,7,2024-04,1.822102,1.525866767445637
2023-09,validation,12,HW_Damped_Add,revenue_only,8,2024-05,1.940296,1.517695053067485
2023-09,validation,12,HW_Damped_Add,revenue_only,9,2024-06,1.942367,1.4312343278518407
2023-09,validation,12,HW_Damped_Add,revenue_only,10,2024-07,2.140634,1.5095872783691033
2023-09,validation,12,HW_Damped_Add,revenue_only,11,2024-08,2.211638,1.5322983225613074
2023-09,validation,12,HW_Damped_Add,revenue_only,12,2024-09,2.269814,1.4824984219990633
2023-09,validation,12,Ridge,revenue_only,1,2023-10,1.40599,1.5300542412530114
2023-09,validation,12,Ridge,revenue_only,2,2023-11,1.574501,1.501926747312541
2023-09,validation,12,Ridge,revenue_only,3,2023-12,1.434115,1.4892608232390798
2023-09,validation,12,Ridge,revenue_only,4,2024-01,1.496705,1.494996447339866
2023-09,validation,12,Ridge,revenue_only,5,2024-02,1.185857,1.5177191180642104
2023-09,validation,12,Ridge,revenue_only,6,2024-03,1.750773,1.5518540593724506
2023-09,validation,12,Ridge,revenue_only,7,2024-04,1.822102,1.588591037493249
2023-09,validation,12,Ridge,revenue_only,8,2024-05,1.940296,1.6178348447026654
2023-09,validation,12,Ridge,revenue_only,9,2024-06,1.942367,1.6310834192545984
2023-09,validation,12,Ridge,revenue_only,10,2024-07,2.140634,1.6243169594095155
2023-09,validation,12,Ridge,revenue_only,11,2024-08,2.211638,1.5994973910825352
2023-09,validation,12,Ridge,revenue_only,12,2024-09,2.269814,1.5638246903472037
2023-09,validation,12,GradientBoosting,revenue_only,1,2023-10,1.40599,1.3640606301970657
2023-09,validation,12,GradientBoosting,revenue_only,2,2023-11,1.574501,1.3940744782058987
2023-09,validation,12,GradientBoosting,revenue_only,3,2023-12,1.434115,1.32817976648985
2023-09,validation,12,GradientBoosting,revenue_only,4,2024-01,1.496705,1.32817976648985
2023-09,validation,12,GradientBoosting,revenue_only,5,2024-02,1.185857,1.2286742167477895
2023-09,validation,12,GradientBoosting,revenue_only,6,2024-03,1.750773,1.3189000948677658
2023-09,validation,12,GradientBoosting,revenue_only,7,2024-04,1.822102,1.3215857009727223
2023-09,validation,12,GradientBoosting,revenue_only,8,2024-05,1.940296,1.3215857009727223
2023-09,validation,12,GradientBoosting,revenue_only,9,2024-06,1.942367,1.2897732108812554
2023-09,validation,12,GradientBoosting,revenue_only,10,2024-07,2.140634,1.3608706439003915
2023-09,validation,12,GradientBoosting,revenue_only,11,2024-08,2.211638,1.36917462231721
2023-09,validation,12,GradientBoosting,revenue_only,12,2024-09,2.269814,1.4047281051762046
2023-09,validation,12,Ridge,revenue_plus_financials,1,2023-10,1.40599,1.3241527773719821
2023-09,validation,12,Ridge,revenue_plus_financials,2,2023-11,1.574501,1.2966863084890712
2023-09,validation,12,Ridge,revenue_plus_financials,3,2023-12,1.434115,1.2833663523758854
2023-09,validation,12,Ridge,revenue_plus_financials,4,2024-01,1.496705,1.2869434119876424
2023-09,validation,12,Ridge,revenue_plus_financials,5,2024-02,1.185857,1.3062011485844225
2023-09,validation,12,Ridge,revenue_plus_financials,6,2024-03,1.750773,1.3361237086955644
2023-09,validation,12,Ridge,revenue_plus_financials,7,2024-04,1.822102,1.368693463906059
2023-09,validation,12,Ridge,revenue_plus_financials,8,2024-05,1.940296,1.3946288214724476
2023-09,validation,12,Ridge,revenue_plus_financials,9,2024-06,1.942367,1.4060222226392154
2023-09,validation,12,Ridge,revenue_plus_financials,10,2024-07,2.140634,1.3990481282088807
2023-09,validation,12,Ridge,revenue_plus_financials,11,2024-08,2.211638,1.375407273632652
2023-09,validation,12,Ridge,revenue_plus_financials,12,2024-09,2.269814,1.3416646583755176
2023-09,validation,12,GradientBoosting,revenue_plus_financials,1,2023-10,1.40599,1.3736889477592786
2023-09,validation,12,GradientBoosting,revenue_plus_financials,2,2023-11,1.574501,1.3913135245594082
2023-09,validation,12,GradientBoosting,revenue_plus_financials,3,2023-12,1.434115,1.3322823029448274
2023-09,validation,12,GradientBoosting,revenue_plus_financials,4,2024-01,1.496705,1.3322823029448274
2023-09,validation,12,GradientBoosting,revenue_plus_financials,5,2024-02,1.185857,1.2445786200261248
2023-09,validation,12,GradientBoosting,revenue_plus_financials,6,2024-03,1.750773,1.3431193107576962
2023-09,validation,12,GradientBoosting,revenue_plus_financials,7,2024-04,1.822102,1.335049292502667
2023-09,validation,12,GradientBoosting,revenue_plus_financials,8,2024-05,1.940296,1.335049292502667
2023-09,validation,12,GradientBoosting,revenue_plus_financials,9,2024-06,1.942367,1.2894402974403307
2023-09,validation,12,GradientBoosting,revenue_plus_financials,10,2024-07,2.140634,1.3838750371875677
2023-09,validation,12,GradientBoosting,revenue_plus_financials,11,2024-08,2.211638,1.3838750371875677
2023-09,validation,12,GradientBoosting,revenue_plus_financials,12,2024-09,2.269814,1.4180268375718041
2023-12,holdout,12,HW_Damped_Add,revenue_only,1,2024-01,1.496705,1.468555533267855
2023-12,holdout,12,HW_Damped_Add,revenue_only,2,2024-02,1.185857,1.2926677993502151
2023-12,holdout,12,HW_Damped_Add,revenue_only,3,2024-03,1.750773,1.5369191505044846
2023-12,holdout,12,HW_Damped_Add,revenue_only,4,2024-04,1.822102,1.526368291597343
2023-12,holdout,12,HW_Damped_Add,revenue_only,5,2024-05,1.940296,1.518205032330563
2023-12,holdout,12,HW_Damped_Add,revenue_only,6,2024-06,1.942367,1.431756202467942
2023-12,holdout,12,HW_Damped_Add,revenue_only,7,2024-07,2.140634,1.5101167436361056
2023-12,holdout,12,HW_Damped_Add,revenue_only,8,2024-08,2.211638,1.5328351563431526
2023-12,holdout,12,HW_Damped_Add,revenue_only,9,2024-09,2.269814,1.4830380366258171
2023-12,holdout,12,HW_Damped_Add,revenue_only,10,2024-10,2.030244,1.423787706916745
2023-12,holdout,12,HW_Damped_Add,revenue_only,11,2024-11,2.260922,1.4997142536079753
2023-12,holdout,12,HW_Damped_Add,revenue_only,12,2024-12,2.018859,1.4757821804784175
2023-12,holdout,12,Ridge,revenue_only,1,2024-01,1.496705,1.5094666992295531
2023-12,holdout,12,Ridge,revenue_only,2,2024-02,1.185857,1.5315029665360598
2023-12,holdout,12,Ridge,revenue_only,3,2024-03,1.750773,1.5646272634288314
2023-12,holdout,12,Ridge,revenue_only,4,2024-04,1.822102,1.6005097659976488
2023-12,holdout,12,Ridge,revenue_only,5,2024-05,1.940296,1.629548306617012
2023-12,holdout,12,Ridge,revenue_only,6,2024-06,1.942367,1.6435803444255663
2023-12,holdout,12,Ridge,revenue_only,7,2024-07,2.140634,1.6386166719415358
2023-12,holdout,12,Ridge,revenue_only,8,2024-08,2.211638,1.6163083051864935
2023-12,holdout,12,Ridge,revenue_only,9,2024-09,2.269814,1.5833331136611322
2023-12,holdout,12,Ridge,revenue_only,10,2024-10,2.030244,1.5490520148338907
2023-12,holdout,12,Ridge,revenue_only,11,2024-11,2.260922,1.5226434948409506
2023-12,holdout,12,Ridge,revenue_only,12,2024-12,2.018859,1.5108302546976253
2023-12,holdout,12,GradientBoosting,revenue_only,1,2024-01,1.496705,1.376944622086127
2023-12,holdout,12,GradientBoosting,revenue_only,2,2024-02,1.185857,1.281423307531914
2023-12,holdout,12,GradientBoosting,revenue_only,3,2024-03,1.750773,1.3550081030194963
2023-12,holdout,12,GradientBoosting,revenue_only,4,2024-04,1.822102,1.3520704195962836
2023-12,holdout,12,GradientBoosting,revenue_only,5,2024-05,1.940296,1.3533309439337604
2023-12,holdout,12,GradientBoosting,revenue_only,6,2024-06,1.942367,1.3208849861255123
2023-12,holdout,12,GradientBoosting,revenue_only,7,2024-07,2.140634,1.409252619726961
2023-12,holdout,12,GradientBoosting,revenue_only,8,2024-08,2.211638,1.4079452855103933
2023-12,holdout,12,GradientBoosting,revenue_only,9,2024-09,2.269814,1.4079452855103933
2023-12,holdout,12,GradientBoosting,revenue_only,10,2024-10,2.030244,1.4109869438369917
2023-12,holdout,12,GradientBoosting,revenue_only,11,2024-11,2.260922,1.4484611768870603
2023-12,holdout,12,GradientBoosting,revenue_only,12,2024-12,2.018859,1.3914112373407193
2023-12,holdout,12,Ridge,revenue_plus_financials,1,2024-01,1.496705,1.3968540225012034
2023-12,holdout,12,Ridge,revenue_plus_financials,2,2024-02,1.185857,1.4151315234219137
2023-12,holdout,12,Ridge,revenue_plus_financials,3,2024-03,1.750773,1.4438886001609503
2023-12,holdout,12,Ridge,revenue_plus_financials,4,2024-04,1.822102,1.475733520336108
2023-12,holdout,12,Ridge,revenue_plus_financials,5,2024-05,1.940296,1.501994227635215
2023-12,holdout,12,Ridge,revenue_plus_financials,6,2024-06,1.942367,1.5151282245633027
2023-12,holdout,12,Ridge,revenue_plus_financials,7,2024-07,2.140634,1.51121230397786
2023-12,holdout,12,Ridge,revenue_plus_financials,8,2024-08,2.211638,1.4913686315602979
2023-12,holdout,12,Ridge,revenue_plus_financials,9,2024-09,2.269814,1.46134725460368
2023-12,holdout,12,Ridge,revenue_plus_financials,10,2024-10,2.030244,1.4295010523769716
2023-12,holdout,12,Ridge,revenue_plus_financials,11,2024-11,2.260922,1.4042016010350418
2023-12,holdout,12,Ridge,revenue_plus_financials,12,2024-12,2.018859,1.3917256929931556
2023-12,holdout,12,GradientBoosting,revenue_plus_financials,1,2024-01,1.496705,1.4014480344876696
2023-12,holdout,12,GradientBoosting,revenue_plus_financials,2,2024-02,1.185857,1.3172810291604469
2023-12,holdout,12,GradientBoosting,revenue_plus_financials,3,2024-03,1.750773,1.3829070129174803
2023-12,holdout,12,GradientBoosting,revenue_plus_financials,4,2024-04,1.822102,1.383850193222066
2023-12,holdout,12,GradientBoosting,revenue_plus_financials,5,2024-05,1.940296,1.3852578363464922
2023-12,holdout,12,GradientBoosting,revenue_plus_financials,6,2024-06,1.942367,1.3378659544437195
2023-12,holdout,12,GradientBoosting,revenue_plus_financials,7,2024-07,2.140634,1.4410682449245071
2023-12,holdout,12,GradientBoosting,revenue_plus_financials,8,2024-08,2.211638,1.4410682449245071
2023-12,holdout,12,GradientBoosting,revenue_plus_financials,9,2024-09,2.269814,1.4448044211730129
2023-12,holdout,12,GradientBoosting,revenue_plus_financials,10,2024-10,2.030244,1.4352299112954447
2023-12,holdout,12,GradientBoosting,revenue_plus_financials,11,2024-11,2.260922,1.4644742480875372
2023-12,holdout,12,GradientBoosting,revenue_plus_financials,12,2024-12,2.018859,1.4041580886022962
2024-03,holdout,12,HW_Damped_Add,revenue_only,1,2024-04,1.822102,1.6688502918210713
2024-03,holdout,12,HW_Damped_Add,revenue_only,2,2024-05,1.940296,1.6608474197186176
2024-03,holdout,12,HW_Damped_Add,revenue_only,3,2024-06,1.942367,1.5745463788487457
2024-03,holdout,12,HW_Damped_Add,revenue_only,4,2024-07,2.140634,1.6530472790995656
2024-03,holdout,12,HW_Damped_Add,revenue_only,5,2024-08,2.211638,1.6758937005128132
2024-03,holdout,12,HW_Damped_Add,revenue_only,6,2024-09,2.269814,1.6262187445219751
2024-03,holdout,12,HW_Damped_Add,revenue_only,7,2024-10,2.030244,1.5670793336297186
2024-03,holdout,12,HW_Damped_Add,revenue_only,8,2024-11,2.260922,1.6431134287275924
2024-03,holdout,12,HW_Damped_Add,revenue_only,9,2024-12,2.018859,1.6192723334937453
2024-03,holdout,12,HW_Damped_Add,revenue_only,10,2025-01,2.021128,1.6352719622831446
2024-03,holdout,12,HW_Damped_Add,revenue_only,11,2025-02,2.153377,1.4481380428828206
2024-03,holdout,12,HW_Damped_Add,revenue_only,12,2025-03,2.194287,1.7191033889099412
2024-03,holdout,12,Ridge,revenue_only,1,2024-04,1.822102,1.6225240688867753
2024-03,holdout,12,Ridge,revenue_only,2,2024-05,1.940296,1.6538755388537423
2024-03,holdout,12,Ridge,revenue_only,3,2024-06,1.942367,1.6695368005838735
2024-03,holdout,12,Ridge,revenue_only,4,2024-07,2.140634,1.6651314241108073
2024-03,holdout,12,Ridge,revenue_only,5,2024-08,2.211638,1.642262080839543
2024-03,holdout,12,Ridge,revenue_only,6,2024-09,2.269814,1.6079101336999155
2024-03,holdout,12,Ridge,revenue_only,7,2024-10,2.030244,1.5719582630094704
2024-03,holdout,12,Ridge,revenue_only,8,2024-11,2.260922,1.544138530830216
2024-03,holdout,12,Ridge,revenue_only,9,2024-12,2.018859,1.5316164167394903
2024-03,holdout,12,Ridge,revenue_only,10,2025-01,2.021128,1.5376391121346715
2024-03,holdout,12,Ridge,revenue_only,11,2025-02,2.153377,1.5610520862320882
2024-03,holdout,12,Ridge,revenue_only,12,2025-03,2.194287,1.5964488638755376
2024-03,holdout,12,GradientBoosting,revenue_only,1,2024-04,1.822102,1.4861632243778575
2024-03,holdout,12,GradientBoosting,revenue_only,2,2024-05,1.940296,1.4902526249054289
2024-03,holdout,12,GradientBoosting,revenue_only,3,2024-06,1.942367,1.4427300867893933
2024-03,holdout,12,GradientBoosting,revenue_only,4,2024-07,2.140634,1.4953677396661815
2024-03,holdout,12,GradientBoosting,revenue_only,5,2024-08,2.211638,1.4844097313199056
2024-03,holdout,12,GradientBoosting,revenue_only,6,2024-09,2.269814,1.479309500861168
2024-03,holdout,12,GradientBoosting,revenue_only,7,2024-10,2.030244,1.4136471216804931
2024-03,holdout,12,GradientBoosting,revenue_only,8,2024-11,2.260922,1.442845872123096
2024-03,holdout,12,GradientBoosting,revenue_only,9,2024-12,2.018859,1.4287862258238877
2024-03,holdout,12,GradientBoosting,revenue_only,10,2025-01,2.021128,1.4287862258238877
2024-03,holdout,12,GradientBoosting,revenue_only,11,2025-02,2.153377,1.3048079083949982
2024-03,holdout,12,GradientBoosting,revenue_only,12,2025-03,2.194287,1.5983463988827475
2024-03,holdout,12,Ridge,revenue_plus_financials,1,2024-04,1.822102,1.4889761603448275
2024-03,holdout,12,Ridge,revenue_plus_financials,2,2024-05,1.940296,1.5156409011981218
2024-03,holdout,12,Ridge,revenue_plus_financials,3,2024-06,1.942367,1.5281828815265253
2024-03,holdout,12,Ridge,revenue_plus_financials,4,2024-07,2.140634,1.5229614259997803
2024-03,holdout,12,Ridge,revenue_plus_financials,5,2024-08,2.211638,1.5016144343710178
2024-03,holdout,12,Ridge,revenue_plus_financials,6,2024-09,2.269814,1.4704480597294685
2024-03,holdout,12,Ridge,revenue_plus_financials,7,2024-10,2.030244,1.4382237597300396
2024-03,holdout,12,Ridge,revenue_plus_financials,8,2024-11,2.260922,1.4134823629591022
2024-03,holdout,12,Ridge,revenue_plus_financials,9,2024-12,2.018859,1.4024386984606865
2024-03,holdout,12,Ridge,revenue_plus_financials,10,2025-01,2.021128,1.4078060296709478
2024-03,holdout,12,Ridge,revenue_plus_financials,11,2025-02,2.153377,1.428386698186036
2024-03,holdout,12,Ridge,revenue_plus_financials,12,2025-03,2.194287,1.459241088767182
2024-03,holdout,12,GradientBoosting,revenue_plus_financials,1,2024-04,1.822102,1.4335383144547929
2024-03,holdout,12,GradientBoosting,revenue_plus_financials,2,2024-05,1.940296,1.442021941213583
2024-03,holdout,12,GradientBoosting,revenue_plus_financials,3,2024-06,1.942367,1.382967792976786
2024-03,holdout,12,GradientBoosting,revenue_plus_financials,4,2024-07,2.140634,1.4669255030894894
2024-03,holdout,12,GradientBoosting,revenue_plus_financials,5,2024-08,2.211638,1.462695896553808
2024-03,holdout,12,GradientBoosting,revenue_plus_financials,6,2024-09,2.269814,1.467718643255273
2024-03,holdout,12,GradientBoosting,revenue_plus_financials,7,2024-10,2.030244,1.4251613178665135
2024-03,holdout,12,GradientBoosting,revenue_plus_financials,8,2024-11,2.260922,1.4517483154132986
2024-03,holdout,12,GradientBoosting,revenue_plus_financials,9,2024-12,2.018859,1.4250774818106544
2024-03,holdout,12,GradientBoosting,revenue_plus_financials,10,2025-01,2.021128,1.4250774818106544
2024-03,holdout,12,GradientBoosting,revenue_plus_financials,11,2025-02,2.153377,1.31652908149961
2024-03,holdout,12,GradientBoosting,revenue_plus_financials,12,2025-03,2.194287,1.5503798928389771
2024-06,holdout,12,HW_Damped_Add,revenue_only,1,2024-07,2.140634,1.9986073377638156
2024-06,holdout,12,HW_Damped_Add,revenue_only,2,2024-08,2.211638,2.0201042972771206
2024-06,holdout,12,HW_Damped_Add,revenue_only,3,2024-09,2.269814,1.9690813820936255
2024-06,holdout,12,HW_Damped_Add,revenue_only,4,2024-10,2.030244,1.9085997507055987
2024-06,holdout,12,HW_Damped_Add,revenue_only,5,2024-11,2.260922,1.983292270026456
2024-06,holdout,12,HW_Damped_Add,revenue_only,6,2024-12,2.018859,1.9581147103312553
2024-06,holdout,12,HW_Damped_Add,revenue_only,7,2025-01,2.021128,1.972602495508823
2024-06,holdout,12,HW_Damped_Add,revenue_only,8,2025-02,2.153377,1.7841522157304712
2024-06,holdout,12,HW_Damped_Add,revenue_only,9,2025-03,2.194287,2.053802741160696
2024-06,holdout,12,HW_Damped_Add,revenue_only,10,2025-04,2.328755,2.0487464431475964
2024-06,holdout,12,HW_Damped_Add,revenue_only,11,2025-05,2.098333,2.0497803551407388
2024-06,holdout,12,HW_Damped_Add,revenue_only,12,2025-06,2.356699,1.9693671539908169
2024-06,holdout,12,Ridge,revenue_only,1,2024-07,2.140634,1.8075228923229132
2024-06,holdout,12,Ridge,revenue_only,2,2024-08,2.211638,1.7760666110835412
2024-06,holdout,12,Ridge,revenue_only,3,2024-09,2.269814,1.73142609082338
2024-06,holdout,12,Ridge,revenue_only,4,2024-10,2.030244,1.6867954215149898
2024-06,holdout,12,Ridge,revenue_only,5,2024-11,2.260922,1.654458213329715
2024-06,holdout,12,Ridge,revenue_only,6,2024-12,2.018859,1.6429293834838878
2024-06,holdout,12,Ridge,revenue_only,7,2025-01,2.021128,1.6555704276099779
2024-06,holdout,12,Ridge,revenue_only,8,2025-02,2.153377,1.69017775130805
2024-06,holdout,12,Ridge,revenue_only,9,2025-03,2.194287,1.7391932318687098
2024-06,holdout,12,Ridge,revenue_only,10,2025-04,2.328755,1.7908101390541058
2024-06,holdout,12,Ridge,revenue_only,11,2025-05,2.098333,1.831539626257548
2024-06,holdout,12,Ridge,revenue_only,12,2025-06,2.356699,1.8501774727298572
2024-06,holdout,12,GradientBoosting,revenue_only,1,2024-07,2.140634,1.7804847185702763
2024-06,holdout,12,GradientBoosting,revenue_only,2,2024-08,2.211638,1.7804847185702763
2024-06,holdout,12,GradientBoosting,revenue_only,3,2024-09,2.269814,1.7613054421921348
2024-06,holdout,12,GradientBoosting,revenue_only,4,2024-10,2.030244,1.5268276959131022
2024-06,holdout,12,GradientBoosting,revenue_only,5,2024-11,2.260922,1.5512294498478822
2024-06,holdout,12,GradientBoosting,revenue_only,6,2024-12,2.018859,1.5512294498478822
2024-06,holdout,12,GradientBoosting,revenue_only,7,2025-01,2.021128,1.5512294498478822
2024-06,holdout,12,GradientBoosting,revenue_only,8,2025-02,2.153377,1.3873181780081194
2024-06,holdout,12,GradientBoosting,revenue_only,9,2025-03,2.194287,1.7595898400163237
2024-06,holdout,12,GradientBoosting,revenue_only,10,2025-04,2.328755,1.7683644434493337
2024-06,holdout,12,GradientBoosting,revenue_only,11,2025-05,2.098333,1.7738253918727978
2024-06,holdout,12,GradientBoosting,revenue_only,12,2025-06,2.356699,1.7487253122772466
2024-06,holdout,12,Ridge,revenue_plus_financials,1,2024-07,2.140634,1.6731204675223215
2024-06,holdout,12,Ridge,revenue_plus_financials,2,2024-08,2.211638,1.6428432169601164
2024-06,holdout,12,Ridge,revenue_plus_financials,3,2024-09,2.269814,1.6004424015302292
2024-06,holdout,12,Ridge,revenue_plus_financials,4,2024-10,2.030244,1.558328787024364
2024-06,holdout,12,Ridge,revenue_plus_financials,5,2024-11,2.260922,1.527965689250513
2024-06,holdout,12,Ridge,revenue_plus_financials,6,2024-12,2.018859,1.5172270410424815
2024-06,holdout,12,Ridge,revenue_plus_financials,7,2025-01,2.021128,1.5291426012998819
2024-06,holdout,12,Ridge,revenue_plus_financials,8,2025-02,2.153377,1.561538692874573
2024-06,holdout,12,Ridge,revenue_plus_financials,9,2025-03,2.194287,1.6072465016855808
2024-06,holdout,12,Ridge,revenue_plus_financials,10,2025-04,2.328755,1.65514906762303
2024-06,holdout,12,Ridge,revenue_plus_financials,11,2025-05,2.098333,1.692607551529054
2024-06,holdout,12,Ridge,revenue_plus_financials,12,2025-06,2.356699,1.7092003421127817
2024-06,holdout,12,GradientBoosting,revenue_plus_financials,1,2024-07,2.140634,1.8076212685906907
2024-06,holdout,12,GradientBoosting,revenue_plus_financials,2,2024-08,2.211638,1.8027273286693015
2024-06,holdout,12,GradientBoosting,revenue_plus_financials,3,2024-09,2.269814,1.8027273286693015
2024-06,holdout,12,GradientBoosting,revenue_plus_financials,4,2024-10,2.030244,1.5884312528599882
2024-06,holdout,12,GradientBoosting,revenue_plus_financials,5,2024-11,2.260922,1.5780947861863597
2024-06,holdout,12,GradientBoosting,revenue_plus_financials,6,2024-12,2.018859,1.5733666547619143
2024-06,holdout,12,GradientBoosting,revenue_plus_financials,7,2025-01,2.021128,1.5675267140911213
2024-06,holdout,12,GradientBoosting,revenue_plus_financials,8,2025-02,2.153377,1.4066078213008275
2024-06,holdout,12,GradientBoosting,revenue_plus_financials,9,2025-03,2.194287,1.7211284633138904
2024-06,holdout,12,GradientBoosting,revenue_plus_financials,10,2025-04,2.328755,1.7211284633138904
2024-06,holdout,12,GradientBoosting,revenue_plus_financials,11,2025-05,2.098333,1.7258008833535137
2024-06,holdout,12,GradientBoosting,revenue_plus_financials,12,2025-06,2.356699,1.7178201828173303
2024-09,holdout,12,HW_Damped_Add,revenue_only,1,2024-10,2.030244,2.2081590469793633
2024-09,holdout,12,HW_Damped_Add,revenue_only,2,2024-11,2.260922,2.2816827250040204
2024-09,holdout,12,HW_Damped_Add,revenue_only,3,2024-12,2.018859,2.2553357884004486
2024-09,holdout,12,HW_Damped_Add,revenue_only,4,2025-01,2.021128,2.2681610041237192
2024-09,holdout,12,HW_Damped_Add,revenue_only,5,2025-02,2.153377,2.0785670537145995
2024-09,holdout,12,HW_Damped_Add,revenue_only,6,2025-03,2.194287,2.347074257390781
2024-09,holdout,12,HW_Damped_Add,revenue_only,7,2025-04,2.328755,2.3408816263834162
2024-09,holdout,12,HW_Damped_Add,revenue_only,8,2025-05,2.098333,2.3407780227827972
2024-09,holdout,12,HW_Damped_Add,revenue_only,9,2025-06,2.356699,2.259230775300745
2024-09,holdout,12,HW_Damped_Add,revenue_only,10,2025-07,2.667033,2.3451107878038306
2024-09,holdout,12,HW_Damped_Add,revenue_only,11,2025-08,2.544064,2.3693712540982754
2024-09,holdout,12,HW_Damped_Add,revenue_only,12,2025-09,2.851779,2.3260938819212678
2024-09,holdout,12,Ridge,revenue_only,1,2024-10,2.030244,1.7720338610262445
2024-09,holdout,12,Ridge,revenue_only,2,2024-11,2.260922,1.728844668932121
2024-09,holdout,12,Ridge,revenue_only,3,2024-12,2.018859,1.7060505550004947
2024-09,holdout,12,Ridge,revenue_only,4,2025-01,2.021128,1.7101364207071572
2024-09,holdout,12,Ridge,revenue_only,5,2025-02,2.153377,1.741408615551082
2024-09,holdout,12,Ridge,revenue_only,6,2025-03,2.194287,1.7939050303754687
2024-09,holdout,12,Ridge,revenue_only,7,2025-04,2.328755,1.8559972000201421
2024-09,holdout,12,Ridge,revenue_only,8,2025-05,2.098333,1.9124102973979042
2024-09,holdout,12,Ridge,revenue_only,9,2025-06,2.356699,1.948196988592829
2024-09,holdout,12,Ridge,revenue_only,10,2025-07,2.667033,1.9538072793549413
2024-09,holdout,12,Ridge,revenue_only,11,2025-08,2.544064,1.9288546674587974
2024-09,holdout,12,Ridge,revenue_only,12,2025-09,2.851779,1.8822983557740556
2024-09,holdout,12,GradientBoosting,revenue_only,1,2024-10,2.030244,1.5938659905443373
2024-09,holdout,12,GradientBoosting,revenue_only,2,2024-11,2.260922,1.6245806496578565
2024-09,holdout,12,GradientBoosting,revenue_only,3,2024-12,2.018859,1.524387131064862
2024-09,holdout,12,GradientBoosting,revenue_only,4,2025-01,2.021128,1.524387131064862
2024-09,holdout,12,GradientBoosting,revenue_only,5,2025-02,2.153377,1.3729280428387447
2024-09,holdout,12,GradientBoosting,revenue_only,6,2025-03,2.194287,1.853249641908712
2024-09,holdout,12,GradientBoosting,revenue_only,7,2025-04,2.328755,1.853249641908712
2024-09,holdout,12,GradientBoosting,revenue_only,8,2025-05,2.098333,1.853249641908712
2024-09,holdout,12,GradientBoosting,revenue_only,9,2025-06,2.356699,1.8935487425082334
2024-09,holdout,12,GradientBoosting,revenue_only,10,2025-07,2.667033,2.0423911512394723
2024-09,holdout,12,GradientBoosting,revenue_only,11,2025-08,2.544064,2.0423911512394723
2024-09,holdout,12,GradientBoosting,revenue_only,12,2025-09,2.851779,2.0423911512394723
2024-09,holdout,12,Ridge,revenue_plus_financials,1,2024-10,2.030244,1.7084272933091909
2024-09,holdout,12,Ridge,revenue_plus_financials,2,2024-11,2.260922,1.6663340348788125
2024-09,holdout,12,Ridge,revenue_plus_financials,3,2024-12,2.018859,1.6438411490349225
2024-09,holdout,12,Ridge,revenue_plus_financials,4,2025-01,2.021128,1.6472948901003464
2024-09,holdout,12,Ridge,revenue_plus_financials,5,2025-02,2.153377,1.6770744665200783
2024-09,holdout,12,Ridge,revenue_plus_financials,6,2025-03,2.194287,1.7274995012147827
2024-09,holdout,12,Ridge,revenue_plus_financials,7,2025-04,2.328755,1.7873960242390967
2024-09,holdout,12,Ridge,revenue_plus_financials,8,2025-05,2.098333,1.842020723222956
2024-09,holdout,12,Ridge,revenue_plus_financials,9,2025-06,2.356699,1.8768778854836348
2024-09,holdout,12,Ridge,revenue_plus_financials,10,2025-07,2.667033,1.882624914146175
2024-09,holdout,12,Ridge,revenue_plus_financials,11,2025-08,2.544064,1.8587547624436056
2024-09,holdout,12,Ridge,revenue_plus_financials,12,2025-09,2.851779,1.8138267337224605
2024-09,holdout,12,GradientBoosting,revenue_plus_financials,1,2024-10,2.030244,1.710877003989027
2024-09,holdout,12,GradientBoosting,revenue_plus_financials,2,2024-11,2.260922,1.7515122355908141
2024-09,holdout,12,GradientBoosting,revenue_plus_financials,3,2024-12,2.018859,1.6883634493545454
2024-09,holdout,12,GradientBoosting,revenue_plus_financials,4,2025-01,2.021128,1.6834437305203933
2024-09,holdout,12,GradientBoosting,revenue_plus_financials,5,2025-02,2.153377,1.5052982096850402
2024-09,holdout,12,GradientBoosting,revenue_plus_financials,6,2025-03,2.194287,1.9449709921820177
2024-09,holdout,12,GradientBoosting,revenue_plus_financials,7,2025-04,2.328755,1.9379608381373863
2024-09,holdout,12,GradientBoosting,revenue_plus_financials,8,2025-05,2.098333,1.9061686391152652
2024-09,holdout,12,GradientBoosting,revenue_plus_financials,9,2025-06,2.356699,1.8717206475536152
2024-09,holdout,12,GradientBoosting,revenue_plus_financials,10,2025-07,2.667033,1.953077046606114
2024-09,holdout,12,GradientBoosting,revenue_plus_financials,11,2025-08,2.544064,1.953077046606114
2024-09,holdout,12,GradientBoosting,revenue_plus_financials,12,2025-09,2.851779,1.953077046606114
2024-12,holdout,12,HW_Damped_Add,revenue_only,1,2025-01,2.021128,2.0326079066904774
2024-12,holdout,12,HW_Damped_Add,revenue_only,2,2025-02,2.153377,1.84392315882828
2024-12,holdout,12,HW_Damped_Add,revenue_only,3,2025-03,2.194287,2.11333923923203
2024-12,holdout,12,HW_Damped_Add,revenue_only,4,2025-04,2.328755,2.1080528902931053
2024-12,holdout,12,HW_Damped_Add,revenue_only,5,2025-05,2.098333,2.108854621699752
2024-12,holdout,12,HW_Damped_Add,revenue_only,6,2025-06,2.356699,2.0282127540003683
2024-12,holdout,12,HW_Damped_Add,revenue_only,7,2025-07,2.667033,2.114991626511893
2024-12,holdout,12,HW_Damped_Add,revenue_only,8,2025-08,2.544064,2.1401532358329645
2024-12,holdout,12,HW_Damped_Add,revenue_only,9,2025-09,2.851779,2.097768782965404
2024-12,holdout,12,HW_Damped_Add,revenue_only,10,2025-10,2.853997,2.021902308932092
2024-12,holdout,12,HW_Damped_Add,revenue_only,11,2025-11,3.024742,2.109134897958625
2024-12,holdout,12,HW_Damped_Add,revenue_only,12,2025-12,3.250133,2.065425521596676
2024-12,holdout,12,Ridge,revenue_only,1,2025-01,2.021128,1.6523199549291367
2024-12,holdout,12,Ridge,revenue_only,2,2025-02,2.153377,1.6754297268023501
2024-12,holdout,12,Ridge,revenue_only,3,2025-03,2.194287,1.7177282322001528
2024-12,holdout,12,Ridge,revenue_only,4,2025-04,2.328755,1.7703374778336582
2024-12,holdout,12,Ridge,revenue_only,5,2025-05,2.098333,1.8209545343045892
2024-12,holdout,12,Ridge,revenue_only,6,2025-06,2.356699,1.8568707730534457
2024-12,holdout,12,Ridge,revenue_only,7,2025-07,2.667033,1.8690009405584123
2024-12,holdout,12,Ridge,revenue_only,8,2025-08,2.544064,1.8552546363132687
2024-12,holdout,12,Ridge,revenue_only,9,2025-09,2.851779,1.821383354389175
2024-12,holdout,12,Ridge,revenue_only,10,2025-10,2.853997,1.7787947053437456
2024-12,holdout,12,Ridge,revenue_only,11,2025-11,3.024742,1.7406396161500821
2024-12,holdout,12,Ridge,revenue_only,12,2025-12,3.250133,1.7181155169619764
2024-12,holdout,12,GradientBoosting,revenue_only,1,2025-01,2.021128,1.872676786180504
2024-12,holdout,12,GradientBoosting,revenue_only,2,2025-02,2.153377,1.7422261230773146
2024-12,holdout,12,GradientBoosting,revenue_only,3,2025-03,2.194287,1.806182547154463
2024-12,holdout,12,GradientBoosting,revenue_only,4,2025-04,2.328755,1.806182547154463
2024-12,holdout,12,GradientBoosting,revenue_only,5,2025-05,2.098333,1.869493371867773
2024-12,holdout,12,GradientBoosting,revenue_only,6,2025-06,2.356699,1.9533284074760155
2024-12,holdout,12,GradientBoosting,revenue_only,7,2025-07,2.667033,2.080963044840439
2024-12,holdout,12,GradientBoosting,revenue_only,8,2025-08,2.544064,2.099823914675508
2024-12,holdout,12,GradientBoosting,revenue_only,9,2025-09,2.851779,2.133904393244353
2024-12,holdout,12,GradientBoosting,revenue_only,10,2025-10,2.853997,2.093388462954806
2024-12,holdout,12,GradientBoosting,revenue_only,11,2025-11,3.024742,2.1625487014748175
2024-12,holdout,12,GradientBoosting,revenue_only,12,2025-12,3.250133,2.0432334509209378
2024-12,holdout,12,Ridge,revenue_plus_financials,1,2025-01,2.021128,1.6938061719172206
2024-12,holdout,12,Ridge,revenue_plus_financials,2,2025-02,2.153377,1.7184109588427798
2024-12,holdout,12,Ridge,revenue_plus_financials,3,2025-03,2.194287,1.762615513190973
2024-12,holdout,12,Ridge,revenue_plus_financials,4,2025-04,2.328755,1.817181581875115
2024-12,holdout,12,Ridge,revenue_plus_financials,5,2025-05,2.098333,1.8693902932494122
2024-12,holdout,12,Ridge,revenue_plus_financials,6,2025-06,2.356699,1.9061844394866785
2024-12,holdout,12,Ridge,revenue_plus_financials,7,2025-07,2.667033,1.9183309938117201
2024-12,holdout,12,Ridge,revenue_plus_financials,8,2025-08,2.544064,1.9038611123527558
2024-12,holdout,12,Ridge,revenue_plus_financials,9,2025-09,2.851779,1.8688728331901374
2024-12,holdout,12,Ridge,revenue_plus_financials,10,2025-10,2.853997,1.8252151081811614
2024-12,holdout,12,Ridge,revenue_plus_financials,11,2025-11,3.024742,1.78643591065857
2024-12,holdout,12,Ridge,revenue_plus_financials,12,2025-12,3.250133,1.7639957961168593
2024-12,holdout,12,GradientBoosting,revenue_plus_financials,1,2025-01,2.021128,1.8880778087553691
2024-12,holdout,12,GradientBoosting,revenue_plus_financials,2,2025-02,2.153377,1.7154686590694603
2024-12,holdout,12,GradientBoosting,revenue_plus_financials,3,2025-03,2.194287,1.874264408895162
2024-12,holdout,12,GradientBoosting,revenue_plus_financials,4,2025-04,2.328755,1.874264408895162
2024-12,holdout,12,GradientBoosting,revenue_plus_financials,5,2025-05,2.098333,1.9194379129746726
2024-12,holdout,12,GradientBoosting,revenue_plus_financials,6,2025-06,2.356699,1.995792086948263
2024-12,holdout,12,GradientBoosting,revenue_plus_financials,7,2025-07,2.667033,2.1252674150207027
2024-12,holdout,12,GradientBoosting,revenue_plus_financials,8,2025-08,2.544064,2.077804522395322
2024-12,holdout,12,GradientBoosting,revenue_plus_financials,9,2025-09,2.851779,2.1005762378820987
2024-12,holdout,12,GradientBoosting,revenue_plus_financials,10,2025-10,2.853997,2.035745626111609
2024-12,holdout,12,GradientBoosting,revenue_plus_financials,11,2025-11,3.024742,2.0466480768397535
2024-12,holdout,12,GradientBoosting,revenue_plus_financials,12,2025-12,3.250133,1.9496440116060885
2025-03,holdout,12,HW_Damped_Add,revenue_only,1,2025-04,2.328755,2.223983817876588
2025-03,holdout,12,HW_Damped_Add,revenue_only,2,2025-05,2.098333,2.2243352265977436
2025-03,holdout,12,HW_Damped_Add,revenue_only,3,2025-06,2.356699,2.143239632548899
2025-03,holdout,12,HW_Damped_Add,revenue_only,4,2025-07,2.667033,2.2295730782348935
2025-03,holdout,12,HW_Damped_Add,revenue_only,5,2025-08,2.544064,2.2542861661641154
2025-03,holdout,12,HW_Damped_Add,revenue_only,6,2025-09,2.851779,2.211459831701115
2025-03,holdout,12,HW_Damped_Add,revenue_only,7,2025-10,2.853997,2.1351440069879293
2025-03,holdout,12,HW_Damped_Add,revenue_only,8,2025-11,3.024742,2.221929451675812
2025-03,holdout,12,HW_Damped_Add,revenue_only,9,2025-12,3.250133,2.177779463814195
2025-03,holdout,12,HW_Damped_Add,revenue_only,10,2026-01,3.533279,2.190846131002175
2025-03,holdout,12,HW_Damped_Add,revenue_only,11,2026-02,2.740833,2.02617721008138
2025-03,holdout,12,HW_Damped_Add,revenue_only,12,2026-03,3.781706,2.2773456472299483
2025-03,holdout,12,Ridge,revenue_only,1,2025-04,2.328755,1.7103169994327612
2025-03,holdout,12,Ridge,revenue_only,2,2025-05,2.098333,1.7526954060997542
2025-03,holdout,12,Ridge,revenue_only,3,2025-06,2.356699,1.7797728215086015
2025-03,holdout,12,Ridge,revenue_only,4,2025-07,2.667033,1.7851007665399181
2025-03,holdout,12,Ridge,revenue_only,5,2025-08,2.544064,1.7686785141336863
2025-03,holdout,12,Ridge,revenue_only,6,2025-09,2.851779,1.7369781751309488
2025-03,holdout,12,Ridge,revenue_only,7,2025-10,2.853997,1.7005896621333427
2025-03,holdout,12,Ridge,revenue_only,8,2025-11,3.024742,1.670798058163935
2025-03,holdout,12,Ridge,revenue_only,9,2025-12,3.250133,1.6566093297529734
2025-03,holdout,12,Ridge,revenue_only,10,2026-01,3.533279,1.6629385457853099
2025-03,holdout,12,Ridge,revenue_only,11,2026-02,2.740833,1.689834994844782
2025-03,holdout,12,Ridge,revenue_only,12,2026-03,3.781706,1.7324196508022733
2025-03,holdout,12,GradientBoosting,revenue_only,1,2025-04,2.328755,2.0080880183842043
2025-03,holdout,12,GradientBoosting,revenue_only,2,2025-05,2.098333,2.0080880183842043
2025-03,holdout,12,GradientBoosting,revenue_only,3,2025-06,2.356699,2.005159392359051
2025-03,holdout,12,GradientBoosting,revenue_only,4,2025-07,2.667033,2.081168490111748
2025-03,holdout,12,GradientBoosting,revenue_only,5,2025-08,2.544064,2.102307737019592
2025-03,holdout,12,GradientBoosting,revenue_only,6,2025-09,2.851779,2.119117023264712
2025-03,holdout,12,GradientBoosting,revenue_only,7,2025-10,2.853997,2.115847363596425
2025-03,holdout,12,GradientBoosting,revenue_only,8,2025-11,3.024742,2.1477481310595192
2025-03,holdout,12,GradientBoosting,revenue_only,9,2025-12,3.250133,2.08575932510513
2025-03,holdout,12,GradientBoosting,revenue_only,10,2026-01,3.533279,2.0779614005971165
2025-03,holdout,12,GradientBoosting,revenue_only,11,2026-02,2.740833,2.0675125244163852
2025-03,holdout,12,GradientBoosting,revenue_only,12,2026-03,3.781706,2.0811314171300133
2025-03,holdout,12,Ridge,revenue_plus_financials,1,2025-04,2.328755,1.8196834136956583
2025-03,holdout,12,Ridge,revenue_plus_financials,2,2025-05,2.098333,1.867477400366657
2025-03,holdout,12,Ridge,revenue_plus_financials,3,2025-06,2.356699,1.8985187747914103
2025-03,holdout,12,Ridge,revenue_plus_financials,4,2025-07,2.667033,1.905490556203353
2025-03,holdout,12,Ridge,revenue_plus_financials,5,2025-08,2.544064,1.8882315573722435
2025-03,holdout,12,Ridge,revenue_plus_financials,6,2025-09,2.851779,1.8538295322914238
2025-03,holdout,12,Ridge,revenue_plus_financials,7,2025-10,2.853997,1.8140149605039866
2025-03,holdout,12,Ridge,revenue_plus_financials,8,2025-11,3.024742,1.7813352561736315
2025-03,holdout,12,Ridge,revenue_plus_financials,9,2025-12,3.250133,1.765836296529248
2025-03,holdout,12,Ridge,revenue_plus_financials,10,2026-01,3.533279,1.7730576326736782
2025-03,holdout,12,Ridge,revenue_plus_financials,11,2026-02,2.740833,1.8031784937178994
2025-03,holdout,12,Ridge,revenue_plus_financials,12,2026-03,3.781706,1.850923594301224
2025-03,holdout,12,GradientBoosting,revenue_plus_financials,1,2025-04,2.328755,2.0617020032426154
2025-03,holdout,12,GradientBoosting,revenue_plus_financials,2,2025-05,2.098333,2.0617020032426154
2025-03,holdout,12,GradientBoosting,revenue_plus_financials,3,2025-06,2.356699,2.053419225596622
2025-03,holdout,12,GradientBoosting,revenue_plus_financials,4,2025-07,2.667033,2.1182200778741453
2025-03,holdout,12,GradientBoosting,revenue_plus_financials,5,2025-08,2.544064,2.11628957929067
2025-03,holdout,12,GradientBoosting,revenue_plus_financials,6,2025-09,2.851779,2.123543871737066
2025-03,holdout,12,GradientBoosting,revenue_plus_financials,7,2025-10,2.853997,2.1215450222032555
2025-03,holdout,12,GradientBoosting,revenue_plus_financials,8,2025-11,3.024742,2.1230137137215026
2025-03,holdout,12,GradientBoosting,revenue_plus_financials,9,2025-12,3.250133,2.089704263783846
2025-03,holdout,12,GradientBoosting,revenue_plus_financials,10,2026-01,3.533279,2.077657702492775
2025-03,holdout,12,GradientBoosting,revenue_plus_financials,11,2026-02,2.740833,1.9857535206367298
2025-03,holdout,12,GradientBoosting,revenue_plus_financials,12,2026-03,3.781706,2.086208458488546
2025-06,holdout,12,HW_Damped_Add,revenue_only,1,2025-07,2.667033,2.367490544807818
2025-06,holdout,12,HW_Damped_Add,revenue_only,2,2025-08,2.544064,2.3916763908940712
2025-06,holdout,12,HW_Damped_Add,revenue_only,3,2025-09,2.851779,2.3483223329881735
2025-06,holdout,12,HW_Damped_Add,revenue_only,4,2025-10,2.853997,2.271485325198218
2025-06,holdout,12,HW_Damped_Add,revenue_only,5,2025-11,3.024742,2.357751562875027
2025-06,holdout,12,HW_Damped_Add,revenue_only,6,2025-12,3.250133,2.3130743553126183
2025-06,holdout,12,HW_Damped_Add,revenue_only,7,2026-01,3.533279,2.325781506796382
2025-06,holdout,12,HW_Damped_Add,revenue_only,8,2026-02,2.740833,2.160595052553452
2025-06,holdout,12,HW_Damped_Add,revenue_only,9,2026-03,3.781706,2.4112492675678716
2025-06,holdout,12,HW_Damped_Add,revenue_only,10,2026-04,4.610166,2.41553162238208
2025-06,holdout,12,HW_Damped_Add,revenue_only,11,2026-05,4.794425,2.3973671460038743
2025-06,holdout,12,HW_Damped_Add,revenue_only,12,2026-06,4.895221,2.3416277122428157
2025-06,holdout,12,Ridge,revenue_only,1,2025-07,2.667033,1.8424168673797554
2025-06,holdout,12,Ridge,revenue_only,2,2025-08,2.544064,1.8193295815236408
2025-06,holdout,12,Ridge,revenue_only,3,2025-09,2.851779,1.7801836217417724
2025-06,holdout,12,Ridge,revenue_only,4,2025-10,2.853997,1.7375703612800435
2025-06,holdout,12,Ridge,revenue_only,5,2025-11,3.024742,1.7042240193276188
2025-06,holdout,12,Ridge,revenue_only,6,2025-12,3.250133,1.6898014065554812
2025-06,holdout,12,Ridge,revenue_only,7,2026-01,3.533279,1.6991096079372432
2025-06,holdout,12,Ridge,revenue_only,8,2026-02,2.740833,1.7314408059765685
2025-06,holdout,12,Ridge,revenue_only,9,2026-03,3.781706,1.7805901291966406
2025-06,holdout,12,Ridge,revenue_only,10,2026-04,4.610166,1.835676277630232
2025-06,holdout,12,Ridge,revenue_only,11,2026-05,4.794425,1.883308847058751
2025-06,holdout,12,Ridge,revenue_only,12,2026-06,4.895221,1.9112711054956164
2025-06,holdout,12,GradientBoosting,revenue_only,1,2025-07,2.667033,2.093009291008252
2025-06,holdout,12,GradientBoosting,revenue_only,2,2025-08,2.544064,2.093009291008252
2025-06,holdout,12,GradientBoosting,revenue_only,3,2025-09,2.851779,2.097495237227446
2025-06,holdout,12,GradientBoosting,revenue_only,4,2025-10,2.853997,2.062583688196873
2025-06,holdout,12,GradientBoosting,revenue_only,5,2025-11,3.024742,2.0753875872551215
2025-06,holdout,12,GradientBoosting,revenue_only,6,2025-12,3.250133,2.073278759771628
2025-06,holdout,12,GradientBoosting,revenue_only,7,2026-01,3.533279,2.0901167096055953
2025-06,holdout,12,GradientBoosting,revenue_only,8,2026-02,2.740833,2.0683533711463213
2025-06,holdout,12,GradientBoosting,revenue_only,9,2026-03,3.781706,2.1484096851792907
2025-06,holdout,12,GradientBoosting,revenue_only,10,2026-04,4.610166,2.1484096851792907
2025-06,holdout,12,GradientBoosting,revenue_only,11,2026-05,4.794425,2.1484096851792907
2025-06,holdout,12,GradientBoosting,revenue_only,12,2026-06,4.895221,2.1484096851792907
2025-06,holdout,12,Ridge,revenue_plus_financials,1,2025-07,2.667033,1.9130431003663797
2025-06,holdout,12,Ridge,revenue_plus_financials,2,2025-08,2.544064,1.8925496804533024
2025-06,holdout,12,Ridge,revenue_plus_financials,3,2025-09,2.851779,1.8544744887507292
2025-06,holdout,12,Ridge,revenue_plus_financials,4,2025-10,2.853997,1.8115444739883535
2025-06,holdout,12,Ridge,revenue_plus_financials,5,2025-11,3.024742,1.7770339777184816
2025-06,holdout,12,Ridge,revenue_plus_financials,6,2025-12,3.250133,1.7613180971093825
2025-06,holdout,12,Ridge,revenue_plus_financials,7,2026-01,3.533279,1.7698946502157602
2025-06,holdout,12,Ridge,revenue_plus_financials,8,2026-02,2.740833,1.802593527281669
2025-06,holdout,12,Ridge,revenue_plus_financials,9,2026-03,3.781706,1.8535194924124772
2025-06,holdout,12,Ridge,revenue_plus_financials,10,2026-04,4.610166,1.9117977457870288
2025-06,holdout,12,Ridge,revenue_plus_financials,11,2026-05,4.794425,1.9636683432142654
2025-06,holdout,12,Ridge,revenue_plus_financials,12,2026-06,4.895221,1.9961767735687321
2025-06,holdout,12,GradientBoosting,revenue_plus_financials,1,2025-07,2.667033,2.0843299051910424
2025-06,holdout,12,GradientBoosting,revenue_plus_financials,2,2025-08,2.544064,2.0843299051910424
2025-06,holdout,12,GradientBoosting,revenue_plus_financials,3,2025-09,2.851779,2.0843299051910424
2025-06,holdout,12,GradientBoosting,revenue_plus_financials,4,2025-10,2.853997,2.022114579890712
2025-06,holdout,12,GradientBoosting,revenue_plus_financials,5,2025-11,3.024742,2.0414642118738153
2025-06,holdout,12,GradientBoosting,revenue_plus_financials,6,2025-12,3.250133,2.0258962748300804
2025-06,holdout,12,GradientBoosting,revenue_plus_financials,7,2026-01,3.533279,2.0302006428845285
2025-06,holdout,12,GradientBoosting,revenue_plus_financials,8,2026-02,2.740833,1.906554022103173
2025-06,holdout,12,GradientBoosting,revenue_plus_financials,9,2026-03,3.781706,2.0782782745491626
2025-06,holdout,12,GradientBoosting,revenue_plus_financials,10,2026-04,4.610166,2.0782782745491626
2025-06,holdout,12,GradientBoosting,revenue_plus_financials,11,2026-05,4.794425,2.0782782745491626
2025-06,holdout,12,GradientBoosting,revenue_plus_financials,12,2026-06,4.895221,2.0782782745491626
2025-09,holdout,12,HW_Damped_Add,revenue_only,1,2025-10,2.853997,2.6932905579464035
2025-09,holdout,12,HW_Damped_Add,revenue_only,2,2025-11,3.024742,2.7779481808064594
2025-09,holdout,12,HW_Damped_Add,revenue_only,3,2025-12,3.250133,2.731662423887269
2025-09,holdout,12,HW_Damped_Add,revenue_only,4,2026-01,3.533279,2.742663879601472
2025-09,holdout,12,HW_Damped_Add,revenue_only,5,2026-02,2.740833,2.575890810930925
2025-09,holdout,12,HW_Damped_Add,revenue_only,6,2026-03,3.781706,2.82496939698041
2025-09,holdout,12,HW_Damped_Add,revenue_only,7,2026-04,4.610166,2.827675459117021
2025-09,holdout,12,HW_Damped_Add,revenue_only,8,2026-05,4.794425,2.8079369527202935
2025-09,holdout,12,HW_Damped_Add,revenue_only,9,2026-06,4.895221,2.7506247972455053
2025-09,holdout,12,HW_Damped_Add,revenue_only,10,2026-07,5.908074,2.8518604739401625
2025-09,holdout,12,HW_Damped_Add,revenue_only,11,2026-08,5.91454,2.8628951863515715
2025-09,holdout,12,HW_Damped_Add,revenue_only,12,2026-09,6.12557,2.8447237312259563
2025-09,holdout,12,Ridge,revenue_only,1,2025-10,2.853997,2.012496758269956
2025-09,holdout,12,Ridge,revenue_only,2,2025-11,3.024742,1.960470103939668
2025-09,holdout,12,Ridge,revenue_only,3,2025-12,3.250133,1.9287516718867512
2025-09,holdout,12,Ridge,revenue_only,4,2026-01,3.533279,1.9265403078290984
2025-09,holdout,12,Ridge,revenue_only,5,2026-02,2.740833,1.9561203975982566
2025-09,holdout,12,Ridge,revenue_only,6,2026-03,3.781706,2.012575215927609
2025-09,holdout,12,Ridge,revenue_only,7,2026-04,4.610166,2.0841707617159275
2025-09,holdout,12,Ridge,revenue_only,8,2026-05,4.794425,2.154109825309727
2025-09,holdout,12,Ridge,revenue_only,9,2026-06,4.895221,2.2045062129735444
2025-09,holdout,12,Ridge,revenue_only,10,2026-07,5.908074,2.2221282460567413
2025-09,holdout,12,Ridge,revenue_only,11,2026-08,5.91454,2.203490665681142
2025-09,holdout,12,Ridge,revenue_only,12,2026-09,6.12557,2.1563251771445366
2025-09,holdout,12,GradientBoosting,revenue_only,1,2025-10,2.853997,2.3313228442432745
2025-09,holdout,12,GradientBoosting,revenue_only,2,2025-11,3.024742,2.3373807899959576
2025-09,holdout,12,GradientBoosting,revenue_only,3,2025-12,3.250133,2.152374891150942
2025-09,holdout,12,GradientBoosting,revenue_only,4,2026-01,3.533279,2.1306638320770714
2025-09,holdout,12,GradientBoosting,revenue_only,5,2026-02,2.740833,2.0634174211891074
2025-09,holdout,12,GradientBoosting,revenue_only,6,2026-03,3.781706,2.253857448095695
2025-09,holdout,12,GradientBoosting,revenue_only,7,2026-04,4.610166,2.279951453522507
2025-09,holdout,12,GradientBoosting,revenue_only,8,2026-05,4.794425,2.3082619855061677
2025-09,holdout,12,GradientBoosting,revenue_only,9,2026-06,4.895221,2.3594255334495235
2025-09,holdout,12,GradientBoosting,revenue_only,10,2026-07,5.908074,2.5622283274090347
2025-09,holdout,12,GradientBoosting,revenue_only,11,2026-08,5.91454,2.5622283274090347
2025-09,holdout,12,GradientBoosting,revenue_only,12,2026-09,6.12557,2.6336167311990506
2025-09,holdout,12,Ridge,revenue_plus_financials,1,2025-10,2.853997,2.129178346715368
2025-09,holdout,12,Ridge,revenue_plus_financials,2,2025-11,3.024742,2.07947773831916
2025-09,holdout,12,Ridge,revenue_plus_financials,3,2025-12,3.250133,2.0497595112268585
2025-09,holdout,12,Ridge,revenue_plus_financials,4,2026-01,3.533279,2.049440148213802
2025-09,holdout,12,Ridge,revenue_plus_financials,5,2026-02,2.740833,2.080997900290455
2025-09,holdout,12,Ridge,revenue_plus_financials,6,2026-03,3.781706,2.139617515920222
2025-09,holdout,12,Ridge,revenue_plus_financials,7,2026-04,4.610166,2.2135957878021038
2025-09,holdout,12,Ridge,revenue_plus_financials,8,2026-05,4.794425,2.286150939333301
2025-09,holdout,12,Ridge,revenue_plus_financials,9,2026-06,4.895221,2.3394032081768166
2025-09,holdout,12,Ridge,revenue_plus_financials,10,2026-07,5.908074,2.3600519733228813
2025-09,holdout,12,Ridge,revenue_plus_financials,11,2026-08,5.91454,2.3444122408597687
2025-09,holdout,12,Ridge,revenue_plus_financials,12,2026-09,6.12557,2.299949462116455
2025-09,holdout,12,GradientBoosting,revenue_plus_financials,1,2025-10,2.853997,2.325194801008246
2025-09,holdout,12,GradientBoosting,revenue_plus_financials,2,2025-11,3.024742,2.3359235874569837
2025-09,holdout,12,GradientBoosting,revenue_plus_financials,3,2025-12,3.250133,2.175889217575911
2025-09,holdout,12,GradientBoosting,revenue_plus_financials,4,2026-01,3.533279,2.1752254468570986
2025-09,holdout,12,GradientBoosting,revenue_plus_financials,5,2026-02,2.740833,2.0937057243274513
2025-09,holdout,12,GradientBoosting,revenue_plus_financials,6,2026-03,3.781706,2.3457338607706775
2025-09,holdout,12,GradientBoosting,revenue_plus_financials,7,2026-04,4.610166,2.3812203272966777
2025-09,holdout,12,GradientBoosting,revenue_plus_financials,8,2026-05,4.794425,2.4015703465986693
2025-09,holdout,12,GradientBoosting,revenue_plus_financials,9,2026-06,4.895221,2.4559491306102137
2025-09,holdout,12,GradientBoosting,revenue_plus_financials,10,2026-07,5.908074,2.646723041875945
2025-09,holdout,12,GradientBoosting,revenue_plus_financials,11,2026-08,5.91454,2.646723041875945
2025-09,holdout,12,GradientBoosting,revenue_plus_financials,12,2026-09,6.12557,2.6805124503367113
