origin,stage,horizon_months,model,features,lead_month,target_month,actual_bn_twd,predicted_bn_twd
2020-12,validation,1,HW_Damped_Add,revenue_only,1,2021-01,1.54903,1.4400720705554075
2020-12,validation,1,Ridge,revenue_only,1,2021-01,1.54903,1.4202076544717612
2020-12,validation,1,GradientBoosting,revenue_only,1,2021-01,1.54903,1.3871713885482173
2020-12,validation,1,Ridge,quarterly_expanded,1,2021-01,1.54903,1.37898299998413
2020-12,validation,1,GradientBoosting,quarterly_expanded,1,2021-01,1.54903,1.4246459170092445
2020-12,validation,1,Ridge,peer_fx,1,2021-01,1.54903,1.413349541271648
2020-12,validation,1,GradientBoosting,peer_fx,1,2021-01,1.54903,1.4251258916913758
2020-12,validation,1,Ridge,all,1,2021-01,1.54903,1.406943856149674
2020-12,validation,1,GradientBoosting,all,1,2021-01,1.54903,1.5019658270955951
2021-03,validation,1,HW_Damped_Add,revenue_only,1,2021-04,1.770181,1.7350910247211755
2021-03,validation,1,Ridge,revenue_only,1,2021-04,1.770181,1.5920986599217506
2021-03,validation,1,GradientBoosting,revenue_only,1,2021-04,1.770181,1.5908050907849978
2021-03,validation,1,Ridge,quarterly_expanded,1,2021-04,1.770181,1.652360294962671
2021-03,validation,1,GradientBoosting,quarterly_expanded,1,2021-04,1.770181,1.6248480571280863
2021-03,validation,1,Ridge,peer_fx,1,2021-04,1.770181,1.5580784880436902
2021-03,validation,1,GradientBoosting,peer_fx,1,2021-04,1.770181,1.600159765234864
2021-03,validation,1,Ridge,all,1,2021-04,1.770181,1.6501537701297615
2021-03,validation,1,GradientBoosting,all,1,2021-04,1.770181,1.597284652601498
2021-06,validation,1,HW_Damped_Add,revenue_only,1,2021-07,1.928594,1.9518561862862307
2021-06,validation,1,Ridge,revenue_only,1,2021-07,1.928594,1.7236187635785092
2021-06,validation,1,GradientBoosting,revenue_only,1,2021-07,1.928594,1.7474021151607508
2021-06,validation,1,Ridge,quarterly_expanded,1,2021-07,1.928594,1.9291663269652075
2021-06,validation,1,GradientBoosting,quarterly_expanded,1,2021-07,1.928594,1.797600949829904
2021-06,validation,1,Ridge,peer_fx,1,2021-07,1.928594,1.8225509837251996
2021-06,validation,1,GradientBoosting,peer_fx,1,2021-07,1.928594,1.7662372794514851
2021-06,validation,1,Ridge,all,1,2021-07,1.928594,1.917421280114874
2021-06,validation,1,GradientBoosting,all,1,2021-07,1.928594,1.7503521511237368
2021-09,validation,1,HW_Damped_Add,revenue_only,1,2021-10,1.704222,1.7575420252154017
2021-09,validation,1,Ridge,revenue_only,1,2021-10,1.704222,1.7454575830029222
2021-09,validation,1,GradientBoosting,revenue_only,1,2021-10,1.704222,1.6878946286956815
2021-09,validation,1,Ridge,quarterly_expanded,1,2021-10,1.704222,1.7761389401411527
2021-09,validation,1,GradientBoosting,quarterly_expanded,1,2021-10,1.704222,1.6388442231377274
2021-09,validation,1,Ridge,peer_fx,1,2021-10,1.704222,1.7393343871103804
2021-09,validation,1,GradientBoosting,peer_fx,1,2021-10,1.704222,1.6711283583436471
2021-09,validation,1,Ridge,all,1,2021-10,1.704222,1.742824942630248
2021-09,validation,1,GradientBoosting,all,1,2021-10,1.704222,1.6348404454767829
2021-12,validation,1,HW_Damped_Add,revenue_only,1,2022-01,1.822394,1.8642351009225544
2021-12,validation,1,Ridge,revenue_only,1,2022-01,1.822394,1.7637366128332197
2021-12,validation,1,GradientBoosting,revenue_only,1,2022-01,1.822394,1.808080292397088
2021-12,validation,1,Ridge,quarterly_expanded,1,2022-01,1.822394,1.7401843953181944
2021-12,validation,1,GradientBoosting,quarterly_expanded,1,2022-01,1.822394,1.7961465491886757
2021-12,validation,1,Ridge,peer_fx,1,2022-01,1.822394,1.7936174435445538
2021-12,validation,1,GradientBoosting,peer_fx,1,2022-01,1.822394,1.7158372479741275
2021-12,validation,1,Ridge,all,1,2022-01,1.822394,1.7560695756283964
2021-12,validation,1,GradientBoosting,all,1,2022-01,1.822394,1.734483676452239
2022-03,validation,1,HW_Damped_Add,revenue_only,1,2022-04,1.641441,1.7466667994707794
2022-03,validation,1,Ridge,revenue_only,1,2022-04,1.641441,1.7301341696967238
2022-03,validation,1,GradientBoosting,revenue_only,1,2022-04,1.641441,1.6039418706497948
2022-03,validation,1,Ridge,quarterly_expanded,1,2022-04,1.641441,1.8004829057142806
2022-03,validation,1,GradientBoosting,quarterly_expanded,1,2022-04,1.641441,1.6157818007019988
2022-03,validation,1,Ridge,peer_fx,1,2022-04,1.641441,1.667147943698831
2022-03,validation,1,GradientBoosting,peer_fx,1,2022-04,1.641441,1.646354603587453
2022-03,validation,1,Ridge,all,1,2022-04,1.641441,1.7361372293506452
2022-03,validation,1,GradientBoosting,all,1,2022-04,1.641441,1.6587485074007389
2022-06,validation,1,HW_Damped_Add,revenue_only,1,2022-07,1.541013,1.5700620820478357
2022-06,validation,1,Ridge,revenue_only,1,2022-07,1.541013,1.5607787806054878
2022-06,validation,1,GradientBoosting,revenue_only,1,2022-07,1.541013,1.498943191623395
2022-06,validation,1,Ridge,quarterly_expanded,1,2022-07,1.541013,1.5992190689691448
2022-06,validation,1,GradientBoosting,quarterly_expanded,1,2022-07,1.541013,1.5767285550386338
2022-06,validation,1,Ridge,peer_fx,1,2022-07,1.541013,1.5175248014794134
2022-06,validation,1,GradientBoosting,peer_fx,1,2022-07,1.541013,1.3682100853923207
2022-06,validation,1,Ridge,all,1,2022-07,1.541013,1.5598558114020102
2022-06,validation,1,GradientBoosting,all,1,2022-07,1.541013,1.4869959470510177
2022-09,validation,1,HW_Damped_Add,revenue_only,1,2022-10,1.327315,1.4467161555803474
2022-09,validation,1,Ridge,revenue_only,1,2022-10,1.327315,1.5018745205088075
2022-09,validation,1,GradientBoosting,revenue_only,1,2022-10,1.327315,1.462429300414806
2022-09,validation,1,Ridge,quarterly_expanded,1,2022-10,1.327315,1.5934319753603998
2022-09,validation,1,GradientBoosting,quarterly_expanded,1,2022-10,1.327315,1.4763523399169838
2022-09,validation,1,Ridge,peer_fx,1,2022-10,1.327315,1.4279157985599085
2022-09,validation,1,GradientBoosting,peer_fx,1,2022-10,1.327315,1.4183544479367791
2022-09,validation,1,Ridge,all,1,2022-10,1.327315,1.5081602439472297
2022-09,validation,1,GradientBoosting,all,1,2022-10,1.327315,1.4364131775674238
2022-12,validation,1,HW_Damped_Add,revenue_only,1,2023-01,1.083168,1.3839648940016898
2022-12,validation,1,Ridge,revenue_only,1,2023-01,1.083168,1.4288329852402843
2022-12,validation,1,GradientBoosting,revenue_only,1,2023-01,1.083168,1.4343758738337478
2022-12,validation,1,Ridge,quarterly_expanded,1,2023-01,1.083168,1.440049999690712
2022-12,validation,1,GradientBoosting,quarterly_expanded,1,2023-01,1.083168,1.3975863719443098
2022-12,validation,1,Ridge,peer_fx,1,2023-01,1.083168,1.368606120984173
2022-12,validation,1,GradientBoosting,peer_fx,1,2023-01,1.083168,1.419335630929327
2022-12,validation,1,Ridge,all,1,2023-01,1.083168,1.446620777799159
2022-12,validation,1,GradientBoosting,all,1,2023-01,1.083168,1.4004396477071923
2023-03,validation,1,HW_Damped_Add,revenue_only,1,2023-04,1.202371,1.3438539884910126
2023-03,validation,1,Ridge,revenue_only,1,2023-04,1.202371,1.3908951311718851
2023-03,validation,1,GradientBoosting,revenue_only,1,2023-04,1.202371,1.318430870523044
2023-03,validation,1,Ridge,quarterly_expanded,1,2023-04,1.202371,1.3807499409467343
2023-03,validation,1,GradientBoosting,quarterly_expanded,1,2023-04,1.202371,1.3185537391803412
2023-03,validation,1,Ridge,peer_fx,1,2023-04,1.202371,1.3180770812756393
2023-03,validation,1,GradientBoosting,peer_fx,1,2023-04,1.202371,1.3984419498027878
2023-03,validation,1,Ridge,all,1,2023-04,1.202371,1.3826738801469949
2023-03,validation,1,GradientBoosting,all,1,2023-04,1.202371,1.346407567858961
2023-06,validation,1,HW_Damped_Add,revenue_only,1,2023-07,1.296055,1.2913899799712307
2023-06,validation,1,Ridge,revenue_only,1,2023-07,1.296055,1.311529417134253
2023-06,validation,1,GradientBoosting,revenue_only,1,2023-07,1.296055,1.26825118376117
2023-06,validation,1,Ridge,quarterly_expanded,1,2023-07,1.296055,1.284388260788829
2023-06,validation,1,GradientBoosting,quarterly_expanded,1,2023-07,1.296055,1.287121789809486
2023-06,validation,1,Ridge,peer_fx,1,2023-07,1.296055,1.2821848823313038
2023-06,validation,1,GradientBoosting,peer_fx,1,2023-07,1.296055,1.307160771256336
2023-06,validation,1,Ridge,all,1,2023-07,1.296055,1.2961828041575374
2023-06,validation,1,GradientBoosting,all,1,2023-07,1.296055,1.304244243185246
2023-09,validation,1,HW_Damped_Add,revenue_only,1,2023-10,1.40599,1.4017915144104132
2023-09,validation,1,Ridge,revenue_only,1,2023-10,1.40599,1.439250442209411
2023-09,validation,1,GradientBoosting,revenue_only,1,2023-10,1.40599,1.4191677147439523
2023-09,validation,1,Ridge,quarterly_expanded,1,2023-10,1.40599,1.4854226949973115
2023-09,validation,1,GradientBoosting,quarterly_expanded,1,2023-10,1.40599,1.449164380588191
2023-09,validation,1,Ridge,peer_fx,1,2023-10,1.40599,1.39382781316184
2023-09,validation,1,GradientBoosting,peer_fx,1,2023-10,1.40599,1.496642573772698
2023-09,validation,1,Ridge,all,1,2023-10,1.40599,1.3893177366571108
2023-09,validation,1,GradientBoosting,all,1,2023-10,1.40599,1.4734729195351988
2023-12,holdout,1,HW_Damped_Add,revenue_only,1,2024-01,1.496705,1.468555533267855
2023-12,holdout,1,Ridge,revenue_only,1,2024-01,1.496705,1.489313547708086
2023-12,holdout,1,GradientBoosting,revenue_only,1,2024-01,1.496705,1.482293981505998
2023-12,holdout,1,Ridge,quarterly_expanded,1,2024-01,1.496705,1.500849216530829
2023-12,holdout,1,GradientBoosting,quarterly_expanded,1,2024-01,1.496705,1.4938005780411776
2023-12,holdout,1,Ridge,peer_fx,1,2024-01,1.496705,1.435555394270332
2023-12,holdout,1,GradientBoosting,peer_fx,1,2024-01,1.496705,1.2733637112404412
2023-12,holdout,1,Ridge,all,1,2024-01,1.496705,1.4281208199850086
2023-12,holdout,1,GradientBoosting,all,1,2024-01,1.496705,1.2842562095481214
2024-03,holdout,1,HW_Damped_Add,revenue_only,1,2024-04,1.822102,1.6688502918210713
2024-03,holdout,1,Ridge,revenue_only,1,2024-04,1.822102,1.6428444105803306
2024-03,holdout,1,GradientBoosting,revenue_only,1,2024-04,1.822102,1.6639453159928677
2024-03,holdout,1,Ridge,quarterly_expanded,1,2024-04,1.822102,1.593695524017236
2024-03,holdout,1,GradientBoosting,quarterly_expanded,1,2024-04,1.822102,1.66682076517878
2024-03,holdout,1,Ridge,peer_fx,1,2024-04,1.822102,1.5082553051497471
2024-03,holdout,1,GradientBoosting,peer_fx,1,2024-04,1.822102,1.578306157771766
2024-03,holdout,1,Ridge,all,1,2024-04,1.822102,1.471525551930435
2024-03,holdout,1,GradientBoosting,all,1,2024-04,1.822102,1.5932879411719985
2024-06,holdout,1,HW_Damped_Add,revenue_only,1,2024-07,2.140634,1.998607337763816
2024-06,holdout,1,Ridge,revenue_only,1,2024-07,2.140634,1.9414407519922363
2024-06,holdout,1,GradientBoosting,revenue_only,1,2024-07,2.140634,1.872713115467276
2024-06,holdout,1,Ridge,quarterly_expanded,1,2024-07,2.140634,1.7787237917108556
2024-06,holdout,1,GradientBoosting,quarterly_expanded,1,2024-07,2.140634,1.8754002159465304
2024-06,holdout,1,Ridge,peer_fx,1,2024-07,2.140634,1.847031248988191
2024-06,holdout,1,GradientBoosting,peer_fx,1,2024-07,2.140634,1.8949681984646745
2024-06,holdout,1,Ridge,all,1,2024-07,2.140634,1.7484213607260364
2024-06,holdout,1,GradientBoosting,all,1,2024-07,2.140634,1.882240410224044
2024-09,holdout,1,HW_Damped_Add,revenue_only,1,2024-10,2.030244,2.2081590469793637
2024-09,holdout,1,Ridge,revenue_only,1,2024-10,2.030244,2.057840836525228
2024-09,holdout,1,GradientBoosting,revenue_only,1,2024-10,2.030244,1.9977995978834675
2024-09,holdout,1,Ridge,quarterly_expanded,1,2024-10,2.030244,2.0257525895752977
2024-09,holdout,1,GradientBoosting,quarterly_expanded,1,2024-10,2.030244,1.9964383230273155
2024-09,holdout,1,Ridge,peer_fx,1,2024-10,2.030244,1.9773014468683716
2024-09,holdout,1,GradientBoosting,peer_fx,1,2024-10,2.030244,1.7581274220628855
2024-09,holdout,1,Ridge,all,1,2024-10,2.030244,2.010750899773512
2024-09,holdout,1,GradientBoosting,all,1,2024-10,2.030244,1.7362476749328983
2024-12,holdout,1,HW_Damped_Add,revenue_only,1,2025-01,2.021128,2.0326079066904774
2024-12,holdout,1,Ridge,revenue_only,1,2025-01,2.021128,2.002871046502278
2024-12,holdout,1,GradientBoosting,revenue_only,1,2025-01,2.021128,2.0831025475165528
2024-12,holdout,1,Ridge,quarterly_expanded,1,2025-01,2.021128,1.9131347088189616
2024-12,holdout,1,GradientBoosting,quarterly_expanded,1,2025-01,2.021128,2.0717872671916946
2024-12,holdout,1,Ridge,peer_fx,1,2025-01,2.021128,2.003056110880237
2024-12,holdout,1,GradientBoosting,peer_fx,1,2025-01,2.021128,2.140364132975907
2024-12,holdout,1,Ridge,all,1,2025-01,2.021128,1.9468497629439596
2024-12,holdout,1,GradientBoosting,all,1,2025-01,2.021128,2.087781649329502
2025-03,holdout,1,HW_Damped_Add,revenue_only,1,2025-04,2.328755,2.223983817876588
2025-03,holdout,1,Ridge,revenue_only,1,2025-04,2.328755,2.1109130243816905
2025-03,holdout,1,GradientBoosting,revenue_only,1,2025-04,2.328755,2.0888462428211465
2025-03,holdout,1,Ridge,quarterly_expanded,1,2025-04,2.328755,2.089322317176708
2025-03,holdout,1,GradientBoosting,quarterly_expanded,1,2025-04,2.328755,2.067624395698503
2025-03,holdout,1,Ridge,peer_fx,1,2025-04,2.328755,2.275237535986831
2025-03,holdout,1,GradientBoosting,peer_fx,1,2025-04,2.328755,2.068967264415081
2025-03,holdout,1,Ridge,all,1,2025-04,2.328755,2.221120043200822
2025-03,holdout,1,GradientBoosting,all,1,2025-04,2.328755,2.0621595297588318
2025-06,holdout,1,HW_Damped_Add,revenue_only,1,2025-07,2.667033,2.367490544807818
2025-06,holdout,1,Ridge,revenue_only,1,2025-07,2.667033,2.2114141030691785
2025-06,holdout,1,GradientBoosting,revenue_only,1,2025-07,2.667033,2.176457780342198
2025-06,holdout,1,Ridge,quarterly_expanded,1,2025-07,2.667033,2.201367476496353
2025-06,holdout,1,GradientBoosting,quarterly_expanded,1,2025-07,2.667033,2.156368840906395
2025-06,holdout,1,Ridge,peer_fx,1,2025-07,2.667033,2.2796932842435784
2025-06,holdout,1,GradientBoosting,peer_fx,1,2025-07,2.667033,2.175526063095853
2025-06,holdout,1,Ridge,all,1,2025-07,2.667033,2.2350906166410867
2025-06,holdout,1,GradientBoosting,all,1,2025-07,2.667033,2.163186108009308
2025-09,holdout,1,HW_Damped_Add,revenue_only,1,2025-10,2.853997,2.6932905579464035
2025-09,holdout,1,Ridge,revenue_only,1,2025-10,2.853997,2.484093940416169
2025-09,holdout,1,GradientBoosting,revenue_only,1,2025-10,2.853997,2.478120108548758
2025-09,holdout,1,Ridge,quarterly_expanded,1,2025-10,2.853997,2.4961207158247625
2025-09,holdout,1,GradientBoosting,quarterly_expanded,1,2025-10,2.853997,2.437719236843076
2025-09,holdout,1,Ridge,peer_fx,1,2025-10,2.853997,2.6496321762461057
2025-09,holdout,1,GradientBoosting,peer_fx,1,2025-10,2.853997,2.2779716988895355
2025-09,holdout,1,Ridge,all,1,2025-10,2.853997,2.6642711612002152
2025-09,holdout,1,GradientBoosting,all,1,2025-10,2.853997,2.274936418433855
2025-12,holdout,1,HW_Damped_Add,revenue_only,1,2026-01,3.533279,3.265135970585192
2025-12,holdout,1,Ridge,revenue_only,1,2026-01,3.533279,3.0155702087740464
2025-12,holdout,1,GradientBoosting,revenue_only,1,2026-01,3.533279,2.968975701396822
2025-12,holdout,1,Ridge,quarterly_expanded,1,2026-01,3.533279,3.1326693215092334
2025-12,holdout,1,GradientBoosting,quarterly_expanded,1,2026-01,3.533279,2.9719893655778598
2025-12,holdout,1,Ridge,peer_fx,1,2026-01,3.533279,2.969701754447447
2025-12,holdout,1,GradientBoosting,peer_fx,1,2026-01,3.533279,2.8408160798909066
2025-12,holdout,1,Ridge,all,1,2026-01,3.533279,3.097514368059612
2025-12,holdout,1,GradientBoosting,all,1,2026-01,3.533279,2.760164215803468
2026-03,holdout,1,HW_Damped_Add,revenue_only,1,2026-04,4.610166,3.673578751043968
2026-03,holdout,1,Ridge,revenue_only,1,2026-04,4.610166,3.5716095076454355
2026-03,holdout,1,GradientBoosting,revenue_only,1,2026-04,4.610166,3.0785794859474813
2026-03,holdout,1,Ridge,quarterly_expanded,1,2026-04,4.610166,3.908028319469399
2026-03,holdout,1,GradientBoosting,quarterly_expanded,1,2026-04,4.610166,2.859241989282511
2026-03,holdout,1,Ridge,peer_fx,1,2026-04,4.610166,3.5935841108629485
2026-03,holdout,1,GradientBoosting,peer_fx,1,2026-04,4.610166,3.01328205228604
2026-03,holdout,1,Ridge,all,1,2026-04,4.610166,3.9221388733578553
2026-03,holdout,1,GradientBoosting,all,1,2026-04,4.610166,2.8319581365377817
2026-06,holdout,1,HW_Damped_Add,revenue_only,1,2026-07,5.908074,5.210796145061546
2026-06,holdout,1,Ridge,revenue_only,1,2026-07,5.908074,4.960737759358075
2026-06,holdout,1,GradientBoosting,revenue_only,1,2026-07,5.908074,4.57675875824263
2026-06,holdout,1,Ridge,quarterly_expanded,1,2026-07,5.908074,5.203927802598527
2026-06,holdout,1,GradientBoosting,quarterly_expanded,1,2026-07,5.908074,4.562704907008977
2026-06,holdout,1,Ridge,peer_fx,1,2026-07,5.908074,4.7116964363715255
2026-06,holdout,1,GradientBoosting,peer_fx,1,2026-07,5.908074,4.464073536510438
2026-06,holdout,1,Ridge,all,1,2026-07,5.908074,5.034660701426712
2026-06,holdout,1,GradientBoosting,all,1,2026-07,5.908074,4.492530241299376
2020-12,validation,3,HW_Damped_Add,revenue_only,1,2021-01,1.54903,1.4400720705554075
2020-12,validation,3,HW_Damped_Add,revenue_only,2,2021-02,1.415693,1.2390320796877534
2020-12,validation,3,HW_Damped_Add,revenue_only,3,2021-03,1.728671,1.4954228184519451
2020-12,validation,3,Ridge,revenue_only,1,2021-01,1.54903,1.426203676271425
2020-12,validation,3,Ridge,revenue_only,2,2021-02,1.415693,1.466830070045203
2020-12,validation,3,Ridge,revenue_only,3,2021-03,1.728671,1.508565552533088
2020-12,validation,3,GradientBoosting,revenue_only,1,2021-01,1.54903,1.4057991705801869
2020-12,validation,3,GradientBoosting,revenue_only,2,2021-02,1.415693,1.256188976160448
2020-12,validation,3,GradientBoosting,revenue_only,3,2021-03,1.728671,1.4501609319777318
2020-12,validation,3,Ridge,quarterly_expanded,1,2021-01,1.54903,1.4069341158873752
2020-12,validation,3,Ridge,quarterly_expanded,2,2021-02,1.415693,1.438166498239966
2020-12,validation,3,Ridge,quarterly_expanded,3,2021-03,1.728671,1.478773990634713
2020-12,validation,3,GradientBoosting,quarterly_expanded,1,2021-01,1.54903,1.4221863108386967
2020-12,validation,3,GradientBoosting,quarterly_expanded,2,2021-02,1.415693,1.2948203635255084
2020-12,validation,3,GradientBoosting,quarterly_expanded,3,2021-03,1.728671,1.514562029231861
2020-12,validation,3,Ridge,peer_fx,1,2021-01,1.54903,1.4658112919715645
2020-12,validation,3,Ridge,peer_fx,2,2021-02,1.415693,1.5007439206247524
2020-12,validation,3,Ridge,peer_fx,3,2021-03,1.728671,1.5366682946293222
2020-12,validation,3,GradientBoosting,peer_fx,1,2021-01,1.54903,1.4384097009372478
2020-12,validation,3,GradientBoosting,peer_fx,2,2021-02,1.415693,1.340401290644634
2020-12,validation,3,GradientBoosting,peer_fx,3,2021-03,1.728671,1.5305436250836666
2020-12,validation,3,Ridge,all,1,2021-01,1.54903,1.450681208475986
2020-12,validation,3,Ridge,all,2,2021-02,1.415693,1.478316238207708
2020-12,validation,3,Ridge,all,3,2021-03,1.728671,1.5134979867777787
2020-12,validation,3,GradientBoosting,all,1,2021-01,1.54903,1.4824286105429536
2020-12,validation,3,GradientBoosting,all,2,2021-02,1.415693,1.344621865845732
2020-12,validation,3,GradientBoosting,all,3,2021-03,1.728671,1.590596388680451
2021-03,validation,3,HW_Damped_Add,revenue_only,1,2021-04,1.770181,1.7350910247211755
2021-03,validation,3,HW_Damped_Add,revenue_only,2,2021-05,1.8031,1.6996148227074392
2021-03,validation,3,HW_Damped_Add,revenue_only,3,2021-06,1.869965,1.611479493268658
2021-03,validation,3,Ridge,revenue_only,1,2021-04,1.770181,1.6122497347532625
2021-03,validation,3,Ridge,revenue_only,2,2021-05,1.8031,1.6292264363769464
2021-03,validation,3,Ridge,revenue_only,3,2021-06,1.869965,1.624561246972444
2021-03,validation,3,GradientBoosting,revenue_only,1,2021-04,1.770181,1.715744483788755
2021-03,validation,3,GradientBoosting,revenue_only,2,2021-05,1.8031,1.715744483788755
2021-03,validation,3,GradientBoosting,revenue_only,3,2021-06,1.869965,1.624484219325669
2021-03,validation,3,Ridge,quarterly_expanded,1,2021-04,1.770181,1.6996633682138114
2021-03,validation,3,Ridge,quarterly_expanded,2,2021-05,1.8031,1.7334553849104852
2021-03,validation,3,Ridge,quarterly_expanded,3,2021-06,1.869965,1.7451269882737694
2021-03,validation,3,GradientBoosting,quarterly_expanded,1,2021-04,1.770181,1.6472464833455136
2021-03,validation,3,GradientBoosting,quarterly_expanded,2,2021-05,1.8031,1.636474410441063
2021-03,validation,3,GradientBoosting,quarterly_expanded,3,2021-06,1.869965,1.5664114775034772
2021-03,validation,3,Ridge,peer_fx,1,2021-04,1.770181,1.6103298734583165
2021-03,validation,3,Ridge,peer_fx,2,2021-05,1.8031,1.6326263949761797
2021-03,validation,3,Ridge,peer_fx,3,2021-06,1.869965,1.6356817527599776
2021-03,validation,3,GradientBoosting,peer_fx,1,2021-04,1.770181,1.683383645935108
2021-03,validation,3,GradientBoosting,peer_fx,2,2021-05,1.8031,1.683383645935108
2021-03,validation,3,GradientBoosting,peer_fx,3,2021-06,1.869965,1.6242785660568326
2021-03,validation,3,Ridge,all,1,2021-04,1.770181,1.6812831337769478
2021-03,validation,3,Ridge,all,2,2021-05,1.8031,1.7136120818337472
2021-03,validation,3,Ridge,all,3,2021-06,1.869965,1.7278062390340276
2021-03,validation,3,GradientBoosting,all,1,2021-04,1.770181,1.6573299023373398
2021-03,validation,3,GradientBoosting,all,2,2021-05,1.8031,1.651618493259451
2021-03,validation,3,GradientBoosting,all,3,2021-06,1.869965,1.592991821328546
2021-06,validation,3,HW_Damped_Add,revenue_only,1,2021-07,1.928594,1.9518561862862307
2021-06,validation,3,HW_Damped_Add,revenue_only,2,2021-08,1.945708,1.976356679774448
2021-06,validation,3,HW_Damped_Add,revenue_only,3,2021-09,1.795957,1.9103607813367849
2021-06,validation,3,Ridge,revenue_only,1,2021-07,1.928594,1.725314599290454
2021-06,validation,3,Ridge,revenue_only,2,2021-08,1.945708,1.6842753676794684
2021-06,validation,3,Ridge,revenue_only,3,2021-09,1.795957,1.6453072581406538
2021-06,validation,3,GradientBoosting,revenue_only,1,2021-07,1.928594,1.7068971485378115
2021-06,validation,3,GradientBoosting,revenue_only,2,2021-08,1.945708,1.6752882234263076
2021-06,validation,3,GradientBoosting,revenue_only,3,2021-09,1.795957,1.5902330075049482
2021-06,validation,3,Ridge,quarterly_expanded,1,2021-07,1.928594,1.9664335898588157
2021-06,validation,3,Ridge,quarterly_expanded,2,2021-08,1.945708,1.935754521594969
2021-06,validation,3,Ridge,quarterly_expanded,3,2021-09,1.795957,1.896823129896548
2021-06,validation,3,GradientBoosting,quarterly_expanded,1,2021-07,1.928594,1.7364528924068732
2021-06,validation,3,GradientBoosting,quarterly_expanded,2,2021-08,1.945708,1.7167974813374756
2021-06,validation,3,GradientBoosting,quarterly_expanded,3,2021-09,1.795957,1.6560255607431555
2021-06,validation,3,Ridge,peer_fx,1,2021-07,1.928594,1.847968040902648
2021-06,validation,3,Ridge,peer_fx,2,2021-08,1.945708,1.8159083864063088
2021-06,validation,3,Ridge,peer_fx,3,2021-09,1.795957,1.7828653341376002
2021-06,validation,3,GradientBoosting,peer_fx,1,2021-07,1.928594,1.777928560534612
2021-06,validation,3,GradientBoosting,peer_fx,2,2021-08,1.945708,1.7710926988821634
2021-06,validation,3,GradientBoosting,peer_fx,3,2021-09,1.795957,1.6541543487973909
2021-06,validation,3,Ridge,all,1,2021-07,1.928594,1.9157562208579584
2021-06,validation,3,Ridge,all,2,2021-08,1.945708,1.8929837188191687
2021-06,validation,3,Ridge,all,3,2021-09,1.795957,1.861967446866822
2021-06,validation,3,GradientBoosting,all,1,2021-07,1.928594,1.7443511471997726
2021-06,validation,3,GradientBoosting,all,2,2021-08,1.945708,1.7465853632217871
2021-06,validation,3,GradientBoosting,all,3,2021-09,1.795957,1.673330337712696
2021-09,validation,3,HW_Damped_Add,revenue_only,1,2021-10,1.704222,1.7575420252154017
2021-09,validation,3,HW_Damped_Add,revenue_only,2,2021-11,1.801408,1.8100692900094244
2021-09,validation,3,HW_Damped_Add,revenue_only,3,2021-12,1.81951,1.8082480808299657
2021-09,validation,3,Ridge,revenue_only,1,2021-10,1.704222,1.6812891724094323
2021-09,validation,3,Ridge,revenue_only,2,2021-11,1.801408,1.6778120842223698
2021-09,validation,3,Ridge,revenue_only,3,2021-12,1.81951,1.7004724237150104
2021-09,validation,3,GradientBoosting,revenue_only,1,2021-10,1.704222,1.509776275189687
2021-09,validation,3,GradientBoosting,revenue_only,2,2021-11,1.801408,1.537601495943318
2021-09,validation,3,GradientBoosting,revenue_only,3,2021-12,1.81951,1.5362516290213577
2021-09,validation,3,Ridge,quarterly_expanded,1,2021-10,1.704222,1.7545463219724575
2021-09,validation,3,Ridge,quarterly_expanded,2,2021-11,1.801408,1.7399669388634973
2021-09,validation,3,Ridge,quarterly_expanded,3,2021-12,1.81951,1.7491545950579592
2021-09,validation,3,GradientBoosting,quarterly_expanded,1,2021-10,1.704222,1.4990048956635127
2021-09,validation,3,GradientBoosting,quarterly_expanded,2,2021-11,1.801408,1.5215190509360068
2021-09,validation,3,GradientBoosting,quarterly_expanded,3,2021-12,1.81951,1.5406012522679975
2021-09,validation,3,Ridge,peer_fx,1,2021-10,1.704222,1.7111677765517987
2021-09,validation,3,Ridge,peer_fx,2,2021-11,1.801408,1.7082792421545618
2021-09,validation,3,Ridge,peer_fx,3,2021-12,1.81951,1.7278303036988636
2021-09,validation,3,GradientBoosting,peer_fx,1,2021-10,1.704222,1.4892981136151136
2021-09,validation,3,GradientBoosting,peer_fx,2,2021-11,1.801408,1.5306036504465264
2021-09,validation,3,GradientBoosting,peer_fx,3,2021-12,1.81951,1.5306036504465264
2021-09,validation,3,Ridge,all,1,2021-10,1.704222,1.7291726855443217
2021-09,validation,3,Ridge,all,2,2021-11,1.801408,1.7157585269566975
2021-09,validation,3,Ridge,all,3,2021-12,1.81951,1.7225883137711042
2021-09,validation,3,GradientBoosting,all,1,2021-10,1.704222,1.4669469476367023
2021-09,validation,3,GradientBoosting,all,2,2021-11,1.801408,1.5050374178598345
2021-09,validation,3,GradientBoosting,all,3,2021-12,1.81951,1.5217204040281307
2021-12,validation,3,HW_Damped_Add,revenue_only,1,2022-01,1.822394,1.8642351009225544
2021-12,validation,3,HW_Damped_Add,revenue_only,2,2022-02,1.464984,1.6691908860567817
2021-12,validation,3,HW_Damped_Add,revenue_only,3,2022-03,1.736445,1.9303459526176845
2021-12,validation,3,Ridge,revenue_only,1,2022-01,1.822394,1.6795636708660044
2021-12,validation,3,Ridge,revenue_only,2,2022-02,1.464984,1.7361987367062766
2021-12,validation,3,Ridge,revenue_only,3,2022-03,1.736445,1.7950889950285116
2021-12,validation,3,GradientBoosting,revenue_only,1,2022-01,1.822394,1.7577959915092194
2021-12,validation,3,GradientBoosting,revenue_only,2,2022-02,1.464984,1.6866138327388052
2021-12,validation,3,GradientBoosting,revenue_only,3,2022-03,1.736445,1.8517376048984089
2021-12,validation,3,Ridge,quarterly_expanded,1,2022-01,1.822394,1.6538254581512206
2021-12,validation,3,Ridge,quarterly_expanded,2,2022-02,1.464984,1.7044635949548006
2021-12,validation,3,Ridge,quarterly_expanded,3,2022-03,1.736445,1.7633350453103018
2021-12,validation,3,GradientBoosting,quarterly_expanded,1,2022-01,1.822394,1.739698361609361
2021-12,validation,3,GradientBoosting,quarterly_expanded,2,2022-02,1.464984,1.643551005089377
2021-12,validation,3,GradientBoosting,quarterly_expanded,3,2022-03,1.736445,1.8729077312460516
2021-12,validation,3,Ridge,peer_fx,1,2022-01,1.822394,1.7552638055982652
2021-12,validation,3,Ridge,peer_fx,2,2022-02,1.464984,1.8129595695824472
2021-12,validation,3,Ridge,peer_fx,3,2022-03,1.736445,1.8751200453655583
2021-12,validation,3,GradientBoosting,peer_fx,1,2022-01,1.822394,1.76290474182756
2021-12,validation,3,GradientBoosting,peer_fx,2,2022-02,1.464984,1.65737950243553
2021-12,validation,3,GradientBoosting,peer_fx,3,2022-03,1.736445,1.845397153522893
2021-12,validation,3,Ridge,all,1,2022-01,1.822394,1.694870360866573
2021-12,validation,3,Ridge,all,2,2022-02,1.464984,1.7425578719256327
2021-12,validation,3,Ridge,all,3,2022-03,1.736445,1.7998616399751792
2021-12,validation,3,GradientBoosting,all,1,2022-01,1.822394,1.744921124416481
2021-12,validation,3,GradientBoosting,all,2,2022-02,1.464984,1.6362953400965463
2021-12,validation,3,GradientBoosting,all,3,2022-03,1.736445,1.8626242348011115
2022-03,validation,3,HW_Damped_Add,revenue_only,1,2022-04,1.641441,1.7466667994707794
2022-03,validation,3,HW_Damped_Add,revenue_only,2,2022-05,1.658904,1.718696677221948
2022-03,validation,3,HW_Damped_Add,revenue_only,3,2022-06,1.489451,1.64768761817592
2022-03,validation,3,Ridge,revenue_only,1,2022-04,1.641441,1.692254588718326
2022-03,validation,3,Ridge,revenue_only,2,2022-05,1.658904,1.7163972843880022
2022-03,validation,3,Ridge,revenue_only,3,2022-06,1.489451,1.7166011150663472
2022-03,validation,3,GradientBoosting,revenue_only,1,2022-04,1.641441,1.7553909249641702
2022-03,validation,3,GradientBoosting,revenue_only,2,2022-05,1.658904,1.8615591950241424
2022-03,validation,3,GradientBoosting,revenue_only,3,2022-06,1.489451,1.8336464049540695
2022-03,validation,3,Ridge,quarterly_expanded,1,2022-04,1.641441,1.752913870791657
2022-03,validation,3,Ridge,quarterly_expanded,2,2022-05,1.658904,1.7897543071092128
2022-03,validation,3,Ridge,quarterly_expanded,3,2022-06,1.489451,1.804441845041208
2022-03,validation,3,GradientBoosting,quarterly_expanded,1,2022-04,1.641441,1.7567417130312548
2022-03,validation,3,GradientBoosting,quarterly_expanded,2,2022-05,1.658904,1.8339514117481412
2022-03,validation,3,GradientBoosting,quarterly_expanded,3,2022-06,1.489451,1.8253790997310264
2022-03,validation,3,Ridge,peer_fx,1,2022-04,1.641441,1.666615315569249
2022-03,validation,3,Ridge,peer_fx,2,2022-05,1.658904,1.6940906354548513
2022-03,validation,3,Ridge,peer_fx,3,2022-06,1.489451,1.7011060311798931
2022-03,validation,3,GradientBoosting,peer_fx,1,2022-04,1.641441,1.6318910426818596
2022-03,validation,3,GradientBoosting,peer_fx,2,2022-05,1.658904,1.6850143375179794
2022-03,validation,3,GradientBoosting,peer_fx,3,2022-06,1.489451,1.6279376061066118
2022-03,validation,3,Ridge,all,1,2022-04,1.641441,1.6937100763517094
2022-03,validation,3,Ridge,all,2,2022-05,1.658904,1.7312364902500892
2022-03,validation,3,Ridge,all,3,2022-06,1.489451,1.7501066564039105
2022-03,validation,3,GradientBoosting,all,1,2022-04,1.641441,1.6849796665006809
2022-03,validation,3,GradientBoosting,all,2,2022-05,1.658904,1.7090436270069216
2022-03,validation,3,GradientBoosting,all,3,2022-06,1.489451,1.6454239795753145
2022-06,validation,3,HW_Damped_Add,revenue_only,1,2022-07,1.541013,1.5700620820478357
2022-06,validation,3,HW_Damped_Add,revenue_only,2,2022-08,1.483968,1.5950475108590028
2022-06,validation,3,HW_Damped_Add,revenue_only,3,2022-09,1.490297,1.5210493182594764
2022-06,validation,3,Ridge,revenue_only,1,2022-07,1.541013,1.5855373880851522
2022-06,validation,3,Ridge,revenue_only,2,2022-08,1.483968,1.5541736610399497
2022-06,validation,3,Ridge,revenue_only,3,2022-09,1.490297,1.5231869065237371
2022-06,validation,3,GradientBoosting,revenue_only,1,2022-07,1.541013,1.5766105124632908
2022-06,validation,3,GradientBoosting,revenue_only,2,2022-08,1.483968,1.5742943340660112
2022-06,validation,3,GradientBoosting,revenue_only,3,2022-09,1.490297,1.5527191743244664
2022-06,validation,3,Ridge,quarterly_expanded,1,2022-07,1.541013,1.5913505982703586
2022-06,validation,3,Ridge,quarterly_expanded,2,2022-08,1.483968,1.5651268489378718
2022-06,validation,3,Ridge,quarterly_expanded,3,2022-09,1.490297,1.5347795782455418
2022-06,validation,3,GradientBoosting,quarterly_expanded,1,2022-07,1.541013,1.5674495450255386
2022-06,validation,3,GradientBoosting,quarterly_expanded,2,2022-08,1.483968,1.5674495450255386
2022-06,validation,3,GradientBoosting,quarterly_expanded,3,2022-09,1.490297,1.5451347873987995
2022-06,validation,3,Ridge,peer_fx,1,2022-07,1.541013,1.5280292236052029
2022-06,validation,3,Ridge,peer_fx,2,2022-08,1.483968,1.5062368028976398
2022-06,validation,3,Ridge,peer_fx,3,2022-09,1.490297,1.48101912494872
2022-06,validation,3,GradientBoosting,peer_fx,1,2022-07,1.541013,1.4242660656714394
2022-06,validation,3,GradientBoosting,peer_fx,2,2022-08,1.483968,1.4242660656714394
2022-06,validation,3,GradientBoosting,peer_fx,3,2022-09,1.490297,1.403228111705229
2022-06,validation,3,Ridge,all,1,2022-07,1.541013,1.567977159527971
2022-06,validation,3,Ridge,all,2,2022-08,1.483968,1.548613642137242
2022-06,validation,3,Ridge,all,3,2022-09,1.490297,1.5221152470401498
2022-06,validation,3,GradientBoosting,all,1,2022-07,1.541013,1.4532081933943413
2022-06,validation,3,GradientBoosting,all,2,2022-08,1.483968,1.4532081933943413
2022-06,validation,3,GradientBoosting,all,3,2022-09,1.490297,1.4328127157961073
2022-09,validation,3,HW_Damped_Add,revenue_only,1,2022-10,1.327315,1.4467161555803474
2022-09,validation,3,HW_Damped_Add,revenue_only,2,2022-11,1.473019,1.5049715912476944
2022-09,validation,3,HW_Damped_Add,revenue_only,3,2022-12,1.342897,1.5061296533189217
2022-09,validation,3,Ridge,revenue_only,1,2022-10,1.327315,1.524777543484685
2022-09,validation,3,Ridge,revenue_only,2,2022-11,1.473019,1.522680931453582
2022-09,validation,3,Ridge,revenue_only,3,2022-12,1.342897,1.5405475511809537
2022-09,validation,3,GradientBoosting,revenue_only,1,2022-10,1.327315,1.4366893041923454
2022-09,validation,3,GradientBoosting,revenue_only,2,2022-11,1.473019,1.4714008258046325
2022-09,validation,3,GradientBoosting,revenue_only,3,2022-12,1.342897,1.4714008258046325
2022-09,validation,3,Ridge,quarterly_expanded,1,2022-10,1.327315,1.5845386711069622
2022-09,validation,3,Ridge,quarterly_expanded,2,2022-11,1.473019,1.5732824294679677
2022-09,validation,3,Ridge,quarterly_expanded,3,2022-12,1.342897,1.5818944481783102
2022-09,validation,3,GradientBoosting,quarterly_expanded,1,2022-10,1.327315,1.454252470649443
2022-09,validation,3,GradientBoosting,quarterly_expanded,2,2022-11,1.473019,1.4948110231247465
2022-09,validation,3,GradientBoosting,quarterly_expanded,3,2022-12,1.342897,1.493944448506338
2022-09,validation,3,Ridge,peer_fx,1,2022-10,1.327315,1.4167883344934702
2022-09,validation,3,Ridge,peer_fx,2,2022-11,1.473019,1.4058499505716309
2022-09,validation,3,Ridge,peer_fx,3,2022-12,1.342897,1.40923964703674
2022-09,validation,3,GradientBoosting,peer_fx,1,2022-10,1.327315,1.3846567161199246
2022-09,validation,3,GradientBoosting,peer_fx,2,2022-11,1.473019,1.4030486679642842
2022-09,validation,3,GradientBoosting,peer_fx,3,2022-12,1.342897,1.3829019531387876
2022-09,validation,3,Ridge,all,1,2022-10,1.327315,1.5069381516914109
2022-09,validation,3,Ridge,all,2,2022-11,1.473019,1.491602171289634
2022-09,validation,3,Ridge,all,3,2022-12,1.342897,1.4914371332833418
2022-09,validation,3,GradientBoosting,all,1,2022-10,1.327315,1.4066944772888288
2022-09,validation,3,GradientBoosting,all,2,2022-11,1.473019,1.4351083035614187
2022-09,validation,3,GradientBoosting,all,3,2022-12,1.342897,1.4440847226030848
2022-12,validation,3,HW_Damped_Add,revenue_only,1,2023-01,1.083168,1.3839648940016898
2022-12,validation,3,HW_Damped_Add,revenue_only,2,2023-02,1.255319,1.173460477551296
2022-12,validation,3,HW_Damped_Add,revenue_only,3,2023-03,1.314268,1.436437720679349
2022-12,validation,3,Ridge,revenue_only,1,2023-01,1.083168,1.502754595288024
2022-12,validation,3,Ridge,revenue_only,2,2023-02,1.255319,1.550674916635461
2022-12,validation,3,Ridge,revenue_only,3,2023-03,1.314268,1.598590764695879
2022-12,validation,3,GradientBoosting,revenue_only,1,2023-01,1.083168,1.4333870554244552
2022-12,validation,3,GradientBoosting,revenue_only,2,2023-02,1.255319,1.3233544612422894
2022-12,validation,3,GradientBoosting,revenue_only,3,2023-03,1.314268,1.5266136137334825
2022-12,validation,3,Ridge,quarterly_expanded,1,2023-01,1.083168,1.4684222038888453
2022-12,validation,3,Ridge,quarterly_expanded,2,2023-02,1.255319,1.509608428036583
2022-12,validation,3,Ridge,quarterly_expanded,3,2023-03,1.314268,1.5574937357517704
2022-12,validation,3,GradientBoosting,quarterly_expanded,1,2023-01,1.083168,1.4489562461863748
2022-12,validation,3,GradientBoosting,quarterly_expanded,2,2023-02,1.255319,1.346629219447434
2022-12,validation,3,GradientBoosting,quarterly_expanded,3,2023-03,1.314268,1.5709297950281402
2022-12,validation,3,Ridge,peer_fx,1,2023-01,1.083168,1.40412101091541
2022-12,validation,3,Ridge,peer_fx,2,2023-02,1.255319,1.432856077889272
2022-12,validation,3,Ridge,peer_fx,3,2023-03,1.314268,1.4660061873885146
2022-12,validation,3,GradientBoosting,peer_fx,1,2023-01,1.083168,1.4187816023531747
2022-12,validation,3,GradientBoosting,peer_fx,2,2023-02,1.255319,1.3250864245535623
2022-12,validation,3,GradientBoosting,peer_fx,3,2023-03,1.314268,1.4973365667259595
2022-12,validation,3,Ridge,all,1,2023-01,1.083168,1.49984503481155
2022-12,validation,3,Ridge,all,2,2023-02,1.255319,1.5289183188615816
2022-12,validation,3,Ridge,all,3,2023-03,1.314268,1.567054557474655
2022-12,validation,3,GradientBoosting,all,1,2023-01,1.083168,1.4469781003679194
2022-12,validation,3,GradientBoosting,all,2,2023-02,1.255319,1.3427748818226493
2022-12,validation,3,GradientBoosting,all,3,2023-03,1.314268,1.5367341834406405
2023-03,validation,3,HW_Damped_Add,revenue_only,1,2023-04,1.202371,1.3438539884910126
2023-03,validation,3,HW_Damped_Add,revenue_only,2,2023-05,1.347897,1.321033369326941
2023-03,validation,3,HW_Damped_Add,revenue_only,3,2023-06,1.206388,1.2408096944737528
2023-03,validation,3,Ridge,revenue_only,1,2023-04,1.202371,1.477409192249847
2023-03,validation,3,Ridge,revenue_only,2,2023-05,1.347897,1.497125190139966
2023-03,validation,3,Ridge,revenue_only,3,2023-06,1.206388,1.4949307747165643
2023-03,validation,3,GradientBoosting,revenue_only,1,2023-04,1.202371,1.3973994369990494
2023-03,validation,3,GradientBoosting,revenue_only,2,2023-05,1.347897,1.3973994369990494
2023-03,validation,3,GradientBoosting,revenue_only,3,2023-06,1.206388,1.3587345535679325
2023-03,validation,3,Ridge,quarterly_expanded,1,2023-04,1.202371,1.3636743974528305
2023-03,validation,3,Ridge,quarterly_expanded,2,2023-05,1.347897,1.3924296008686967
2023-03,validation,3,Ridge,quarterly_expanded,3,2023-06,1.206388,1.4043607449620534
2023-03,validation,3,GradientBoosting,quarterly_expanded,1,2023-04,1.202371,1.424299315280457
2023-03,validation,3,GradientBoosting,quarterly_expanded,2,2023-05,1.347897,1.4222778018733566
2023-03,validation,3,GradientBoosting,quarterly_expanded,3,2023-06,1.206388,1.3858160368829993
2023-03,validation,3,Ridge,peer_fx,1,2023-04,1.202371,1.3532793638200404
2023-03,validation,3,Ridge,peer_fx,2,2023-05,1.347897,1.369807419137882
2023-03,validation,3,Ridge,peer_fx,3,2023-06,1.206388,1.3740945222504053
2023-03,validation,3,GradientBoosting,peer_fx,1,2023-04,1.202371,1.3900438853086747
2023-03,validation,3,GradientBoosting,peer_fx,2,2023-05,1.347897,1.3900438853086747
2023-03,validation,3,GradientBoosting,peer_fx,3,2023-06,1.206388,1.3549921722682097
2023-03,validation,3,Ridge,all,1,2023-04,1.202371,1.3696185433279118
2023-03,validation,3,Ridge,all,2,2023-05,1.347897,1.396643045205623
2023-03,validation,3,Ridge,all,3,2023-06,1.206388,1.4128281627593036
2023-03,validation,3,GradientBoosting,all,1,2023-04,1.202371,1.3903340616785282
2023-03,validation,3,GradientBoosting,all,2,2023-05,1.347897,1.3903340616785282
2023-03,validation,3,GradientBoosting,all,3,2023-06,1.206388,1.3422895256940768
2023-06,validation,3,HW_Damped_Add,revenue_only,1,2023-07,1.296055,1.2913899799712307
2023-06,validation,3,HW_Damped_Add,revenue_only,2,2023-08,1.382764,1.3085719008305885
2023-06,validation,3,HW_Damped_Add,revenue_only,3,2023-09,1.499206,1.2430228270545194
2023-06,validation,3,Ridge,revenue_only,1,2023-07,1.296055,1.3710273256629306
2023-06,validation,3,Ridge,revenue_only,2,2023-08,1.382764,1.3412249498833888
2023-06,validation,3,Ridge,revenue_only,3,2023-09,1.499206,1.311326646168352
2023-06,validation,3,GradientBoosting,revenue_only,1,2023-07,1.296055,1.316166972639233
2023-06,validation,3,GradientBoosting,revenue_only,2,2023-08,1.382764,1.3142382828343926
2023-06,validation,3,GradientBoosting,revenue_only,3,2023-09,1.499206,1.311649782671826
2023-06,validation,3,Ridge,quarterly_expanded,1,2023-07,1.296055,1.299144405165462
2023-06,validation,3,Ridge,quarterly_expanded,2,2023-08,1.382764,1.2782502232117208
2023-06,validation,3,Ridge,quarterly_expanded,3,2023-09,1.499206,1.248975518573276
2023-06,validation,3,GradientBoosting,quarterly_expanded,1,2023-07,1.296055,1.3059250742424693
2023-06,validation,3,GradientBoosting,quarterly_expanded,2,2023-08,1.382764,1.310714536377667
2023-06,validation,3,GradientBoosting,quarterly_expanded,3,2023-09,1.499206,1.3007874240247284
2023-06,validation,3,Ridge,peer_fx,1,2023-07,1.296055,1.3066017173246982
2023-06,validation,3,Ridge,peer_fx,2,2023-08,1.382764,1.290841157449197
2023-06,validation,3,Ridge,peer_fx,3,2023-09,1.499206,1.270492368666207
2023-06,validation,3,GradientBoosting,peer_fx,1,2023-07,1.296055,1.3098700477821204
2023-06,validation,3,GradientBoosting,peer_fx,2,2023-08,1.382764,1.3098700477821204
2023-06,validation,3,GradientBoosting,peer_fx,3,2023-09,1.499206,1.3015843086743628
2023-06,validation,3,Ridge,all,1,2023-07,1.296055,1.2981470027291802
2023-06,validation,3,Ridge,all,2,2023-08,1.382764,1.2863992861963491
2023-06,validation,3,Ridge,all,3,2023-09,1.499206,1.2649569102782374
2023-06,validation,3,GradientBoosting,all,1,2023-07,1.296055,1.316905870831603
2023-06,validation,3,GradientBoosting,all,2,2023-08,1.382764,1.316905870831603
2023-06,validation,3,GradientBoosting,all,3,2023-09,1.499206,1.3032358588745
2023-09,validation,3,HW_Damped_Add,revenue_only,1,2023-10,1.40599,1.4017915144104132
2023-09,validation,3,HW_Damped_Add,revenue_only,2,2023-11,1.574501,1.46867074491036
2023-09,validation,3,HW_Damped_Add,revenue_only,3,2023-12,1.434115,1.456583678111513
2023-09,validation,3,Ridge,revenue_only,1,2023-10,1.40599,1.4613609824630172
2023-09,validation,3,Ridge,revenue_only,2,2023-11,1.574501,1.4527887231826504
2023-09,validation,3,Ridge,revenue_only,3,2023-12,1.434115,1.4614816049988222
2023-09,validation,3,GradientBoosting,revenue_only,1,2023-10,1.40599,1.374857687714441
2023-09,validation,3,GradientBoosting,revenue_only,2,2023-11,1.574501,1.4288685454249634
2023-09,validation,3,GradientBoosting,revenue_only,3,2023-12,1.434115,1.3999323610197725
2023-09,validation,3,Ridge,quarterly_expanded,1,2023-10,1.40599,1.5239039325287795
2023-09,validation,3,Ridge,quarterly_expanded,2,2023-11,1.574501,1.4991900849575457
2023-09,validation,3,Ridge,quarterly_expanded,3,2023-12,1.434115,1.4901238033295197
2023-09,validation,3,GradientBoosting,quarterly_expanded,1,2023-10,1.40599,1.4168794528143631
2023-09,validation,3,GradientBoosting,quarterly_expanded,2,2023-11,1.574501,1.4449937824880066
2023-09,validation,3,GradientBoosting,quarterly_expanded,3,2023-12,1.434115,1.4449937824880066
2023-09,validation,3,Ridge,peer_fx,1,2023-10,1.40599,1.4104881124752868
2023-09,validation,3,Ridge,peer_fx,2,2023-11,1.574501,1.3963023740336666
2023-09,validation,3,Ridge,peer_fx,3,2023-12,1.434115,1.3926443864350897
2023-09,validation,3,GradientBoosting,peer_fx,1,2023-10,1.40599,1.51100041477852
2023-09,validation,3,GradientBoosting,peer_fx,2,2023-11,1.574501,1.5526456799171744
2023-09,validation,3,GradientBoosting,peer_fx,3,2023-12,1.434115,1.5526456799171744
2023-09,validation,3,Ridge,all,1,2023-10,1.40599,1.373088352347788
2023-09,validation,3,Ridge,all,2,2023-11,1.574501,1.350491143494913
2023-09,validation,3,Ridge,all,3,2023-12,1.434115,1.336935577976149
2023-09,validation,3,GradientBoosting,all,1,2023-10,1.40599,1.4725520090590547
2023-09,validation,3,GradientBoosting,all,2,2023-11,1.574501,1.5326118748827884
2023-09,validation,3,GradientBoosting,all,3,2023-12,1.434115,1.5275186550132194
2023-12,holdout,3,HW_Damped_Add,revenue_only,1,2024-01,1.496705,1.468555533267855
2023-12,holdout,3,HW_Damped_Add,revenue_only,2,2024-02,1.185857,1.2926677993502151
2023-12,holdout,3,HW_Damped_Add,revenue_only,3,2024-03,1.750773,1.5369191505044846
2023-12,holdout,3,Ridge,revenue_only,1,2024-01,1.496705,1.53060124160534
2023-12,holdout,3,Ridge,revenue_only,2,2024-02,1.185857,1.5674891475514894
2023-12,holdout,3,Ridge,revenue_only,3,2024-03,1.750773,1.6069416761374882
2023-12,holdout,3,GradientBoosting,revenue_only,1,2024-01,1.496705,1.4858068581546422
2023-12,holdout,3,GradientBoosting,revenue_only,2,2024-02,1.185857,1.4258422327178
2023-12,holdout,3,GradientBoosting,revenue_only,3,2024-03,1.750773,1.5898447474369288
2023-12,holdout,3,Ridge,quarterly_expanded,1,2024-01,1.496705,1.52217513126238
2023-12,holdout,3,Ridge,quarterly_expanded,2,2024-02,1.185857,1.5516310102312252
2023-12,holdout,3,Ridge,quarterly_expanded,3,2024-03,1.750773,1.5924575811888952
2023-12,holdout,3,GradientBoosting,quarterly_expanded,1,2024-01,1.496705,1.4979779959174977
2023-12,holdout,3,GradientBoosting,quarterly_expanded,2,2024-02,1.185857,1.417590957938994
2023-12,holdout,3,GradientBoosting,quarterly_expanded,3,2024-03,1.750773,1.5703841529680256
2023-12,holdout,3,Ridge,peer_fx,1,2024-01,1.496705,1.4832230601348917
2023-12,holdout,3,Ridge,peer_fx,2,2024-02,1.185857,1.505549774431523
2023-12,holdout,3,Ridge,peer_fx,3,2024-03,1.750773,1.5339557943960267
2023-12,holdout,3,GradientBoosting,peer_fx,1,2024-01,1.496705,1.4448702707367038
2023-12,holdout,3,GradientBoosting,peer_fx,2,2024-02,1.185857,1.3698619158695602
2023-12,holdout,3,GradientBoosting,peer_fx,3,2024-03,1.750773,1.5112372178069255
2023-12,holdout,3,Ridge,all,1,2024-01,1.496705,1.471121618225744
2023-12,holdout,3,Ridge,all,2,2024-02,1.185857,1.4871867380939847
2023-12,holdout,3,Ridge,all,3,2024-03,1.750773,1.5149142866795131
2023-12,holdout,3,GradientBoosting,all,1,2024-01,1.496705,1.4513596762526404
2023-12,holdout,3,GradientBoosting,all,2,2024-02,1.185857,1.3762496701361415
2023-12,holdout,3,GradientBoosting,all,3,2024-03,1.750773,1.506937902273412
2024-03,holdout,3,HW_Damped_Add,revenue_only,1,2024-04,1.822102,1.6688502918210713
2024-03,holdout,3,HW_Damped_Add,revenue_only,2,2024-05,1.940296,1.6608474197186176
2024-03,holdout,3,HW_Damped_Add,revenue_only,3,2024-06,1.942367,1.5745463788487457
2024-03,holdout,3,Ridge,revenue_only,1,2024-04,1.822102,1.6778234807190502
2024-03,holdout,3,Ridge,revenue_only,2,2024-05,1.940296,1.7000769291283155
2024-03,holdout,3,Ridge,revenue_only,3,2024-06,1.942367,1.703099958185239
2024-03,holdout,3,GradientBoosting,revenue_only,1,2024-04,1.822102,1.7640966494865329
2024-03,holdout,3,GradientBoosting,revenue_only,2,2024-05,1.940296,1.7640966494865329
2024-03,holdout,3,GradientBoosting,revenue_only,3,2024-06,1.942367,1.7135483376434526
2024-03,holdout,3,Ridge,quarterly_expanded,1,2024-04,1.822102,1.5485692019839064
2024-03,holdout,3,Ridge,quarterly_expanded,2,2024-05,1.940296,1.584991052741656
2024-03,holdout,3,Ridge,quarterly_expanded,3,2024-06,1.942367,1.6059010955421755
2024-03,holdout,3,GradientBoosting,quarterly_expanded,1,2024-04,1.822102,1.7478160842145651
2024-03,holdout,3,GradientBoosting,quarterly_expanded,2,2024-05,1.940296,1.7494159429250735
2024-03,holdout,3,GradientBoosting,quarterly_expanded,3,2024-06,1.942367,1.7182450107454106
2024-03,holdout,3,Ridge,peer_fx,1,2024-04,1.822102,1.5441654130998643
2024-03,holdout,3,Ridge,peer_fx,2,2024-05,1.940296,1.567121108036642
2024-03,holdout,3,Ridge,peer_fx,3,2024-06,1.942367,1.5790433184750523
2024-03,holdout,3,GradientBoosting,peer_fx,1,2024-04,1.822102,1.6027305472857905
2024-03,holdout,3,GradientBoosting,peer_fx,2,2024-05,1.940296,1.6114528765865894
2024-03,holdout,3,GradientBoosting,peer_fx,3,2024-06,1.942367,1.5714326230609768
2024-03,holdout,3,Ridge,all,1,2024-04,1.822102,1.4902007663027772
2024-03,holdout,3,Ridge,all,2,2024-05,1.940296,1.522650308948875
2024-03,holdout,3,Ridge,all,3,2024-06,1.942367,1.5458572010466405
2024-03,holdout,3,GradientBoosting,all,1,2024-04,1.822102,1.578418022116147
2024-03,holdout,3,GradientBoosting,all,2,2024-05,1.940296,1.592050402226312
2024-03,holdout,3,GradientBoosting,all,3,2024-06,1.942367,1.5266796198145942
2024-06,holdout,3,HW_Damped_Add,revenue_only,1,2024-07,2.140634,1.998607337763816
2024-06,holdout,3,HW_Damped_Add,revenue_only,2,2024-08,2.211638,2.0201042972771206
2024-06,holdout,3,HW_Damped_Add,revenue_only,3,2024-09,2.269814,1.9690813820936253
2024-06,holdout,3,Ridge,revenue_only,1,2024-07,2.140634,1.997942238154054
2024-06,holdout,3,Ridge,revenue_only,2,2024-08,2.211638,1.96102386842632
2024-06,holdout,3,Ridge,revenue_only,3,2024-09,2.269814,1.918670488624418
2024-06,holdout,3,GradientBoosting,revenue_only,1,2024-07,2.140634,1.826666162883547
2024-06,holdout,3,GradientBoosting,revenue_only,2,2024-08,2.211638,1.826666162883547
2024-06,holdout,3,GradientBoosting,revenue_only,3,2024-09,2.269814,1.826666162883547
2024-06,holdout,3,Ridge,quarterly_expanded,1,2024-07,2.140634,1.6870167780814165
2024-06,holdout,3,Ridge,quarterly_expanded,2,2024-08,2.211638,1.6584612689715186
2024-06,holdout,3,Ridge,quarterly_expanded,3,2024-09,2.269814,1.616627476078881
2024-06,holdout,3,GradientBoosting,quarterly_expanded,1,2024-07,2.140634,1.864579119766222
2024-06,holdout,3,GradientBoosting,quarterly_expanded,2,2024-08,2.211638,1.864579119766222
2024-06,holdout,3,GradientBoosting,quarterly_expanded,3,2024-09,2.269814,1.864579119766222
2024-06,holdout,3,Ridge,peer_fx,1,2024-07,2.140634,1.7950842055046894
2024-06,holdout,3,Ridge,peer_fx,2,2024-08,2.211638,1.7735001276455735
2024-06,holdout,3,Ridge,peer_fx,3,2024-09,2.269814,1.7433665978920667
2024-06,holdout,3,GradientBoosting,peer_fx,1,2024-07,2.140634,1.8895800109184824
2024-06,holdout,3,GradientBoosting,peer_fx,2,2024-08,2.211638,1.8895800109184824
2024-06,holdout,3,GradientBoosting,peer_fx,3,2024-09,2.269814,1.8898732929745907
2024-06,holdout,3,Ridge,all,1,2024-07,2.140634,1.633547307355584
2024-06,holdout,3,Ridge,all,2,2024-08,2.211638,1.611571943734653
2024-06,holdout,3,Ridge,all,3,2024-09,2.269814,1.577012176109155
2024-06,holdout,3,GradientBoosting,all,1,2024-07,2.140634,1.851987588744872
2024-06,holdout,3,GradientBoosting,all,2,2024-08,2.211638,1.851987588744872
2024-06,holdout,3,GradientBoosting,all,3,2024-09,2.269814,1.8572732322706955
2024-09,holdout,3,HW_Damped_Add,revenue_only,1,2024-10,2.030244,2.2081590469793637
2024-09,holdout,3,HW_Damped_Add,revenue_only,2,2024-11,2.260922,2.2816827250040204
2024-09,holdout,3,HW_Damped_Add,revenue_only,3,2024-12,2.018859,2.255335788400449
2024-09,holdout,3,Ridge,revenue_only,1,2024-10,2.030244,2.0192180616275626
2024-09,holdout,3,Ridge,revenue_only,2,2024-11,2.260922,1.999788644352856
2024-09,holdout,3,Ridge,revenue_only,3,2024-12,2.018859,2.006550885713821
2024-09,holdout,3,GradientBoosting,revenue_only,1,2024-10,2.030244,1.863898314446824
2024-09,holdout,3,GradientBoosting,revenue_only,2,2024-11,2.260922,1.9049847417436592
2024-09,holdout,3,GradientBoosting,revenue_only,3,2024-12,2.018859,1.884112250269679
2024-09,holdout,3,Ridge,quarterly_expanded,1,2024-10,2.030244,1.9689218931989727
2024-09,holdout,3,Ridge,quarterly_expanded,2,2024-11,2.260922,1.935145526709775
2024-09,holdout,3,Ridge,quarterly_expanded,3,2024-12,2.018859,1.9276664786797493
2024-09,holdout,3,GradientBoosting,quarterly_expanded,1,2024-10,2.030244,1.890541394179206
2024-09,holdout,3,GradientBoosting,quarterly_expanded,2,2024-11,2.260922,1.9405974869802067
2024-09,holdout,3,GradientBoosting,quarterly_expanded,3,2024-12,2.018859,1.906457588052438
2024-09,holdout,3,Ridge,peer_fx,1,2024-10,2.030244,1.848420738324983
2024-09,holdout,3,Ridge,peer_fx,2,2024-11,2.260922,1.8197244039123015
2024-09,holdout,3,Ridge,peer_fx,3,2024-12,2.018859,1.8131204600229691
2024-09,holdout,3,GradientBoosting,peer_fx,1,2024-10,2.030244,1.8592544118947496
2024-09,holdout,3,GradientBoosting,peer_fx,2,2024-11,2.260922,1.912774792297461
2024-09,holdout,3,GradientBoosting,peer_fx,3,2024-12,2.018859,1.8711815048630005
2024-09,holdout,3,Ridge,all,1,2024-10,2.030244,1.9222840981926137
2024-09,holdout,3,Ridge,all,2,2024-11,2.260922,1.8896326481618029
2024-09,holdout,3,Ridge,all,3,2024-12,2.018859,1.8831319838584848
2024-09,holdout,3,GradientBoosting,all,1,2024-10,2.030244,1.8932715463609768
2024-09,holdout,3,GradientBoosting,all,2,2024-11,2.260922,1.9248499759375333
2024-09,holdout,3,GradientBoosting,all,3,2024-12,2.018859,1.8929038530048108
2024-12,holdout,3,HW_Damped_Add,revenue_only,1,2025-01,2.021128,2.0326079066904774
2024-12,holdout,3,HW_Damped_Add,revenue_only,2,2025-02,2.153377,1.84392315882828
2024-12,holdout,3,HW_Damped_Add,revenue_only,3,2025-03,2.194287,2.11333923923203
2024-12,holdout,3,Ridge,revenue_only,1,2025-01,2.021128,1.9483689872100185
2024-12,holdout,3,Ridge,revenue_only,2,2025-02,2.153377,2.000568731134151
2024-12,holdout,3,Ridge,revenue_only,3,2025-03,2.194287,2.0637036580386856
2024-12,holdout,3,GradientBoosting,revenue_only,1,2025-01,2.021128,2.044037568153566
2024-12,holdout,3,GradientBoosting,revenue_only,2,2025-02,2.153377,1.9098842821996471
2024-12,holdout,3,GradientBoosting,revenue_only,3,2025-03,2.194287,2.053976148789342
2024-12,holdout,3,Ridge,quarterly_expanded,1,2025-01,2.021128,1.8515023785946505
2024-12,holdout,3,Ridge,quarterly_expanded,2,2025-02,2.153377,1.8997670301716256
2024-12,holdout,3,Ridge,quarterly_expanded,3,2025-03,2.194287,1.964013625790968
2024-12,holdout,3,GradientBoosting,quarterly_expanded,1,2025-01,2.021128,2.019491755189803
2024-12,holdout,3,GradientBoosting,quarterly_expanded,2,2025-02,2.153377,1.9371676908528197
2024-12,holdout,3,GradientBoosting,quarterly_expanded,3,2025-03,2.194287,2.0706598623517847
2024-12,holdout,3,Ridge,peer_fx,1,2025-01,2.021128,1.9674280580105965
2024-12,holdout,3,Ridge,peer_fx,2,2025-02,2.153377,2.0171360065744866
2024-12,holdout,3,Ridge,peer_fx,3,2025-03,2.194287,2.082679756743418
2024-12,holdout,3,GradientBoosting,peer_fx,1,2025-01,2.021128,2.031308672748088
2024-12,holdout,3,GradientBoosting,peer_fx,2,2025-02,2.153377,1.932128515192347
2024-12,holdout,3,GradientBoosting,peer_fx,3,2025-03,2.194287,2.1006425108096325
2024-12,holdout,3,Ridge,all,1,2025-01,2.021128,1.8879156208817571
2024-12,holdout,3,Ridge,all,2,2025-02,2.153377,1.9408617148586884
2024-12,holdout,3,Ridge,all,3,2025-03,2.194287,2.009764786224775
2024-12,holdout,3,GradientBoosting,all,1,2025-01,2.021128,2.0529916313300025
2024-12,holdout,3,GradientBoosting,all,2,2025-02,2.153377,1.9437121213382584
2024-12,holdout,3,GradientBoosting,all,3,2025-03,2.194287,2.093968772550437
2025-03,holdout,3,HW_Damped_Add,revenue_only,1,2025-04,2.328755,2.223983817876588
2025-03,holdout,3,HW_Damped_Add,revenue_only,2,2025-05,2.098333,2.224335226597744
2025-03,holdout,3,HW_Damped_Add,revenue_only,3,2025-06,2.356699,2.143239632548899
2025-03,holdout,3,Ridge,revenue_only,1,2025-04,2.328755,2.0583223569822238
2025-03,holdout,3,Ridge,revenue_only,2,2025-05,2.098333,2.099316187587652
2025-03,holdout,3,Ridge,revenue_only,3,2025-06,2.356699,2.114465298770742
2025-03,holdout,3,GradientBoosting,revenue_only,1,2025-04,2.328755,2.113894956497905
2025-03,holdout,3,GradientBoosting,revenue_only,2,2025-05,2.098333,2.110928729547181
2025-03,holdout,3,GradientBoosting,revenue_only,3,2025-06,2.356699,2.104116337258957
2025-03,holdout,3,Ridge,quarterly_expanded,1,2025-04,2.328755,2.034885637711373
2025-03,holdout,3,Ridge,quarterly_expanded,2,2025-05,2.098333,2.0819542256797456
2025-03,holdout,3,Ridge,quarterly_expanded,3,2025-06,2.356699,2.1006274366134905
2025-03,holdout,3,GradientBoosting,quarterly_expanded,1,2025-04,2.328755,2.098294100200964
2025-03,holdout,3,GradientBoosting,quarterly_expanded,2,2025-05,2.098333,2.100626310283978
2025-03,holdout,3,GradientBoosting,quarterly_expanded,3,2025-06,2.356699,2.055853780322904
2025-03,holdout,3,Ridge,peer_fx,1,2025-04,2.328755,2.369733168256524
2025-03,holdout,3,Ridge,peer_fx,2,2025-05,2.098333,2.428319139644238
2025-03,holdout,3,Ridge,peer_fx,3,2025-06,2.356699,2.4571513441235577
2025-03,holdout,3,GradientBoosting,peer_fx,1,2025-04,2.328755,2.1094520724554617
2025-03,holdout,3,GradientBoosting,peer_fx,2,2025-05,2.098333,2.102669187238335
2025-03,holdout,3,GradientBoosting,peer_fx,3,2025-06,2.356699,2.0650228908839434
2025-03,holdout,3,Ridge,all,1,2025-04,2.328755,2.2361963174653803
2025-03,holdout,3,Ridge,all,2,2025-05,2.098333,2.2906469090927044
2025-03,holdout,3,Ridge,all,3,2025-06,2.356699,2.311679219248865
2025-03,holdout,3,GradientBoosting,all,1,2025-04,2.328755,2.065423321775858
2025-03,holdout,3,GradientBoosting,all,2,2025-05,2.098333,2.0661301916815606
2025-03,holdout,3,GradientBoosting,all,3,2025-06,2.356699,2.0483768500548227
2025-06,holdout,3,HW_Damped_Add,revenue_only,1,2025-07,2.667033,2.367490544807818
2025-06,holdout,3,HW_Damped_Add,revenue_only,2,2025-08,2.544064,2.3916763908940712
2025-06,holdout,3,HW_Damped_Add,revenue_only,3,2025-09,2.851779,2.348322332988173
2025-06,holdout,3,Ridge,revenue_only,1,2025-07,2.667033,2.144753732779633
2025-06,holdout,3,Ridge,revenue_only,2,2025-08,2.544064,2.1082327645646832
2025-06,holdout,3,Ridge,revenue_only,3,2025-09,2.851779,2.0635229906259287
2025-06,holdout,3,GradientBoosting,revenue_only,1,2025-07,2.667033,2.203617175083996
2025-06,holdout,3,GradientBoosting,revenue_only,2,2025-08,2.544064,2.2060450754389205
2025-06,holdout,3,GradientBoosting,revenue_only,3,2025-09,2.851779,2.2060450754389205
2025-06,holdout,3,Ridge,quarterly_expanded,1,2025-07,2.667033,2.102156294357489
2025-06,holdout,3,Ridge,quarterly_expanded,2,2025-08,2.544064,2.061868804010662
2025-06,holdout,3,Ridge,quarterly_expanded,3,2025-09,2.851779,2.010805953170741
2025-06,holdout,3,GradientBoosting,quarterly_expanded,1,2025-07,2.667033,2.076386466324359
2025-06,holdout,3,GradientBoosting,quarterly_expanded,2,2025-08,2.544064,2.076386466324359
2025-06,holdout,3,GradientBoosting,quarterly_expanded,3,2025-09,2.851779,2.076386466324359
2025-06,holdout,3,Ridge,peer_fx,1,2025-07,2.667033,2.3015386742375914
2025-06,holdout,3,Ridge,peer_fx,2,2025-08,2.544064,2.2700812808391486
2025-06,holdout,3,Ridge,peer_fx,3,2025-09,2.851779,2.2259665736268466
2025-06,holdout,3,GradientBoosting,peer_fx,1,2025-07,2.667033,2.1301223594941625
2025-06,holdout,3,GradientBoosting,peer_fx,2,2025-08,2.544064,2.1301223594941625
2025-06,holdout,3,GradientBoosting,peer_fx,3,2025-09,2.851779,2.137929873824332
2025-06,holdout,3,Ridge,all,1,2025-07,2.667033,2.181353324595697
2025-06,holdout,3,Ridge,all,2,2025-08,2.544064,2.1410061768483386
2025-06,holdout,3,Ridge,all,3,2025-09,2.851779,2.087918283650587
2025-06,holdout,3,GradientBoosting,all,1,2025-07,2.667033,2.1209703393396
2025-06,holdout,3,GradientBoosting,all,2,2025-08,2.544064,2.1209703393396
2025-06,holdout,3,GradientBoosting,all,3,2025-09,2.851779,2.1305286386517786
2025-09,holdout,3,HW_Damped_Add,revenue_only,1,2025-10,2.853997,2.6932905579464035
2025-09,holdout,3,HW_Damped_Add,revenue_only,2,2025-11,3.024742,2.7779481808064594
2025-09,holdout,3,HW_Damped_Add,revenue_only,3,2025-12,3.250133,2.731662423887269
2025-09,holdout,3,Ridge,revenue_only,1,2025-10,2.853997,2.373928680665146
2025-09,holdout,3,Ridge,revenue_only,2,2025-11,3.024742,2.343572710863532
2025-09,holdout,3,Ridge,revenue_only,3,2025-12,3.250133,2.3421493151924437
2025-09,holdout,3,GradientBoosting,revenue_only,1,2025-10,2.853997,2.373189730382452
2025-09,holdout,3,GradientBoosting,revenue_only,2,2025-11,3.024742,2.4139036002119214
2025-09,holdout,3,GradientBoosting,revenue_only,3,2025-12,3.250133,2.382055273317272
2025-09,holdout,3,Ridge,quarterly_expanded,1,2025-10,2.853997,2.467338753182342
2025-09,holdout,3,Ridge,quarterly_expanded,2,2025-11,3.024742,2.424917685468721
2025-09,holdout,3,Ridge,quarterly_expanded,3,2025-12,3.250133,2.412834518535667
2025-09,holdout,3,GradientBoosting,quarterly_expanded,1,2025-10,2.853997,2.370934146656274
2025-09,holdout,3,GradientBoosting,quarterly_expanded,2,2025-11,3.024742,2.409092705749785
2025-09,holdout,3,GradientBoosting,quarterly_expanded,3,2025-12,3.250133,2.3380262956836857
2025-09,holdout,3,Ridge,peer_fx,1,2025-10,2.853997,2.6083584956663537
2025-09,holdout,3,Ridge,peer_fx,2,2025-11,3.024742,2.57339636064191
2025-09,holdout,3,Ridge,peer_fx,3,2025-12,3.250133,2.568572064943456
2025-09,holdout,3,GradientBoosting,peer_fx,1,2025-10,2.853997,2.2165471901006417
2025-09,holdout,3,GradientBoosting,peer_fx,2,2025-11,3.024742,2.2566647075634747
2025-09,holdout,3,GradientBoosting,peer_fx,3,2025-12,3.250133,2.198884146367813
2025-09,holdout,3,Ridge,all,1,2025-10,2.853997,2.732453641305076
2025-09,holdout,3,Ridge,all,2,2025-11,3.024742,2.6876961184172434
2025-09,holdout,3,Ridge,all,3,2025-12,3.250133,2.6774125657221086
2025-09,holdout,3,GradientBoosting,all,1,2025-10,2.853997,2.3030868675582346
2025-09,holdout,3,GradientBoosting,all,2,2025-11,3.024742,2.3536832589543586
2025-09,holdout,3,GradientBoosting,all,3,2025-12,3.250133,2.28123972067757
2025-12,holdout,3,HW_Damped_Add,revenue_only,1,2026-01,3.533279,3.265135970585192
2025-12,holdout,3,HW_Damped_Add,revenue_only,2,2026-02,2.740833,3.160951933784651
2025-12,holdout,3,HW_Damped_Add,revenue_only,3,2026-03,3.781706,3.471796410836915
2025-12,holdout,3,Ridge,revenue_only,1,2026-01,3.533279,2.9586872143498124
2025-12,holdout,3,Ridge,revenue_only,2,2026-02,2.740833,3.0283958521113314
2025-12,holdout,3,Ridge,revenue_only,3,2026-03,3.781706,3.1157926812221963
2025-12,holdout,3,GradientBoosting,revenue_only,1,2026-01,3.533279,2.940052354270148
2025-12,holdout,3,GradientBoosting,revenue_only,2,2026-02,2.740833,2.849397126721481
2025-12,holdout,3,GradientBoosting,revenue_only,3,2026-03,3.781706,2.931164549599694
2025-12,holdout,3,Ridge,quarterly_expanded,1,2026-01,3.533279,3.1751370464447657
2025-12,holdout,3,Ridge,quarterly_expanded,2,2026-02,2.740833,3.251771321350302
2025-12,holdout,3,Ridge,quarterly_expanded,3,2026-03,3.781706,3.360682925674185
2025-12,holdout,3,GradientBoosting,quarterly_expanded,1,2026-01,3.533279,2.934999370080475
2025-12,holdout,3,GradientBoosting,quarterly_expanded,2,2026-02,2.740833,2.8204531991276105
2025-12,holdout,3,GradientBoosting,quarterly_expanded,3,2026-03,3.781706,2.907220842438233
2025-12,holdout,3,Ridge,peer_fx,1,2026-01,3.533279,2.866146554052053
2025-12,holdout,3,Ridge,peer_fx,2,2026-02,2.740833,2.9368119755937707
2025-12,holdout,3,Ridge,peer_fx,3,2026-03,3.781706,3.029997170585781
2025-12,holdout,3,GradientBoosting,peer_fx,1,2026-01,3.533279,2.924795245874548
2025-12,holdout,3,GradientBoosting,peer_fx,2,2026-02,2.740833,2.831135621678573
2025-12,holdout,3,GradientBoosting,peer_fx,3,2026-03,3.781706,2.898005864211705
2025-12,holdout,3,Ridge,all,1,2026-01,3.533279,3.0607451657471008
2025-12,holdout,3,Ridge,all,2,2026-02,2.740833,3.144903341136252
2025-12,holdout,3,Ridge,all,3,2026-03,3.781706,3.2605555639086017
2025-12,holdout,3,GradientBoosting,all,1,2026-01,3.533279,2.87203788842372
2025-12,holdout,3,GradientBoosting,all,2,2026-02,2.740833,2.782826256934184
2025-12,holdout,3,GradientBoosting,all,3,2026-03,3.781706,2.8583281427148792
2026-03,holdout,3,HW_Damped_Add,revenue_only,1,2026-04,4.610166,3.673578751043968
2026-03,holdout,3,HW_Damped_Add,revenue_only,2,2026-05,4.794425,3.734834964712402
2026-03,holdout,3,HW_Damped_Add,revenue_only,3,2026-06,4.895221,3.7574654558767286
2026-03,holdout,3,Ridge,revenue_only,1,2026-04,4.610166,3.603395234686911
2026-03,holdout,3,Ridge,revenue_only,2,2026-05,4.794425,3.679595565225684
2026-03,holdout,3,Ridge,revenue_only,3,2026-06,4.895221,3.720290029224445
2026-03,holdout,3,GradientBoosting,revenue_only,1,2026-04,4.610166,3.107990403957823
2026-03,holdout,3,GradientBoosting,revenue_only,2,2026-05,4.794425,3.1209787827484505
2026-03,holdout,3,GradientBoosting,revenue_only,3,2026-06,4.895221,3.098437731389864
2026-03,holdout,3,Ridge,quarterly_expanded,1,2026-04,4.610166,3.766497762351539
2026-03,holdout,3,Ridge,quarterly_expanded,2,2026-05,4.794425,3.8873262099227857
2026-03,holdout,3,Ridge,quarterly_expanded,3,2026-06,4.895221,3.969807406771903
2026-03,holdout,3,GradientBoosting,quarterly_expanded,1,2026-04,4.610166,3.036690850891131
2026-03,holdout,3,GradientBoosting,quarterly_expanded,2,2026-05,4.794425,3.0566061441985046
2026-03,holdout,3,GradientBoosting,quarterly_expanded,3,2026-06,4.895221,3.043296388067441
2026-03,holdout,3,Ridge,peer_fx,1,2026-04,4.610166,3.609793838399716
2026-03,holdout,3,Ridge,peer_fx,2,2026-05,4.794425,3.7001861214336937
2026-03,holdout,3,Ridge,peer_fx,3,2026-06,4.895221,3.750605831176231
2026-03,holdout,3,GradientBoosting,peer_fx,1,2026-04,4.610166,3.0835429987450484
2026-03,holdout,3,GradientBoosting,peer_fx,2,2026-05,4.794425,3.109999373207252
2026-03,holdout,3,GradientBoosting,peer_fx,3,2026-06,4.895221,3.099705900859329
2026-03,holdout,3,Ridge,all,1,2026-04,4.610166,3.840180375106903
2026-03,holdout,3,Ridge,all,2,2026-05,4.794425,3.9666627407064343
2026-03,holdout,3,Ridge,all,3,2026-06,4.895221,4.046196168715124
2026-03,holdout,3,GradientBoosting,all,1,2026-04,4.610166,3.1183733510012925
2026-03,holdout,3,GradientBoosting,all,2,2026-05,4.794425,3.1466984300115293
2026-03,holdout,3,GradientBoosting,all,3,2026-06,4.895221,3.1454378268623544
2026-06,holdout,3,HW_Damped_Add,revenue_only,1,2026-07,5.908074,5.210796145061546
2026-06,holdout,3,HW_Damped_Add,revenue_only,2,2026-08,5.91454,5.434308429005931
2026-06,holdout,3,HW_Damped_Add,revenue_only,3,2026-09,6.12557,5.625931681224267
2026-06,holdout,3,Ridge,revenue_only,1,2026-07,5.908074,5.282983432595155
2026-06,holdout,3,Ridge,revenue_only,2,2026-08,5.91454,5.229125912045263
2026-06,holdout,3,Ridge,revenue_only,3,2026-09,6.12557,5.156991592435739
2026-06,holdout,3,GradientBoosting,revenue_only,1,2026-07,5.908074,4.563885013254003
2026-06,holdout,3,GradientBoosting,revenue_only,2,2026-08,5.91454,4.563885013254003
2026-06,holdout,3,GradientBoosting,revenue_only,3,2026-09,6.12557,4.317202750428471
2026-06,holdout,3,Ridge,quarterly_expanded,1,2026-07,5.908074,5.368355877648844
2026-06,holdout,3,Ridge,quarterly_expanded,2,2026-08,5.91454,5.3377024694530935
2026-06,holdout,3,Ridge,quarterly_expanded,3,2026-09,6.12557,5.254341679278856
2026-06,holdout,3,GradientBoosting,quarterly_expanded,1,2026-07,5.908074,4.556635935725972
2026-06,holdout,3,GradientBoosting,quarterly_expanded,2,2026-08,5.91454,4.5981795048838245
2026-06,holdout,3,GradientBoosting,quarterly_expanded,3,2026-09,6.12557,4.334414108714237
2026-06,holdout,3,Ridge,peer_fx,1,2026-07,5.908074,4.9350590902071625
2026-06,holdout,3,Ridge,peer_fx,2,2026-08,5.91454,4.87000221891437
2026-06,holdout,3,Ridge,peer_fx,3,2026-09,6.12557,4.782289121131951
2026-06,holdout,3,GradientBoosting,peer_fx,1,2026-07,5.908074,4.54160531504451
2026-06,holdout,3,GradientBoosting,peer_fx,2,2026-08,5.91454,4.485512170151618
2026-06,holdout,3,GradientBoosting,peer_fx,3,2026-09,6.12557,4.257247099281922
2026-06,holdout,3,Ridge,all,1,2026-07,5.908074,5.202503702806805
2026-06,holdout,3,Ridge,all,2,2026-08,5.91454,5.14971730166403
2026-06,holdout,3,Ridge,all,3,2026-09,6.12557,5.047385734353423
2026-06,holdout,3,GradientBoosting,all,1,2026-07,5.908074,4.553050563695533
2026-06,holdout,3,GradientBoosting,all,2,2026-08,5.91454,4.499635200702819
2026-06,holdout,3,GradientBoosting,all,3,2026-09,6.12557,4.19250560631652
2020-12,validation,6,HW_Damped_Add,revenue_only,1,2021-01,1.54903,1.4400720705554075
2020-12,validation,6,HW_Damped_Add,revenue_only,2,2021-02,1.415693,1.2390320796877534
2020-12,validation,6,HW_Damped_Add,revenue_only,3,2021-03,1.728671,1.4954228184519451
2020-12,validation,6,HW_Damped_Add,revenue_only,4,2021-04,1.770181,1.5025438374631783
2020-12,validation,6,HW_Damped_Add,revenue_only,5,2021-05,1.8031,1.4677704278318373
2020-12,validation,6,HW_Damped_Add,revenue_only,6,2021-06,1.869965,1.380332844664651
2020-12,validation,6,Ridge,revenue_only,1,2021-01,1.54903,1.456375120656003
2020-12,validation,6,Ridge,revenue_only,2,2021-02,1.415693,1.500693650706145
2020-12,validation,6,Ridge,revenue_only,3,2021-03,1.728671,1.5505366378214254
2020-12,validation,6,Ridge,revenue_only,4,2021-04,1.770181,1.5934087028393502
2020-12,validation,6,Ridge,revenue_only,5,2021-05,1.8031,1.617855646963949
2020-12,validation,6,Ridge,revenue_only,6,2021-06,1.869965,1.617462108168432
2020-12,validation,6,GradientBoosting,revenue_only,1,2021-01,1.54903,1.3756526784587455
2020-12,validation,6,GradientBoosting,revenue_only,2,2021-02,1.415693,1.2296386991506782
2020-12,validation,6,GradientBoosting,revenue_only,3,2021-03,1.728671,1.467475730626937
2020-12,validation,6,GradientBoosting,revenue_only,4,2021-04,1.770181,1.576302530513125
2020-12,validation,6,GradientBoosting,revenue_only,5,2021-05,1.8031,1.576302530513125
2020-12,validation,6,GradientBoosting,revenue_only,6,2021-06,1.869965,1.4770612086368102
2020-12,validation,6,Ridge,quarterly_expanded,1,2021-01,1.54903,1.466936162455961
2020-12,validation,6,Ridge,quarterly_expanded,2,2021-02,1.415693,1.498847299586113
2020-12,validation,6,Ridge,quarterly_expanded,3,2021-03,1.728671,1.5377544708532047
2020-12,validation,6,Ridge,quarterly_expanded,4,2021-04,1.770181,1.5739516473662247
2020-12,validation,6,Ridge,quarterly_expanded,5,2021-05,1.8031,1.5978522079354602
2020-12,validation,6,Ridge,quarterly_expanded,6,2021-06,1.869965,1.6030327287222097
2020-12,validation,6,GradientBoosting,quarterly_expanded,1,2021-01,1.54903,1.43472112313674
2020-12,validation,6,GradientBoosting,quarterly_expanded,2,2021-02,1.415693,1.2943590276604895
2020-12,validation,6,GradientBoosting,quarterly_expanded,3,2021-03,1.728671,1.5457468032789132
2020-12,validation,6,GradientBoosting,quarterly_expanded,4,2021-04,1.770181,1.5788397242251473
2020-12,validation,6,GradientBoosting,quarterly_expanded,5,2021-05,1.8031,1.5788397242251473
2020-12,validation,6,GradientBoosting,quarterly_expanded,6,2021-06,1.869965,1.5406900474876026
2020-12,validation,6,Ridge,peer_fx,1,2021-01,1.54903,1.4970645235708375
2020-12,validation,6,Ridge,peer_fx,2,2021-02,1.415693,1.5370728895187502
2020-12,validation,6,Ridge,peer_fx,3,2021-03,1.728671,1.5808869470633395
2020-12,validation,6,Ridge,peer_fx,4,2021-04,1.770181,1.617276547095559
2020-12,validation,6,Ridge,peer_fx,5,2021-05,1.8031,1.6364095957071083
2020-12,validation,6,Ridge,peer_fx,6,2021-06,1.869965,1.6332429305675755
2020-12,validation,6,GradientBoosting,peer_fx,1,2021-01,1.54903,1.379845015137617
2020-12,validation,6,GradientBoosting,peer_fx,2,2021-02,1.415693,1.2375165532147123
2020-12,validation,6,GradientBoosting,peer_fx,3,2021-03,1.728671,1.4927551948499092
2020-12,validation,6,GradientBoosting,peer_fx,4,2021-04,1.770181,1.583831131989343
2020-12,validation,6,GradientBoosting,peer_fx,5,2021-05,1.8031,1.583831131989343
2020-12,validation,6,GradientBoosting,peer_fx,6,2021-06,1.869965,1.5144792223832673
2020-12,validation,6,Ridge,all,1,2021-01,1.54903,1.488165868911864
2020-12,validation,6,Ridge,all,2,2021-02,1.415693,1.5213299142541477
2020-12,validation,6,Ridge,all,3,2021-03,1.728671,1.5605916569232987
2020-12,validation,6,Ridge,all,4,2021-04,1.770181,1.5960875437701656
2020-12,validation,6,Ridge,all,5,2021-05,1.8031,1.6183831445884094
2020-12,validation,6,Ridge,all,6,2021-06,1.869965,1.6215178445999885
2020-12,validation,6,GradientBoosting,all,1,2021-01,1.54903,1.440613866658826
2020-12,validation,6,GradientBoosting,all,2,2021-02,1.415693,1.3050137897865357
2020-12,validation,6,GradientBoosting,all,3,2021-03,1.728671,1.5559132622522611
2020-12,validation,6,GradientBoosting,all,4,2021-04,1.770181,1.5992583895695542
2020-12,validation,6,GradientBoosting,all,5,2021-05,1.8031,1.5992583895695542
2020-12,validation,6,GradientBoosting,all,6,2021-06,1.869965,1.5584724222825144
2021-03,validation,6,HW_Damped_Add,revenue_only,1,2021-04,1.770181,1.7350910247211755
2021-03,validation,6,HW_Damped_Add,revenue_only,2,2021-05,1.8031,1.6996148227074392
2021-03,validation,6,HW_Damped_Add,revenue_only,3,2021-06,1.869965,1.611479493268658
2021-03,validation,6,HW_Damped_Add,revenue_only,4,2021-07,1.928594,1.694454519008895
2021-03,validation,6,HW_Damped_Add,revenue_only,5,2021-08,1.945708,1.7200336127414195
2021-03,validation,6,HW_Damped_Add,revenue_only,6,2021-09,1.795957,1.655109907330531
2021-03,validation,6,Ridge,revenue_only,1,2021-04,1.770181,1.6372890484397178
2021-03,validation,6,Ridge,revenue_only,2,2021-05,1.8031,1.661072779056421
2021-03,validation,6,Ridge,revenue_only,3,2021-06,1.869965,1.6590712142768114
2021-03,validation,6,Ridge,revenue_only,4,2021-07,1.928594,1.6333556537945857
2021-03,validation,6,Ridge,revenue_only,5,2021-08,1.945708,1.5930877269728412
2021-03,validation,6,Ridge,revenue_only,6,2021-09,1.795957,1.5510745580403218
2021-03,validation,6,GradientBoosting,revenue_only,1,2021-04,1.770181,1.7083628714472654
2021-03,validation,6,GradientBoosting,revenue_only,2,2021-05,1.8031,1.7015361059181806
2021-03,validation,6,GradientBoosting,revenue_only,3,2021-06,1.869965,1.594022695978532
2021-03,validation,6,GradientBoosting,revenue_only,4,2021-07,1.928594,1.5882879820873286
2021-03,validation,6,GradientBoosting,revenue_only,5,2021-08,1.945708,1.5324941556106524
2021-03,validation,6,GradientBoosting,revenue_only,6,2021-09,1.795957,1.3953601386383825
2021-03,validation,6,Ridge,quarterly_expanded,1,2021-04,1.770181,1.7043793687267477
2021-03,validation,6,Ridge,quarterly_expanded,2,2021-05,1.8031,1.731686852404492
2021-03,validation,6,Ridge,quarterly_expanded,3,2021-06,1.869965,1.7357496636636591
2021-03,validation,6,Ridge,quarterly_expanded,4,2021-07,1.928594,1.717072278346076
2021-03,validation,6,Ridge,quarterly_expanded,5,2021-08,1.945708,1.6829631275754575
2021-03,validation,6,Ridge,quarterly_expanded,6,2021-09,1.795957,1.64483327519692
2021-03,validation,6,GradientBoosting,quarterly_expanded,1,2021-04,1.770181,1.6497936713196837
2021-03,validation,6,GradientBoosting,quarterly_expanded,2,2021-05,1.8031,1.6497936713196837
2021-03,validation,6,GradientBoosting,quarterly_expanded,3,2021-06,1.869965,1.571782818068011
2021-03,validation,6,GradientBoosting,quarterly_expanded,4,2021-07,1.928594,1.6307985321460052
2021-03,validation,6,GradientBoosting,quarterly_expanded,5,2021-08,1.945708,1.5932398332696476
2021-03,validation,6,GradientBoosting,quarterly_expanded,6,2021-09,1.795957,1.446204468168338
2021-03,validation,6,Ridge,peer_fx,1,2021-04,1.770181,1.6815981280813743
2021-03,validation,6,Ridge,peer_fx,2,2021-05,1.8031,1.706293263634239
2021-03,validation,6,Ridge,peer_fx,3,2021-06,1.869965,1.705850469314365
2021-03,validation,6,Ridge,peer_fx,4,2021-07,1.928594,1.6822676344410517
2021-03,validation,6,Ridge,peer_fx,5,2021-08,1.945708,1.6444356195392336
2021-03,validation,6,Ridge,peer_fx,6,2021-09,1.795957,1.6048483453141382
2021-03,validation,6,GradientBoosting,peer_fx,1,2021-04,1.770181,1.711874320227717
2021-03,validation,6,GradientBoosting,peer_fx,2,2021-05,1.8031,1.706028731471388
2021-03,validation,6,GradientBoosting,peer_fx,3,2021-06,1.869965,1.6095729129556495
2021-03,validation,6,GradientBoosting,peer_fx,4,2021-07,1.928594,1.6220124405010357
2021-03,validation,6,GradientBoosting,peer_fx,5,2021-08,1.945708,1.5666678416349022
2021-03,validation,6,GradientBoosting,peer_fx,6,2021-09,1.795957,1.3975800938320548
2021-03,validation,6,Ridge,all,1,2021-04,1.770181,1.691561044409888
2021-03,validation,6,Ridge,all,2,2021-05,1.8031,1.717891036101598
2021-03,validation,6,Ridge,all,3,2021-06,1.869965,1.721177111545479
2021-03,validation,6,Ridge,all,4,2021-07,1.928594,1.7022198071395658
2021-03,validation,6,Ridge,all,5,2021-08,1.945708,1.6684575593958333
2021-03,validation,6,Ridge,all,6,2021-09,1.795957,1.6312327171083087
2021-03,validation,6,GradientBoosting,all,1,2021-04,1.770181,1.6281074294053193
2021-03,validation,6,GradientBoosting,all,2,2021-05,1.8031,1.6281074294053193
2021-03,validation,6,GradientBoosting,all,3,2021-06,1.869965,1.5713060594738213
2021-03,validation,6,GradientBoosting,all,4,2021-07,1.928594,1.5924838588161772
2021-03,validation,6,GradientBoosting,all,5,2021-08,1.945708,1.5734661651907174
2021-03,validation,6,GradientBoosting,all,6,2021-09,1.795957,1.4668605902904015
2021-06,validation,6,HW_Damped_Add,revenue_only,1,2021-07,1.928594,1.9518561862862307
2021-06,validation,6,HW_Damped_Add,revenue_only,2,2021-08,1.945708,1.976356679774448
2021-06,validation,6,HW_Damped_Add,revenue_only,3,2021-09,1.795957,1.9103607813367849
2021-06,validation,6,HW_Damped_Add,revenue_only,4,2021-10,1.704222,1.87147325693665
2021-06,validation,6,HW_Damped_Add,revenue_only,5,2021-11,1.801408,1.9235307332099043
2021-06,validation,6,HW_Damped_Add,revenue_only,6,2021-12,1.81951,1.9212366263106817
2021-06,validation,6,Ridge,revenue_only,1,2021-07,1.928594,1.7026851983764433
2021-06,validation,6,Ridge,revenue_only,2,2021-08,1.945708,1.655609599223551
2021-06,validation,6,Ridge,revenue_only,3,2021-09,1.795957,1.6062062729311783
2021-06,validation,6,Ridge,revenue_only,4,2021-10,1.704222,1.5691677751735482
2021-06,validation,6,Ridge,revenue_only,5,2021-11,1.801408,1.5550936160808335
2021-06,validation,6,Ridge,revenue_only,6,2021-12,1.81951,1.568883888352418
2021-06,validation,6,GradientBoosting,revenue_only,1,2021-07,1.928594,1.7592009518748846
2021-06,validation,6,GradientBoosting,revenue_only,2,2021-08,1.945708,1.698172466845132
2021-06,validation,6,GradientBoosting,revenue_only,3,2021-09,1.795957,1.4611942324718064
2021-06,validation,6,GradientBoosting,revenue_only,4,2021-10,1.704222,1.3700453320066772
2021-06,validation,6,GradientBoosting,revenue_only,5,2021-11,1.801408,1.4582735486199323
2021-06,validation,6,GradientBoosting,revenue_only,6,2021-12,1.81951,1.4716717237077352
2021-06,validation,6,Ridge,quarterly_expanded,1,2021-07,1.928594,1.8641650003380448
2021-06,validation,6,Ridge,quarterly_expanded,2,2021-08,1.945708,1.8257646203439968
2021-06,validation,6,Ridge,quarterly_expanded,3,2021-09,1.795957,1.7816258332785757
2021-06,validation,6,Ridge,quarterly_expanded,4,2021-10,1.704222,1.7461171203987185
2021-06,validation,6,Ridge,quarterly_expanded,5,2021-11,1.801408,1.7305499821996544
2021-06,validation,6,Ridge,quarterly_expanded,6,2021-12,1.81951,1.7410730094713351
2021-06,validation,6,GradientBoosting,quarterly_expanded,1,2021-07,1.928594,1.7068461995458075
2021-06,validation,6,GradientBoosting,quarterly_expanded,2,2021-08,1.945708,1.6595672700917978
2021-06,validation,6,GradientBoosting,quarterly_expanded,3,2021-09,1.795957,1.5701588078077204
2021-06,validation,6,GradientBoosting,quarterly_expanded,4,2021-10,1.704222,1.4038839963359406
2021-06,validation,6,GradientBoosting,quarterly_expanded,5,2021-11,1.801408,1.445241962721011
2021-06,validation,6,GradientBoosting,quarterly_expanded,6,2021-12,1.81951,1.460069413988207
2021-06,validation,6,Ridge,peer_fx,1,2021-07,1.928594,1.829710620117299
2021-06,validation,6,Ridge,peer_fx,2,2021-08,1.945708,1.787526513949645
2021-06,validation,6,Ridge,peer_fx,3,2021-09,1.795957,1.742272554806355
2021-06,validation,6,Ridge,peer_fx,4,2021-10,1.704222,1.708377196369328
2021-06,validation,6,Ridge,peer_fx,5,2021-11,1.801408,1.69655636605868
2021-06,validation,6,Ridge,peer_fx,6,2021-12,1.81951,1.7120018512490405
2021-06,validation,6,GradientBoosting,peer_fx,1,2021-07,1.928594,1.7646844786747282
2021-06,validation,6,GradientBoosting,peer_fx,2,2021-08,1.945708,1.691323814331536
2021-06,validation,6,GradientBoosting,peer_fx,3,2021-09,1.795957,1.4682085391669857
2021-06,validation,6,GradientBoosting,peer_fx,4,2021-10,1.704222,1.314871306997856
2021-06,validation,6,GradientBoosting,peer_fx,5,2021-11,1.801408,1.4051091313073565
2021-06,validation,6,GradientBoosting,peer_fx,6,2021-12,1.81951,1.412073552100089
2021-06,validation,6,Ridge,all,1,2021-07,1.928594,1.8679628181429324
2021-06,validation,6,Ridge,all,2,2021-08,1.945708,1.8301835970797933
2021-06,validation,6,Ridge,all,3,2021-09,1.795957,1.787114078788255
2021-06,validation,6,Ridge,all,4,2021-10,1.704222,1.75287732730503
2021-06,validation,6,Ridge,all,5,2021-11,1.801408,1.7385315914181736
2021-06,validation,6,Ridge,all,6,2021-12,1.81951,1.7500117721807449
2021-06,validation,6,GradientBoosting,all,1,2021-07,1.928594,1.7227179360569076
2021-06,validation,6,GradientBoosting,all,2,2021-08,1.945708,1.676662265149958
2021-06,validation,6,GradientBoosting,all,3,2021-09,1.795957,1.519835235256397
2021-06,validation,6,GradientBoosting,all,4,2021-10,1.704222,1.3775040640156098
2021-06,validation,6,GradientBoosting,all,5,2021-11,1.801408,1.4497408244352985
2021-06,validation,6,GradientBoosting,all,6,2021-12,1.81951,1.451717856626345
2021-09,validation,6,HW_Damped_Add,revenue_only,1,2021-10,1.704222,1.7575420252154017
2021-09,validation,6,HW_Damped_Add,revenue_only,2,2021-11,1.801408,1.8100692900094244
2021-09,validation,6,HW_Damped_Add,revenue_only,3,2021-12,1.81951,1.8082480808299657
2021-09,validation,6,HW_Damped_Add,revenue_only,4,2022-01,1.822394,1.8530155398942867
2021-09,validation,6,HW_Damped_Add,revenue_only,5,2022-02,1.464984,1.658022755328904
2021-09,validation,6,HW_Damped_Add,revenue_only,6,2022-03,1.736445,1.919226681879153
2021-09,validation,6,Ridge,revenue_only,1,2021-10,1.704222,1.5767110612260804
2021-09,validation,6,Ridge,revenue_only,2,2021-11,1.801408,1.5565857778947323
2021-09,validation,6,Ridge,revenue_only,3,2021-12,1.81951,1.5643129736270311
2021-09,validation,6,Ridge,revenue_only,4,2022-01,1.822394,1.6004371766308931
2021-09,validation,6,Ridge,revenue_only,5,2022-02,1.464984,1.6590989792728996
2021-09,validation,6,Ridge,revenue_only,6,2022-03,1.736445,1.7284093721506588
2021-09,validation,6,GradientBoosting,revenue_only,1,2021-10,1.704222,1.449789118193658
2021-09,validation,6,GradientBoosting,revenue_only,2,2021-11,1.801408,1.5259737074614923
2021-09,validation,6,GradientBoosting,revenue_only,3,2021-12,1.81951,1.4938289267314588
2021-09,validation,6,GradientBoosting,revenue_only,4,2022-01,1.822394,1.4751890656741002
2021-09,validation,6,GradientBoosting,revenue_only,5,2022-02,1.464984,1.3705173043589645
2021-09,validation,6,GradientBoosting,revenue_only,6,2022-03,1.736445,1.7431361228524842
2021-09,validation,6,Ridge,quarterly_expanded,1,2021-10,1.704222,1.695415868446697
2021-09,validation,6,Ridge,quarterly_expanded,2,2021-11,1.801408,1.678884520815414
2021-09,validation,6,Ridge,quarterly_expanded,3,2021-12,1.81951,1.6868857248854856
2021-09,validation,6,Ridge,quarterly_expanded,4,2022-01,1.822394,1.720576433441572
2021-09,validation,6,Ridge,quarterly_expanded,5,2022-02,1.464984,1.7751742927773069
2021-09,validation,6,Ridge,quarterly_expanded,6,2022-03,1.736445,1.840381936276762
2021-09,validation,6,GradientBoosting,quarterly_expanded,1,2021-10,1.704222,1.4489018800796818
2021-09,validation,6,GradientBoosting,quarterly_expanded,2,2021-11,1.801408,1.4996843153812394
2021-09,validation,6,GradientBoosting,quarterly_expanded,3,2021-12,1.81951,1.4962141178039077
2021-09,validation,6,GradientBoosting,quarterly_expanded,4,2022-01,1.822394,1.5000148986405035
2021-09,validation,6,GradientBoosting,quarterly_expanded,5,2022-02,1.464984,1.4009905645697056
2021-09,validation,6,GradientBoosting,quarterly_expanded,6,2022-03,1.736445,1.8151051930051676
2021-09,validation,6,Ridge,peer_fx,1,2021-10,1.704222,1.6291973836541649
2021-09,validation,6,Ridge,peer_fx,2,2021-11,1.801408,1.6172590521802388
2021-09,validation,6,Ridge,peer_fx,3,2021-12,1.81951,1.6306101704156897
2021-09,validation,6,Ridge,peer_fx,4,2022-01,1.822394,1.6691764817727934
2021-09,validation,6,Ridge,peer_fx,5,2022-02,1.464984,1.7269878570962989
2021-09,validation,6,Ridge,peer_fx,6,2022-03,1.736445,1.7927621231830313
2021-09,validation,6,GradientBoosting,peer_fx,1,2021-10,1.704222,1.428675121801845
2021-09,validation,6,GradientBoosting,peer_fx,2,2021-11,1.801408,1.4908390863201393
2021-09,validation,6,GradientBoosting,peer_fx,3,2021-12,1.81951,1.4837746867579331
2021-09,validation,6,GradientBoosting,peer_fx,4,2022-01,1.822394,1.4864068105425752
2021-09,validation,6,GradientBoosting,peer_fx,5,2022-02,1.464984,1.39721963965622
2021-09,validation,6,GradientBoosting,peer_fx,6,2022-03,1.736445,1.8192263597017928
2021-09,validation,6,Ridge,all,1,2021-10,1.704222,1.7049632891925208
2021-09,validation,6,Ridge,all,2,2021-11,1.801408,1.68999461843771
2021-09,validation,6,Ridge,all,3,2021-12,1.81951,1.6992556322736625
2021-09,validation,6,Ridge,all,4,2022-01,1.822394,1.733702495185365
2021-09,validation,6,Ridge,all,5,2022-02,1.464984,1.788433456863655
2021-09,validation,6,Ridge,all,6,2022-03,1.736445,1.853155317460752
2021-09,validation,6,GradientBoosting,all,1,2021-10,1.704222,1.4271713482135095
2021-09,validation,6,GradientBoosting,all,2,2021-11,1.801408,1.4789936436945568
2021-09,validation,6,GradientBoosting,all,3,2021-12,1.81951,1.4868978533424515
2021-09,validation,6,GradientBoosting,all,4,2022-01,1.822394,1.4932755264349478
2021-09,validation,6,GradientBoosting,all,5,2022-02,1.464984,1.3980342130931127
2021-09,validation,6,GradientBoosting,all,6,2022-03,1.736445,1.8151048783736208
2021-12,validation,6,HW_Damped_Add,revenue_only,1,2022-01,1.822394,1.8642351009225544
2021-12,validation,6,HW_Damped_Add,revenue_only,2,2022-02,1.464984,1.6691908860567817
2021-12,validation,6,HW_Damped_Add,revenue_only,3,2022-03,1.736445,1.9303459526176845
2021-12,validation,6,HW_Damped_Add,revenue_only,4,2022-04,1.641441,1.939766811937325
2021-12,validation,6,HW_Damped_Add,revenue_only,5,2022-05,1.658904,1.911007073825644
2021-12,validation,6,HW_Damped_Add,revenue_only,6,2022-06,1.489451,1.8392011492587748
2021-12,validation,6,Ridge,revenue_only,1,2022-01,1.822394,1.571415653821551
2021-12,validation,6,Ridge,revenue_only,2,2022-02,1.464984,1.6239194141000777
2021-12,validation,6,Ridge,revenue_only,3,2022-03,1.736445,1.6846316131609982
2021-12,validation,6,Ridge,revenue_only,4,2022-04,1.641441,1.7395623842745849
2021-12,validation,6,Ridge,revenue_only,5,2022-05,1.658904,1.7751478194469394
2021-12,validation,6,Ridge,revenue_only,6,2022-06,1.489451,1.7829155028457602
2021-12,validation,6,GradientBoosting,revenue_only,1,2022-01,1.822394,1.7029941800494273
2021-12,validation,6,GradientBoosting,revenue_only,2,2022-02,1.464984,1.6098775124074982
2021-12,validation,6,GradientBoosting,revenue_only,3,2022-03,1.736445,1.7539354694682254
2021-12,validation,6,GradientBoosting,revenue_only,4,2022-04,1.641441,1.797740609277365
2021-12,validation,6,GradientBoosting,revenue_only,5,2022-05,1.658904,1.8172391717939504
2021-12,validation,6,GradientBoosting,revenue_only,6,2022-06,1.489451,1.8842309134467408
2021-12,validation,6,Ridge,quarterly_expanded,1,2022-01,1.822394,1.5836490288937588
2021-12,validation,6,Ridge,quarterly_expanded,2,2022-02,1.464984,1.633630852509393
2021-12,validation,6,Ridge,quarterly_expanded,3,2022-03,1.736445,1.6919460628629437
2021-12,validation,6,Ridge,quarterly_expanded,4,2022-04,1.641441,1.7457568494955793
2021-12,validation,6,Ridge,quarterly_expanded,5,2022-05,1.658904,1.782423470384215
2021-12,validation,6,Ridge,quarterly_expanded,6,2022-06,1.489451,1.79373270168787
2021-12,validation,6,GradientBoosting,quarterly_expanded,1,2022-01,1.822394,1.6982723459297715
2021-12,validation,6,GradientBoosting,quarterly_expanded,2,2022-02,1.464984,1.5859961238463505
2021-12,validation,6,GradientBoosting,quarterly_expanded,3,2022-03,1.736445,1.7341848670225306
2021-12,validation,6,GradientBoosting,quarterly_expanded,4,2022-04,1.641441,1.767380130094676
2021-12,validation,6,GradientBoosting,quarterly_expanded,5,2022-05,1.658904,1.7859241152369838
2021-12,validation,6,GradientBoosting,quarterly_expanded,6,2022-06,1.489451,1.831463889223171
2021-12,validation,6,Ridge,peer_fx,1,2022-01,1.822394,1.6768868383926123
2021-12,validation,6,Ridge,peer_fx,2,2022-02,1.464984,1.734674899039675
2021-12,validation,6,Ridge,peer_fx,3,2022-03,1.736445,1.8003761539346297
2021-12,validation,6,Ridge,peer_fx,4,2022-04,1.641441,1.8592144477241943
2021-12,validation,6,Ridge,peer_fx,5,2022-05,1.658904,1.8971029173155
2021-12,validation,6,Ridge,peer_fx,6,2022-06,1.489451,1.9055317848543232
2021-12,validation,6,GradientBoosting,peer_fx,1,2022-01,1.822394,1.703153784037262
2021-12,validation,6,GradientBoosting,peer_fx,2,2022-02,1.464984,1.632508149565564
2021-12,validation,6,GradientBoosting,peer_fx,3,2022-03,1.736445,1.800478872648242
2021-12,validation,6,GradientBoosting,peer_fx,4,2022-04,1.641441,1.850906109686555
2021-12,validation,6,GradientBoosting,peer_fx,5,2022-05,1.658904,1.85699440994792
2021-12,validation,6,GradientBoosting,peer_fx,6,2022-06,1.489451,1.899295450337616
2021-12,validation,6,Ridge,all,1,2022-01,1.822394,1.648456816829173
2021-12,validation,6,Ridge,all,2,2022-02,1.464984,1.7006682319741622
2021-12,validation,6,Ridge,all,3,2022-03,1.736445,1.7617884540451558
2021-12,validation,6,Ridge,all,4,2022-04,1.641441,1.818488617816668
2021-12,validation,6,Ridge,all,5,2022-05,1.658904,1.8575617457992104
2021-12,validation,6,Ridge,all,6,2022-06,1.489451,1.87032549971582
2021-12,validation,6,GradientBoosting,all,1,2022-01,1.822394,1.730300106304408
2021-12,validation,6,GradientBoosting,all,2,2022-02,1.464984,1.63863684949583
2021-12,validation,6,GradientBoosting,all,3,2022-03,1.736445,1.819904674700147
2021-12,validation,6,GradientBoosting,all,4,2022-04,1.641441,1.8867874102666828
2021-12,validation,6,GradientBoosting,all,5,2022-05,1.658904,1.8918191176126025
2021-12,validation,6,GradientBoosting,all,6,2022-06,1.489451,1.8999336334023773
2022-03,validation,6,HW_Damped_Add,revenue_only,1,2022-04,1.641441,1.7466667994707794
2022-03,validation,6,HW_Damped_Add,revenue_only,2,2022-05,1.658904,1.718696677221948
2022-03,validation,6,HW_Damped_Add,revenue_only,3,2022-06,1.489451,1.64768761817592
2022-03,validation,6,HW_Damped_Add,revenue_only,4,2022-07,1.541013,1.7278614228648297
2022-03,validation,6,HW_Damped_Add,revenue_only,5,2022-08,1.483968,1.7524068541108035
2022-03,validation,6,HW_Damped_Add,revenue_only,6,2022-09,1.490297,1.677968107200674
2022-03,validation,6,Ridge,revenue_only,1,2022-04,1.641441,1.6645008347538466
2022-03,validation,6,Ridge,revenue_only,2,2022-05,1.658904,1.697495636694613
2022-03,validation,6,Ridge,revenue_only,3,2022-06,1.489451,1.7048637882298894
2022-03,validation,6,Ridge,revenue_only,4,2022-07,1.541013,1.6860962180247725
2022-03,validation,6,Ridge,revenue_only,5,2022-08,1.483968,1.6486713337380354
2022-03,validation,6,Ridge,revenue_only,6,2022-09,1.490297,1.6051522049174898
2022-03,validation,6,GradientBoosting,revenue_only,1,2022-04,1.641441,1.730953019750333
2022-03,validation,6,GradientBoosting,revenue_only,2,2022-05,1.658904,1.8847159632812125
2022-03,validation,6,GradientBoosting,revenue_only,3,2022-06,1.489451,1.8813125633266807
2022-03,validation,6,GradientBoosting,revenue_only,4,2022-07,1.541013,1.8813125633266807
2022-03,validation,6,GradientBoosting,revenue_only,5,2022-08,1.483968,1.825397633190725
2022-03,validation,6,GradientBoosting,revenue_only,6,2022-09,1.490297,1.7467323566996449
2022-03,validation,6,Ridge,quarterly_expanded,1,2022-04,1.641441,1.6857296311362768
2022-03,validation,6,Ridge,quarterly_expanded,2,2022-05,1.658904,1.7202506854009074
2022-03,validation,6,Ridge,quarterly_expanded,3,2022-06,1.489451,1.732572698591987
2022-03,validation,6,Ridge,quarterly_expanded,4,2022-07,1.541013,1.7208715685577654
2022-03,validation,6,Ridge,quarterly_expanded,5,2022-08,1.483968,1.6906091736466553
2022-03,validation,6,Ridge,quarterly_expanded,6,2022-09,1.490297,1.6524650818887343
2022-03,validation,6,GradientBoosting,quarterly_expanded,1,2022-04,1.641441,1.6926189864624
2022-03,validation,6,GradientBoosting,quarterly_expanded,2,2022-05,1.658904,1.8434604218060489
2022-03,validation,6,GradientBoosting,quarterly_expanded,3,2022-06,1.489451,1.826271606455248
2022-03,validation,6,GradientBoosting,quarterly_expanded,4,2022-07,1.541013,1.8434604218060489
2022-03,validation,6,GradientBoosting,quarterly_expanded,5,2022-08,1.483968,1.8320293853202607
2022-03,validation,6,GradientBoosting,quarterly_expanded,6,2022-09,1.490297,1.7808317654168138
2022-03,validation,6,Ridge,peer_fx,1,2022-04,1.641441,1.6765956957264072
2022-03,validation,6,Ridge,peer_fx,2,2022-05,1.658904,1.710287975251211
2022-03,validation,6,Ridge,peer_fx,3,2022-06,1.489451,1.7199324322886085
2022-03,validation,6,Ridge,peer_fx,4,2022-07,1.541013,1.7045946246103791
2022-03,validation,6,Ridge,peer_fx,5,2022-08,1.483968,1.6709425964215667
2022-03,validation,6,Ridge,peer_fx,6,2022-09,1.490297,1.630698490299345
2022-03,validation,6,GradientBoosting,peer_fx,1,2022-04,1.641441,1.7383844043169407
2022-03,validation,6,GradientBoosting,peer_fx,2,2022-05,1.658904,1.8298865378332427
2022-03,validation,6,GradientBoosting,peer_fx,3,2022-06,1.489451,1.8239422524323012
2022-03,validation,6,GradientBoosting,peer_fx,4,2022-07,1.541013,1.838897068249379
2022-03,validation,6,GradientBoosting,peer_fx,5,2022-08,1.483968,1.8272412076488616
2022-03,validation,6,GradientBoosting,peer_fx,6,2022-09,1.490297,1.7202224094610443
2022-03,validation,6,Ridge,all,1,2022-04,1.641441,1.6924361051800405
2022-03,validation,6,Ridge,all,2,2022-05,1.658904,1.7278996744714417
2022-03,validation,6,Ridge,all,3,2022-06,1.489451,1.741859233568882
2022-03,validation,6,Ridge,all,4,2022-07,1.541013,1.732126779709817
2022-03,validation,6,Ridge,all,5,2022-08,1.483968,1.7036899558225174
2022-03,validation,6,Ridge,all,6,2022-09,1.490297,1.6668333738130776
2022-03,validation,6,GradientBoosting,all,1,2022-04,1.641441,1.7262873497648783
2022-03,validation,6,GradientBoosting,all,2,2022-05,1.658904,1.8090449162978972
2022-03,validation,6,GradientBoosting,all,3,2022-06,1.489451,1.7979402962112143
2022-03,validation,6,GradientBoosting,all,4,2022-07,1.541013,1.823204643956379
2022-03,validation,6,GradientBoosting,all,5,2022-08,1.483968,1.8319693502249508
2022-03,validation,6,GradientBoosting,all,6,2022-09,1.490297,1.7786441719203288
2022-06,validation,6,HW_Damped_Add,revenue_only,1,2022-07,1.541013,1.5700620820478357
2022-06,validation,6,HW_Damped_Add,revenue_only,2,2022-08,1.483968,1.5950475108590028
2022-06,validation,6,HW_Damped_Add,revenue_only,3,2022-09,1.490297,1.5210493182594764
2022-06,validation,6,HW_Damped_Add,revenue_only,4,2022-10,1.327315,1.4775915883421489
2022-06,validation,6,HW_Damped_Add,revenue_only,5,2022-11,1.473019,1.5359656033410083
2022-06,validation,6,HW_Damped_Add,revenue_only,6,2022-12,1.342897,1.537241163943505
2022-06,validation,6,Ridge,revenue_only,1,2022-07,1.541013,1.653639911979378
2022-06,validation,6,Ridge,revenue_only,2,2022-08,1.483968,1.6186592737145746
2022-06,validation,6,Ridge,revenue_only,3,2022-09,1.490297,1.5791211088735255
2022-06,validation,6,Ridge,revenue_only,4,2022-10,1.327315,1.5468239433905044
2022-06,validation,6,Ridge,revenue_only,5,2022-11,1.473019,1.531012275181933
2022-06,validation,6,Ridge,revenue_only,6,2022-12,1.342897,1.5366204682695688
2022-06,validation,6,GradientBoosting,revenue_only,1,2022-07,1.541013,1.7201590520934222
2022-06,validation,6,GradientBoosting,revenue_only,2,2022-08,1.483968,1.705512728289627
2022-06,validation,6,GradientBoosting,revenue_only,3,2022-09,1.490297,1.6628928611621951
2022-06,validation,6,GradientBoosting,revenue_only,4,2022-10,1.327315,1.6161374696497257
2022-06,validation,6,GradientBoosting,revenue_only,5,2022-11,1.473019,1.7027303119857855
2022-06,validation,6,GradientBoosting,revenue_only,6,2022-12,1.342897,1.6853494848114523
2022-06,validation,6,Ridge,quarterly_expanded,1,2022-07,1.541013,1.656386669872645
2022-06,validation,6,Ridge,quarterly_expanded,2,2022-08,1.483968,1.628025324857068
2022-06,validation,6,Ridge,quarterly_expanded,3,2022-09,1.490297,1.594056763410971
2022-06,validation,6,Ridge,quarterly_expanded,4,2022-10,1.327315,1.5648348596773265
2022-06,validation,6,Ridge,quarterly_expanded,5,2022-11,1.473019,1.5489364039824298
2022-06,validation,6,Ridge,quarterly_expanded,6,2022-12,1.342897,1.5513598140706026
2022-06,validation,6,GradientBoosting,quarterly_expanded,1,2022-07,1.541013,1.6333216775389263
2022-06,validation,6,GradientBoosting,quarterly_expanded,2,2022-08,1.483968,1.6333216775389263
2022-06,validation,6,GradientBoosting,quarterly_expanded,3,2022-09,1.490297,1.609736921189675
2022-06,validation,6,GradientBoosting,quarterly_expanded,4,2022-10,1.327315,1.5339725240377535
2022-06,validation,6,GradientBoosting,quarterly_expanded,5,2022-11,1.473019,1.6695979859395491
2022-06,validation,6,GradientBoosting,quarterly_expanded,6,2022-12,1.342897,1.6695979859395491
2022-06,validation,6,Ridge,peer_fx,1,2022-07,1.541013,1.557930647402971
2022-06,validation,6,Ridge,peer_fx,2,2022-08,1.483968,1.530008054326135
2022-06,validation,6,Ridge,peer_fx,3,2022-09,1.490297,1.4984596871741092
2022-06,validation,6,Ridge,peer_fx,4,2022-10,1.327315,1.4728328029102489
2022-06,validation,6,Ridge,peer_fx,5,2022-11,1.473019,1.460672830281231
2022-06,validation,6,Ridge,peer_fx,6,2022-12,1.342897,1.4660035799594775
2022-06,validation,6,GradientBoosting,peer_fx,1,2022-07,1.541013,1.5256462666486246
2022-06,validation,6,GradientBoosting,peer_fx,2,2022-08,1.483968,1.5087934308614226
2022-06,validation,6,GradientBoosting,peer_fx,3,2022-09,1.490297,1.458052741613126
2022-06,validation,6,GradientBoosting,peer_fx,4,2022-10,1.327315,1.376059273559899
2022-06,validation,6,GradientBoosting,peer_fx,5,2022-11,1.473019,1.430701742483533
2022-06,validation,6,GradientBoosting,peer_fx,6,2022-12,1.342897,1.430701742483533
2022-06,validation,6,Ridge,all,1,2022-07,1.541013,1.6163521939352812
2022-06,validation,6,Ridge,all,2,2022-08,1.483968,1.5908176192446757
2022-06,validation,6,Ridge,all,3,2022-09,1.490297,1.559774408424811
2022-06,validation,6,Ridge,all,4,2022-10,1.327315,1.53274150506695
2022-06,validation,6,Ridge,all,5,2022-11,1.473019,1.517720270288005
2022-06,validation,6,Ridge,all,6,2022-12,1.342897,1.5194687211870546
2022-06,validation,6,GradientBoosting,all,1,2022-07,1.541013,1.507335433633784
2022-06,validation,6,GradientBoosting,all,2,2022-08,1.483968,1.505850693758962
2022-06,validation,6,GradientBoosting,all,3,2022-09,1.490297,1.4824881830077346
2022-06,validation,6,GradientBoosting,all,4,2022-10,1.327315,1.4215982746392228
2022-06,validation,6,GradientBoosting,all,5,2022-11,1.473019,1.4897303296249855
2022-06,validation,6,GradientBoosting,all,6,2022-12,1.342897,1.4902592050823245
2022-09,validation,6,HW_Damped_Add,revenue_only,1,2022-10,1.327315,1.4467161555803474
2022-09,validation,6,HW_Damped_Add,revenue_only,2,2022-11,1.473019,1.5049715912476944
2022-09,validation,6,HW_Damped_Add,revenue_only,3,2022-12,1.342897,1.5061296533189217
2022-09,validation,6,HW_Damped_Add,revenue_only,4,2023-01,1.083168,1.5470100014237995
2022-09,validation,6,HW_Damped_Add,revenue_only,5,2023-02,1.255319,1.3364618087549267
2022-09,validation,6,HW_Damped_Add,revenue_only,6,2023-03,1.314268,1.5993775004371922
2022-09,validation,6,Ridge,revenue_only,1,2022-10,1.327315,1.608166164496892
2022-09,validation,6,Ridge,revenue_only,2,2022-11,1.473019,1.5957600315079212
2022-09,validation,6,Ridge,revenue_only,3,2022-12,1.342897,1.606455845485482
2022-09,validation,6,Ridge,revenue_only,4,2023-01,1.083168,1.6390137482676654
2022-09,validation,6,Ridge,revenue_only,5,2023-02,1.255319,1.6869397034303482
2022-09,validation,6,Ridge,revenue_only,6,2023-03,1.314268,1.7393668790992278
2022-09,validation,6,GradientBoosting,revenue_only,1,2022-10,1.327315,1.4784216252244344
2022-09,validation,6,GradientBoosting,revenue_only,2,2022-11,1.473019,1.5867981084237874
2022-09,validation,6,GradientBoosting,revenue_only,3,2022-12,1.342897,1.5867981084237874
2022-09,validation,6,GradientBoosting,revenue_only,4,2023-01,1.083168,1.5867981084237874
2022-09,validation,6,GradientBoosting,revenue_only,5,2023-02,1.255319,1.480895927962682
2022-09,validation,6,GradientBoosting,revenue_only,6,2023-03,1.314268,1.606785703947943
2022-09,validation,6,Ridge,quarterly_expanded,1,2022-10,1.327315,1.6153618042549145
2022-09,validation,6,Ridge,quarterly_expanded,2,2022-11,1.473019,1.5999711342279244
2022-09,validation,6,Ridge,quarterly_expanded,3,2022-12,1.342897,1.604405116406749
2022-09,validation,6,Ridge,quarterly_expanded,4,2023-01,1.083168,1.6286613557791152
2022-09,validation,6,Ridge,quarterly_expanded,5,2023-02,1.255319,1.6679906209199686
2022-09,validation,6,Ridge,quarterly_expanded,6,2023-03,1.314268,1.713575025562353
2022-09,validation,6,GradientBoosting,quarterly_expanded,1,2022-10,1.327315,1.469429948211658
2022-09,validation,6,GradientBoosting,quarterly_expanded,2,2022-11,1.473019,1.5710326143537756
2022-09,validation,6,GradientBoosting,quarterly_expanded,3,2022-12,1.342897,1.5710326143537756
2022-09,validation,6,GradientBoosting,quarterly_expanded,4,2023-01,1.083168,1.5681304854548357
2022-09,validation,6,GradientBoosting,quarterly_expanded,5,2023-02,1.255319,1.4236138319132792
2022-09,validation,6,GradientBoosting,quarterly_expanded,6,2023-03,1.314268,1.5862658222251544
2022-09,validation,6,Ridge,peer_fx,1,2022-10,1.327315,1.4266182985270677
2022-09,validation,6,Ridge,peer_fx,2,2022-11,1.473019,1.415292022803049
2022-09,validation,6,Ridge,peer_fx,3,2022-12,1.342897,1.4208378415370564
2022-09,validation,6,Ridge,peer_fx,4,2023-01,1.083168,1.442650457662189
2022-09,validation,6,Ridge,peer_fx,5,2023-02,1.255319,1.4761687648361506
2022-09,validation,6,Ridge,peer_fx,6,2023-03,1.314268,1.5135943225652495
2022-09,validation,6,GradientBoosting,peer_fx,1,2022-10,1.327315,1.3824199958729808
2022-09,validation,6,GradientBoosting,peer_fx,2,2022-11,1.473019,1.4304166624315997
2022-09,validation,6,GradientBoosting,peer_fx,3,2022-12,1.342897,1.4304166624315997
2022-09,validation,6,GradientBoosting,peer_fx,4,2023-01,1.083168,1.4451331760327069
2022-09,validation,6,GradientBoosting,peer_fx,5,2023-02,1.255319,1.3404866484793725
2022-09,validation,6,GradientBoosting,peer_fx,6,2023-03,1.314268,1.553122088807462
2022-09,validation,6,Ridge,all,1,2022-10,1.327315,1.5232964603286716
2022-09,validation,6,Ridge,all,2,2022-11,1.473019,1.5095439051617046
2022-09,validation,6,Ridge,all,3,2022-12,1.342897,1.512863261922953
2022-09,validation,6,Ridge,all,4,2023-01,1.083168,1.5332998436931389
2022-09,validation,6,Ridge,all,5,2023-02,1.255319,1.5667619713239098
2022-09,validation,6,Ridge,all,6,2023-03,1.314268,1.6056529235165804
2022-09,validation,6,GradientBoosting,all,1,2022-10,1.327315,1.4020680589894947
2022-09,validation,6,GradientBoosting,all,2,2022-11,1.473019,1.4535368757702447
2022-09,validation,6,GradientBoosting,all,3,2022-12,1.342897,1.4535368757702447
2022-09,validation,6,GradientBoosting,all,4,2023-01,1.083168,1.4579109577571554
2022-09,validation,6,GradientBoosting,all,5,2023-02,1.255319,1.3485005564652917
2022-09,validation,6,GradientBoosting,all,6,2023-03,1.314268,1.5774120989554674
2022-12,validation,6,HW_Damped_Add,revenue_only,1,2023-01,1.083168,1.3839648940016898
2022-12,validation,6,HW_Damped_Add,revenue_only,2,2023-02,1.255319,1.173460477551296
2022-12,validation,6,HW_Damped_Add,revenue_only,3,2023-03,1.314268,1.436437720679349
2022-12,validation,6,HW_Damped_Add,revenue_only,4,2023-04,1.202371,1.4362284132704737
2022-12,validation,6,HW_Damped_Add,revenue_only,5,2023-05,1.347897,1.4129126101721752
2022-12,validation,6,HW_Damped_Add,revenue_only,6,2023-06,1.206388,1.3321903154900754
2022-12,validation,6,Ridge,revenue_only,1,2023-01,1.083168,1.624726268127047
2022-12,validation,6,Ridge,revenue_only,2,2023-02,1.255319,1.68020846527262
2022-12,validation,6,Ridge,revenue_only,3,2023-03,1.314268,1.7411818644407435
2022-12,validation,6,Ridge,revenue_only,4,2023-04,1.202371,1.7923455738603824
2022-12,validation,6,Ridge,revenue_only,5,2023-05,1.347897,1.820005094454411
2022-12,validation,6,Ridge,revenue_only,6,2023-06,1.206388,1.8170269538869777
2022-12,validation,6,GradientBoosting,revenue_only,1,2023-01,1.083168,1.4452464346784957
2022-12,validation,6,GradientBoosting,revenue_only,2,2023-02,1.255319,1.360467386901289
2022-12,validation,6,GradientBoosting,revenue_only,3,2023-03,1.314268,1.558882432961034
2022-12,validation,6,GradientBoosting,revenue_only,4,2023-04,1.202371,1.5638313309729053
2022-12,validation,6,GradientBoosting,revenue_only,5,2023-05,1.347897,1.5638313309729053
2022-12,validation,6,GradientBoosting,revenue_only,6,2023-06,1.206388,1.5407975115446622
2022-12,validation,6,Ridge,quarterly_expanded,1,2023-01,1.083168,1.465380825477098
2022-12,validation,6,Ridge,quarterly_expanded,2,2023-02,1.255319,1.502469265655768
2022-12,validation,6,Ridge,quarterly_expanded,3,2023-03,1.314268,1.5469184919667067
2022-12,validation,6,Ridge,quarterly_expanded,4,2023-04,1.202371,1.5877132731637824
2022-12,validation,6,Ridge,quarterly_expanded,5,2023-05,1.347897,1.6140584447373685
2022-12,validation,6,Ridge,quarterly_expanded,6,2023-06,1.206388,1.6189099382255077
2022-12,validation,6,GradientBoosting,quarterly_expanded,1,2023-01,1.083168,1.4546890265118635
2022-12,validation,6,GradientBoosting,quarterly_expanded,2,2023-02,1.255319,1.3800208757610692
2022-12,validation,6,GradientBoosting,quarterly_expanded,3,2023-03,1.314268,1.579413355062565
2022-12,validation,6,GradientBoosting,quarterly_expanded,4,2023-04,1.202371,1.571915092404747
2022-12,validation,6,GradientBoosting,quarterly_expanded,5,2023-05,1.347897,1.573145401712784
2022-12,validation,6,GradientBoosting,quarterly_expanded,6,2023-06,1.206388,1.5349263835338371
2022-12,validation,6,Ridge,peer_fx,1,2023-01,1.083168,1.447851317478691
2022-12,validation,6,Ridge,peer_fx,2,2023-02,1.255319,1.481957889859762
2022-12,validation,6,Ridge,peer_fx,3,2023-03,1.314268,1.5199700178408435
2022-12,validation,6,Ridge,peer_fx,4,2023-04,1.202371,1.5521200272206088
2022-12,validation,6,Ridge,peer_fx,5,2023-05,1.347897,1.569719495195361
2022-12,validation,6,Ridge,peer_fx,6,2023-06,1.206388,1.5680657450501057
2022-12,validation,6,GradientBoosting,peer_fx,1,2023-01,1.083168,1.446842870730411
2022-12,validation,6,GradientBoosting,peer_fx,2,2023-02,1.255319,1.3332331594923956
2022-12,validation,6,GradientBoosting,peer_fx,3,2023-03,1.314268,1.5499877873902013
2022-12,validation,6,GradientBoosting,peer_fx,4,2023-04,1.202371,1.5708256663733502
2022-12,validation,6,GradientBoosting,peer_fx,5,2023-05,1.347897,1.5708256663733502
2022-12,validation,6,GradientBoosting,peer_fx,6,2023-06,1.206388,1.5309518643856506
2022-12,validation,6,Ridge,all,1,2023-01,1.083168,1.4546865431707945
2022-12,validation,6,Ridge,all,2,2023-02,1.255319,1.4867022686509683
2022-12,validation,6,Ridge,all,3,2023-03,1.314268,1.5244619751981383
2022-12,validation,6,Ridge,all,4,2023-04,1.202371,1.5584871456854992
2022-12,validation,6,Ridge,all,5,2023-05,1.347897,1.5797553993417393
2022-12,validation,6,Ridge,all,6,2023-06,1.206388,1.5826097605056404
2022-12,validation,6,GradientBoosting,all,1,2023-01,1.083168,1.433215358483944
2022-12,validation,6,GradientBoosting,all,2,2023-02,1.255319,1.3360443587521484
2022-12,validation,6,GradientBoosting,all,3,2023-03,1.314268,1.5686317232084628
2022-12,validation,6,GradientBoosting,all,4,2023-04,1.202371,1.5793254917156934
2022-12,validation,6,GradientBoosting,all,5,2023-05,1.347897,1.5861975786787843
2022-12,validation,6,GradientBoosting,all,6,2023-06,1.206388,1.540596588769465
2023-03,validation,6,HW_Damped_Add,revenue_only,1,2023-04,1.202371,1.3438539884910126
2023-03,validation,6,HW_Damped_Add,revenue_only,2,2023-05,1.347897,1.321033369326941
2023-03,validation,6,HW_Damped_Add,revenue_only,3,2023-06,1.206388,1.2408096944737528
2023-03,validation,6,HW_Damped_Add,revenue_only,4,2023-07,1.296055,1.3187722597998257
2023-03,validation,6,HW_Damped_Add,revenue_only,5,2023-08,1.382764,1.3358302671452214
2023-03,validation,6,HW_Damped_Add,revenue_only,6,2023-09,1.499206,1.2701629033104136
2023-03,validation,6,Ridge,revenue_only,1,2023-04,1.202371,1.6303827323058504
2023-03,validation,6,Ridge,revenue_only,2,2023-05,1.347897,1.6686267684743892
2023-03,validation,6,Ridge,revenue_only,3,2023-06,1.206388,1.679180447209624
2023-03,validation,6,Ridge,revenue_only,4,2023-07,1.296055,1.65961870653816
2023-03,validation,6,Ridge,revenue_only,5,2023-08,1.382764,1.616938965449495
2023-03,validation,6,Ridge,revenue_only,6,2023-09,1.499206,1.5646708962196396
2023-03,validation,6,GradientBoosting,revenue_only,1,2023-04,1.202371,1.471536416730587
2023-03,validation,6,GradientBoosting,revenue_only,2,2023-05,1.347897,1.4623878130370962
2023-03,validation,6,GradientBoosting,revenue_only,3,2023-06,1.206388,1.5092489789847807
2023-03,validation,6,GradientBoosting,revenue_only,4,2023-07,1.296055,1.522320129941859
2023-03,validation,6,GradientBoosting,revenue_only,5,2023-08,1.382764,1.5107821345736387
2023-03,validation,6,GradientBoosting,revenue_only,6,2023-09,1.499206,1.4687939200875595
2023-03,validation,6,Ridge,quarterly_expanded,1,2023-04,1.202371,1.3594717850312743
2023-03,validation,6,Ridge,quarterly_expanded,2,2023-05,1.347897,1.3856795096151064
2023-03,validation,6,Ridge,quarterly_expanded,3,2023-06,1.206388,1.3949938281895111
2023-03,validation,6,Ridge,quarterly_expanded,4,2023-07,1.296055,1.3846255123341826
2023-03,validation,6,Ridge,quarterly_expanded,5,2023-08,1.382764,1.3577641003905796
2023-03,validation,6,Ridge,quarterly_expanded,6,2023-09,1.499206,1.3223341982414565
2023-03,validation,6,GradientBoosting,quarterly_expanded,1,2023-04,1.202371,1.4149603200177914
2023-03,validation,6,GradientBoosting,quarterly_expanded,2,2023-05,1.347897,1.4149603200177914
2023-03,validation,6,GradientBoosting,quarterly_expanded,3,2023-06,1.206388,1.3917431500342508
2023-03,validation,6,GradientBoosting,quarterly_expanded,4,2023-07,1.296055,1.458856435024161
2023-03,validation,6,GradientBoosting,quarterly_expanded,5,2023-08,1.382764,1.458856435024161
2023-03,validation,6,GradientBoosting,quarterly_expanded,6,2023-09,1.499206,1.422313904775831
2023-03,validation,6,Ridge,peer_fx,1,2023-04,1.202371,1.428371360728213
2023-03,validation,6,Ridge,peer_fx,2,2023-05,1.347897,1.448211207539552
2023-03,validation,6,Ridge,peer_fx,3,2023-06,1.206388,1.4511654888655203
2023-03,validation,6,Ridge,peer_fx,4,2023-07,1.296055,1.4363738354011195
2023-03,validation,6,Ridge,peer_fx,5,2023-08,1.382764,1.4082642302585515
2023-03,validation,6,Ridge,peer_fx,6,2023-09,1.499206,1.374912982379977
2023-03,validation,6,GradientBoosting,peer_fx,1,2023-04,1.202371,1.4676975190031911
2023-03,validation,6,GradientBoosting,peer_fx,2,2023-05,1.347897,1.4619693730736183
2023-03,validation,6,GradientBoosting,peer_fx,3,2023-06,1.206388,1.4175343975670798
2023-03,validation,6,GradientBoosting,peer_fx,4,2023-07,1.296055,1.4531466356649163
2023-03,validation,6,GradientBoosting,peer_fx,5,2023-08,1.382764,1.451526583162312
2023-03,validation,6,GradientBoosting,peer_fx,6,2023-09,1.499206,1.4113571041259485
2023-03,validation,6,Ridge,all,1,2023-04,1.202371,1.3587125108625349
2023-03,validation,6,Ridge,all,2,2023-05,1.347897,1.3797232520904712
2023-03,validation,6,Ridge,all,3,2023-06,1.206388,1.3861128828131106
2023-03,validation,6,Ridge,all,4,2023-07,1.296055,1.3759009852849204
2023-03,validation,6,Ridge,all,5,2023-08,1.382764,1.352059033977635
2023-03,validation,6,Ridge,all,6,2023-09,1.499206,1.321403918824229
2023-03,validation,6,GradientBoosting,all,1,2023-04,1.202371,1.4378975333000632
2023-03,validation,6,GradientBoosting,all,2,2023-05,1.347897,1.4378975333000632
2023-03,validation,6,GradientBoosting,all,3,2023-06,1.206388,1.3853371325507255
2023-03,validation,6,GradientBoosting,all,4,2023-07,1.296055,1.4541570394183103
2023-03,validation,6,GradientBoosting,all,5,2023-08,1.382764,1.473690841969142
2023-03,validation,6,GradientBoosting,all,6,2023-09,1.499206,1.4381494050882304
2023-06,validation,6,HW_Damped_Add,revenue_only,1,2023-07,1.296055,1.2913899799712307
2023-06,validation,6,HW_Damped_Add,revenue_only,2,2023-08,1.382764,1.3085719008305885
2023-06,validation,6,HW_Damped_Add,revenue_only,3,2023-09,1.499206,1.2430228270545194
2023-06,validation,6,HW_Damped_Add,revenue_only,4,2023-10,1.40599,1.188058934938514
2023-06,validation,6,HW_Damped_Add,revenue_only,5,2023-11,1.574501,1.255629008559517
2023-06,validation,6,HW_Damped_Add,revenue_only,6,2023-12,1.434115,1.244248243428843
2023-06,validation,6,Ridge,revenue_only,1,2023-07,1.296055,1.4748101704077572
2023-06,validation,6,Ridge,revenue_only,2,2023-08,1.382764,1.4423559216488702
2023-06,validation,6,Ridge,revenue_only,3,2023-09,1.499206,1.403357116546768
2023-06,validation,6,Ridge,revenue_only,4,2023-10,1.40599,1.368623526417165
2023-06,validation,6,Ridge,revenue_only,5,2023-11,1.574501,1.3471225977915473
2023-06,validation,6,Ridge,revenue_only,6,2023-12,1.434115,1.3441603603711147
2023-06,validation,6,GradientBoosting,revenue_only,1,2023-07,1.296055,1.380138387323861
2023-06,validation,6,GradientBoosting,revenue_only,2,2023-08,1.382764,1.377380961813043
2023-06,validation,6,GradientBoosting,revenue_only,3,2023-09,1.499206,1.37901803668263
2023-06,validation,6,GradientBoosting,revenue_only,4,2023-10,1.40599,1.3401638099434583
2023-06,validation,6,GradientBoosting,revenue_only,5,2023-11,1.574501,1.3816451741980624
2023-06,validation,6,GradientBoosting,revenue_only,6,2023-12,1.434115,1.313299126307252
2023-06,validation,6,Ridge,quarterly_expanded,1,2023-07,1.296055,1.3154866656627042
2023-06,validation,6,Ridge,quarterly_expanded,2,2023-08,1.382764,1.2922266737205028
2023-06,validation,6,Ridge,quarterly_expanded,3,2023-09,1.499206,1.2615130550947262
2023-06,validation,6,Ridge,quarterly_expanded,4,2023-10,1.40599,1.2315795205047966
2023-06,validation,6,Ridge,quarterly_expanded,5,2023-11,1.574501,1.209937567476766
2023-06,validation,6,Ridge,quarterly_expanded,6,2023-12,1.434115,1.2016388029406004
2023-06,validation,6,GradientBoosting,quarterly_expanded,1,2023-07,1.296055,1.3145824988128008
2023-06,validation,6,GradientBoosting,quarterly_expanded,2,2023-08,1.382764,1.306804261114637
2023-06,validation,6,GradientBoosting,quarterly_expanded,3,2023-09,1.499206,1.2946667997262682
2023-06,validation,6,GradientBoosting,quarterly_expanded,4,2023-10,1.40599,1.270062765619774
2023-06,validation,6,GradientBoosting,quarterly_expanded,5,2023-11,1.574501,1.3031060601121909
2023-06,validation,6,GradientBoosting,quarterly_expanded,6,2023-12,1.434115,1.2776653588168292
2023-06,validation,6,Ridge,peer_fx,1,2023-07,1.296055,1.3359032250248375
2023-06,validation,6,Ridge,peer_fx,2,2023-08,1.382764,1.31283810272877
2023-06,validation,6,Ridge,peer_fx,3,2023-09,1.499206,1.2856980712770114
2023-06,validation,6,Ridge,peer_fx,4,2023-10,1.40599,1.2616458029812536
2023-06,validation,6,Ridge,peer_fx,5,2023-11,1.574501,1.24667210439184
2023-06,validation,6,Ridge,peer_fx,6,2023-12,1.434115,1.2442878326653324
2023-06,validation,6,GradientBoosting,peer_fx,1,2023-07,1.296055,1.315737112983537
2023-06,validation,6,GradientBoosting,peer_fx,2,2023-08,1.382764,1.315737112983537
2023-06,validation,6,GradientBoosting,peer_fx,3,2023-09,1.499206,1.3082547422298856
2023-06,validation,6,GradientBoosting,peer_fx,4,2023-10,1.40599,1.2436055161872088
2023-06,validation,6,GradientBoosting,peer_fx,5,2023-11,1.574501,1.2843124305852611
2023-06,validation,6,GradientBoosting,peer_fx,6,2023-12,1.434115,1.284453795546551
2023-06,validation,6,Ridge,all,1,2023-07,1.296055,1.2858891151874836
2023-06,validation,6,Ridge,all,2,2023-08,1.382764,1.264974336361584
2023-06,validation,6,Ridge,all,3,2023-09,1.499206,1.238236099775745
2023-06,validation,6,Ridge,all,4,2023-10,1.40599,1.2127069123619156
2023-06,validation,6,Ridge,all,5,2023-11,1.574501,1.19471462864802
2023-06,validation,6,Ridge,all,6,2023-12,1.434115,1.188417058790601
2023-06,validation,6,GradientBoosting,all,1,2023-07,1.296055,1.3294342406871322
2023-06,validation,6,GradientBoosting,all,2,2023-08,1.382764,1.3321453268650063
2023-06,validation,6,GradientBoosting,all,3,2023-09,1.499206,1.325372455353072
2023-06,validation,6,GradientBoosting,all,4,2023-10,1.40599,1.2807314733090451
2023-06,validation,6,GradientBoosting,all,5,2023-11,1.574501,1.310119431360856
2023-06,validation,6,GradientBoosting,all,6,2023-12,1.434115,1.2820483629794104
2023-09,validation,6,HW_Damped_Add,revenue_only,1,2023-10,1.40599,1.4017915144104132
2023-09,validation,6,HW_Damped_Add,revenue_only,2,2023-11,1.574501,1.46867074491036
2023-09,validation,6,HW_Damped_Add,revenue_only,3,2023-12,1.434115,1.456583678111513
2023-09,validation,6,HW_Damped_Add,revenue_only,4,2024-01,1.496705,1.468074487859851
2023-09,validation,6,HW_Damped_Add,revenue_only,5,2024-02,1.185857,1.292181666287184
2023-09,validation,6,HW_Damped_Add,revenue_only,6,2024-03,1.750773,1.5364259832996852
2023-09,validation,6,Ridge,revenue_only,1,2023-10,1.40599,1.497712513083142
2023-09,validation,6,Ridge,revenue_only,2,2023-11,1.574501,1.4763417478447134
2023-09,validation,6,Ridge,revenue_only,3,2023-12,1.434115,1.4745873719308773
2023-09,validation,6,Ridge,revenue_only,4,2024-01,1.496705,1.49324183333184
2023-09,validation,6,Ridge,revenue_only,5,2024-02,1.185857,1.528323897344578
2023-09,validation,6,Ridge,revenue_only,6,2024-03,1.750773,1.5715797939471885
2023-09,validation,6,GradientBoosting,revenue_only,1,2023-10,1.40599,1.3487728934941596
2023-09,validation,6,GradientBoosting,revenue_only,2,2023-11,1.574501,1.3731438040858115
2023-09,validation,6,GradientBoosting,revenue_only,3,2023-12,1.434115,1.316732051053128
2023-09,validation,6,GradientBoosting,revenue_only,4,2024-01,1.496705,1.316732051053128
2023-09,validation,6,GradientBoosting,revenue_only,5,2024-02,1.185857,1.2376079108516465
2023-09,validation,6,GradientBoosting,revenue_only,6,2024-03,1.750773,1.3751521476065929
2023-09,validation,6,Ridge,quarterly_expanded,1,2023-10,1.40599,1.5458418197690995
2023-09,validation,6,Ridge,quarterly_expanded,2,2023-11,1.574501,1.519227899700257
2023-09,validation,6,Ridge,quarterly_expanded,3,2023-12,1.434115,1.5080564997523778
2023-09,validation,6,Ridge,quarterly_expanded,4,2024-01,1.496705,1.5151626534344
2023-09,validation,6,Ridge,quarterly_expanded,5,2024-02,1.185857,1.5390477359942267
2023-09,validation,6,Ridge,quarterly_expanded,6,2024-03,1.750773,1.5740816846811754
2023-09,validation,6,GradientBoosting,quarterly_expanded,1,2023-10,1.40599,1.4276380501396606
2023-09,validation,6,GradientBoosting,quarterly_expanded,2,2023-11,1.574501,1.4659818864296492
2023-09,validation,6,GradientBoosting,quarterly_expanded,3,2023-12,1.434115,1.4632717911791957
2023-09,validation,6,GradientBoosting,quarterly_expanded,4,2024-01,1.496705,1.4632717911791957
2023-09,validation,6,GradientBoosting,quarterly_expanded,5,2024-02,1.185857,1.378101444598609
2023-09,validation,6,GradientBoosting,quarterly_expanded,6,2024-03,1.750773,1.4832217092320037
2023-09,validation,6,Ridge,peer_fx,1,2023-10,1.40599,1.435785404370985
2023-09,validation,6,Ridge,peer_fx,2,2023-11,1.574501,1.4191390266096724
2023-09,validation,6,Ridge,peer_fx,3,2023-12,1.434115,1.415694092822999
2023-09,validation,6,Ridge,peer_fx,4,2024-01,1.496705,1.426490149217317
2023-09,validation,6,Ridge,peer_fx,5,2024-02,1.185857,1.44911196052219
2023-09,validation,6,Ridge,peer_fx,6,2024-03,1.750773,1.4780902692026423
2023-09,validation,6,GradientBoosting,peer_fx,1,2023-10,1.40599,1.473416227260531
2023-09,validation,6,GradientBoosting,peer_fx,2,2023-11,1.574501,1.5241680006033451
2023-09,validation,6,GradientBoosting,peer_fx,3,2023-12,1.434115,1.520290645204411
2023-09,validation,6,GradientBoosting,peer_fx,4,2024-01,1.496705,1.520290645204411
2023-09,validation,6,GradientBoosting,peer_fx,5,2024-02,1.185857,1.429815511454332
2023-09,validation,6,GradientBoosting,peer_fx,6,2024-03,1.750773,1.6014935991296728
2023-09,validation,6,Ridge,all,1,2023-10,1.40599,1.3912717538027248
2023-09,validation,6,Ridge,all,2,2023-11,1.574501,1.3712742438922598
2023-09,validation,6,Ridge,all,3,2023-12,1.434115,1.3631809373327264
2023-09,validation,6,Ridge,all,4,2024-01,1.496705,1.369090288620188
2023-09,validation,6,Ridge,all,5,2024-02,1.185857,1.3877154648062646
2023-09,validation,6,Ridge,all,6,2024-03,1.750773,1.4145875143578015
2023-09,validation,6,GradientBoosting,all,1,2023-10,1.40599,1.4916239995937643
2023-09,validation,6,GradientBoosting,all,2,2023-11,1.574501,1.5384465346119676
2023-09,validation,6,GradientBoosting,all,3,2023-12,1.434115,1.5439287557082826
2023-09,validation,6,GradientBoosting,all,4,2024-01,1.496705,1.5459300051142943
2023-09,validation,6,GradientBoosting,all,5,2024-02,1.185857,1.4688541494869047
2023-09,validation,6,GradientBoosting,all,6,2024-03,1.750773,1.6022272126373542
2023-12,holdout,6,HW_Damped_Add,revenue_only,1,2024-01,1.496705,1.468555533267855
2023-12,holdout,6,HW_Damped_Add,revenue_only,2,2024-02,1.185857,1.2926677993502151
2023-12,holdout,6,HW_Damped_Add,revenue_only,3,2024-03,1.750773,1.5369191505044846
2023-12,holdout,6,HW_Damped_Add,revenue_only,4,2024-04,1.822102,1.526368291597343
2023-12,holdout,6,HW_Damped_Add,revenue_only,5,2024-05,1.940296,1.518205032330563
2023-12,holdout,6,HW_Damped_Add,revenue_only,6,2024-06,1.942367,1.431756202467942
2023-12,holdout,6,Ridge,revenue_only,1,2024-01,1.496705,1.5346197476391308
2023-12,holdout,6,Ridge,revenue_only,2,2024-02,1.185857,1.5702291684911045
2023-12,holdout,6,Ridge,revenue_only,3,2024-03,1.750773,1.6141087730216248
2023-12,holdout,6,Ridge,revenue_only,4,2024-04,1.822102,1.655552220412658
2023-12,holdout,6,Ridge,revenue_only,5,2024-05,1.940296,1.6837719532262714
2023-12,holdout,6,Ridge,revenue_only,6,2024-06,1.942367,1.6913256080827344
2023-12,holdout,6,GradientBoosting,revenue_only,1,2024-01,1.496705,1.4313747105019037
2023-12,holdout,6,GradientBoosting,revenue_only,2,2024-02,1.185857,1.3544444210158595
2023-12,holdout,6,GradientBoosting,revenue_only,3,2024-03,1.750773,1.469760659122077
2023-12,holdout,6,GradientBoosting,revenue_only,4,2024-04,1.822102,1.44898135033806
2023-12,holdout,6,GradientBoosting,revenue_only,5,2024-05,1.940296,1.4501620710202372
2023-12,holdout,6,GradientBoosting,revenue_only,6,2024-06,1.942367,1.442261007478444
2023-12,holdout,6,Ridge,quarterly_expanded,1,2024-01,1.496705,1.5113454134211912
2023-12,holdout,6,Ridge,quarterly_expanded,2,2024-02,1.185857,1.5368215161634258
2023-12,holdout,6,Ridge,quarterly_expanded,3,2024-03,1.750773,1.5726523826845038
2023-12,holdout,6,Ridge,quarterly_expanded,4,2024-04,1.822102,1.6104458557601795
2023-12,holdout,6,Ridge,quarterly_expanded,5,2024-05,1.940296,1.6407280612079136
2023-12,holdout,6,Ridge,quarterly_expanded,6,2024-06,1.942367,1.6556662623990148
2023-12,holdout,6,GradientBoosting,quarterly_expanded,1,2024-01,1.496705,1.4362690727650544
2023-12,holdout,6,GradientBoosting,quarterly_expanded,2,2024-02,1.185857,1.359373820359505
2023-12,holdout,6,GradientBoosting,quarterly_expanded,3,2024-03,1.750773,1.4594225889916117
2023-12,holdout,6,GradientBoosting,quarterly_expanded,4,2024-04,1.822102,1.444518292164757
2023-12,holdout,6,GradientBoosting,quarterly_expanded,5,2024-05,1.940296,1.4469059208232606
2023-12,holdout,6,GradientBoosting,quarterly_expanded,6,2024-06,1.942367,1.3951992903456942
2023-12,holdout,6,Ridge,peer_fx,1,2024-01,1.496705,1.5187222025192924
2023-12,holdout,6,Ridge,peer_fx,2,2024-02,1.185857,1.5423653023032011
2023-12,holdout,6,Ridge,peer_fx,3,2024-03,1.750773,1.5723640630548426
2023-12,holdout,6,Ridge,peer_fx,4,2024-04,1.822102,1.601503540533274
2023-12,holdout,6,Ridge,peer_fx,5,2024-05,1.940296,1.6224390384784406
2023-12,holdout,6,Ridge,peer_fx,6,2024-06,1.942367,1.6298843833354226
2023-12,holdout,6,GradientBoosting,peer_fx,1,2024-01,1.496705,1.5223825358061716
2023-12,holdout,6,GradientBoosting,peer_fx,2,2024-02,1.185857,1.3916168657504424
2023-12,holdout,6,GradientBoosting,peer_fx,3,2024-03,1.750773,1.5143946493259708
2023-12,holdout,6,GradientBoosting,peer_fx,4,2024-04,1.822102,1.5073463518675343
2023-12,holdout,6,GradientBoosting,peer_fx,5,2024-05,1.940296,1.5463500056959447
2023-12,holdout,6,GradientBoosting,peer_fx,6,2024-06,1.942367,1.477151911825472
2023-12,holdout,6,Ridge,all,1,2024-01,1.496705,1.490234190790443
2023-12,holdout,6,Ridge,all,2,2024-02,1.185857,1.5100136787133125
2023-12,holdout,6,Ridge,all,3,2024-03,1.750773,1.5378346219928636
2023-12,holdout,6,Ridge,all,4,2024-04,1.822102,1.5671136301975104
2023-12,holdout,6,Ridge,all,5,2024-05,1.940296,1.590533862341799
2023-12,holdout,6,Ridge,all,6,2024-06,1.942367,1.60211945501643
2023-12,holdout,6,GradientBoosting,all,1,2024-01,1.496705,1.5144607802154737
2023-12,holdout,6,GradientBoosting,all,2,2024-02,1.185857,1.408591757372284
2023-12,holdout,6,GradientBoosting,all,3,2024-03,1.750773,1.5081029057956865
2023-12,holdout,6,GradientBoosting,all,4,2024-04,1.822102,1.4767902210818562
2023-12,holdout,6,GradientBoosting,all,5,2024-05,1.940296,1.5186626397910576
2023-12,holdout,6,GradientBoosting,all,6,2024-06,1.942367,1.4391350128743403
2024-03,holdout,6,HW_Damped_Add,revenue_only,1,2024-04,1.822102,1.6688502918210713
2024-03,holdout,6,HW_Damped_Add,revenue_only,2,2024-05,1.940296,1.6608474197186176
2024-03,holdout,6,HW_Damped_Add,revenue_only,3,2024-06,1.942367,1.5745463788487457
2024-03,holdout,6,HW_Damped_Add,revenue_only,4,2024-07,2.140634,1.6530472790995656
2024-03,holdout,6,HW_Damped_Add,revenue_only,5,2024-08,2.211638,1.6758937005128132
2024-03,holdout,6,HW_Damped_Add,revenue_only,6,2024-09,2.269814,1.6262187445219751
2024-03,holdout,6,Ridge,revenue_only,1,2024-04,1.822102,1.6826993925812284
2024-03,holdout,6,Ridge,revenue_only,2,2024-05,1.940296,1.715145044676647
2024-03,holdout,6,Ridge,revenue_only,3,2024-06,1.942367,1.7267323085786008
2024-03,holdout,6,Ridge,revenue_only,4,2024-07,2.140634,1.7149281480189718
2024-03,holdout,6,Ridge,revenue_only,5,2024-08,2.211638,1.6842721545649575
2024-03,holdout,6,Ridge,revenue_only,6,2024-09,2.269814,1.6446499985954164
2024-03,holdout,6,GradientBoosting,revenue_only,1,2024-04,1.822102,1.5861031884869772
2024-03,holdout,6,GradientBoosting,revenue_only,2,2024-05,1.940296,1.5892235143002675
2024-03,holdout,6,GradientBoosting,revenue_only,3,2024-06,1.942367,1.5704445914264562
2024-03,holdout,6,GradientBoosting,revenue_only,4,2024-07,2.140634,1.5918529088887987
2024-03,holdout,6,GradientBoosting,revenue_only,5,2024-08,2.211638,1.5918529088887987
2024-03,holdout,6,GradientBoosting,revenue_only,6,2024-09,2.269814,1.6072622373404764
2024-03,holdout,6,Ridge,quarterly_expanded,1,2024-04,1.822102,1.515267079282077
2024-03,holdout,6,Ridge,quarterly_expanded,2,2024-05,1.940296,1.5456553733070897
2024-03,holdout,6,Ridge,quarterly_expanded,3,2024-06,1.942367,1.56111251533593
2024-03,holdout,6,Ridge,quarterly_expanded,4,2024-07,2.140634,1.557859640173198
2024-03,holdout,6,Ridge,quarterly_expanded,5,2024-08,2.211638,1.5376951266015506
2024-03,holdout,6,Ridge,quarterly_expanded,6,2024-09,2.269814,1.5073305438759892
2024-03,holdout,6,GradientBoosting,quarterly_expanded,1,2024-04,1.822102,1.5518165243550288
2024-03,holdout,6,GradientBoosting,quarterly_expanded,2,2024-05,1.940296,1.5577561274386706
2024-03,holdout,6,GradientBoosting,quarterly_expanded,3,2024-06,1.942367,1.500662124352518
2024-03,holdout,6,GradientBoosting,quarterly_expanded,4,2024-07,2.140634,1.562667884304738
2024-03,holdout,6,GradientBoosting,quarterly_expanded,5,2024-08,2.211638,1.555900539376741
2024-03,holdout,6,GradientBoosting,quarterly_expanded,6,2024-09,2.269814,1.567241960367511
2024-03,holdout,6,Ridge,peer_fx,1,2024-04,1.822102,1.5543962149793495
2024-03,holdout,6,Ridge,peer_fx,2,2024-05,1.940296,1.576918264572976
2024-03,holdout,6,Ridge,peer_fx,3,2024-06,1.942367,1.5863640575564182
2024-03,holdout,6,Ridge,peer_fx,4,2024-07,2.140634,1.5808032316152
2024-03,holdout,6,Ridge,peer_fx,5,2024-08,2.211638,1.5626895357496005
2024-03,holdout,6,Ridge,peer_fx,6,2024-09,2.269814,1.5380082621059683
2024-03,holdout,6,GradientBoosting,peer_fx,1,2024-04,1.822102,1.5620313354384512
2024-03,holdout,6,GradientBoosting,peer_fx,2,2024-05,1.940296,1.5960752833664218
2024-03,holdout,6,GradientBoosting,peer_fx,3,2024-06,1.942367,1.521095175118754
2024-03,holdout,6,GradientBoosting,peer_fx,4,2024-07,2.140634,1.5908131359435709
2024-03,holdout,6,GradientBoosting,peer_fx,5,2024-08,2.211638,1.5908131359435709
2024-03,holdout,6,GradientBoosting,peer_fx,6,2024-09,2.269814,1.6019887131158417
2024-03,holdout,6,Ridge,all,1,2024-04,1.822102,1.487134277421117
2024-03,holdout,6,Ridge,all,2,2024-05,1.940296,1.511189622498344
2024-03,holdout,6,Ridge,all,3,2024-06,1.942367,1.5233813728818986
2024-03,holdout,6,Ridge,all,4,2024-07,2.140634,1.5208792541598497
2024-03,holdout,6,Ridge,all,5,2024-08,2.211638,1.505147670701557
2024-03,holdout,6,Ridge,all,6,2024-09,2.269814,1.4814339640623055
2024-03,holdout,6,GradientBoosting,all,1,2024-04,1.822102,1.5334121461903754
2024-03,holdout,6,GradientBoosting,all,2,2024-05,1.940296,1.566409564388166
2024-03,holdout,6,GradientBoosting,all,3,2024-06,1.942367,1.4914130811683275
2024-03,holdout,6,GradientBoosting,all,4,2024-07,2.140634,1.588728863595275
2024-03,holdout,6,GradientBoosting,all,5,2024-08,2.211638,1.588728863595275
2024-03,holdout,6,GradientBoosting,all,6,2024-09,2.269814,1.5912707164522353
2024-06,holdout,6,HW_Damped_Add,revenue_only,1,2024-07,2.140634,1.998607337763816
2024-06,holdout,6,HW_Damped_Add,revenue_only,2,2024-08,2.211638,2.0201042972771206
2024-06,holdout,6,HW_Damped_Add,revenue_only,3,2024-09,2.269814,1.9690813820936253
2024-06,holdout,6,HW_Damped_Add,revenue_only,4,2024-10,2.030244,1.9085997507055987
2024-06,holdout,6,HW_Damped_Add,revenue_only,5,2024-11,2.260922,1.983292270026456
2024-06,holdout,6,HW_Damped_Add,revenue_only,6,2024-12,2.018859,1.9581147103312555
2024-06,holdout,6,Ridge,revenue_only,1,2024-07,2.140634,1.9615859700333869
2024-06,holdout,6,Ridge,revenue_only,2,2024-08,2.211638,1.9214070839024655
2024-06,holdout,6,Ridge,revenue_only,3,2024-09,2.269814,1.870094145996547
2024-06,holdout,6,Ridge,revenue_only,4,2024-10,2.030244,1.8232211336917763
2024-06,holdout,6,Ridge,revenue_only,5,2024-11,2.260922,1.79411666841909
2024-06,holdout,6,Ridge,revenue_only,6,2024-12,2.018859,1.791100041535556
2024-06,holdout,6,GradientBoosting,revenue_only,1,2024-07,2.140634,1.7998816172434733
2024-06,holdout,6,GradientBoosting,revenue_only,2,2024-08,2.211638,1.7983773524483335
2024-06,holdout,6,GradientBoosting,revenue_only,3,2024-09,2.269814,1.7983773524483335
2024-06,holdout,6,GradientBoosting,revenue_only,4,2024-10,2.030244,1.5211131657158177
2024-06,holdout,6,GradientBoosting,revenue_only,5,2024-11,2.260922,1.5741774796580046
2024-06,holdout,6,GradientBoosting,revenue_only,6,2024-12,2.018859,1.5741774796580046
2024-06,holdout,6,Ridge,quarterly_expanded,1,2024-07,2.140634,1.6549777332037232
2024-06,holdout,6,Ridge,quarterly_expanded,2,2024-08,2.211638,1.6272602299601313
2024-06,holdout,6,Ridge,quarterly_expanded,3,2024-09,2.269814,1.5867921220442631
2024-06,holdout,6,Ridge,quarterly_expanded,4,2024-10,2.030244,1.5460793503108416
2024-06,holdout,6,Ridge,quarterly_expanded,5,2024-11,2.260922,1.5168300266060748
2024-06,holdout,6,Ridge,quarterly_expanded,6,2024-12,2.018859,1.507224848801194
2024-06,holdout,6,GradientBoosting,quarterly_expanded,1,2024-07,2.140634,1.7794986748652255
2024-06,holdout,6,GradientBoosting,quarterly_expanded,2,2024-08,2.211638,1.7482122307174544
2024-06,holdout,6,GradientBoosting,quarterly_expanded,3,2024-09,2.269814,1.727453122898691
2024-06,holdout,6,GradientBoosting,quarterly_expanded,4,2024-10,2.030244,1.5324226177616165
2024-06,holdout,6,GradientBoosting,quarterly_expanded,5,2024-11,2.260922,1.5934437159232664
2024-06,holdout,6,GradientBoosting,quarterly_expanded,6,2024-12,2.018859,1.5934437159232664
2024-06,holdout,6,Ridge,peer_fx,1,2024-07,2.140634,1.6955078853172278
2024-06,holdout,6,Ridge,peer_fx,2,2024-08,2.211638,1.6703940675682751
2024-06,holdout,6,Ridge,peer_fx,3,2024-09,2.269814,1.6357914402126683
2024-06,holdout,6,Ridge,peer_fx,4,2024-10,2.030244,1.6026208906697872
2024-06,holdout,6,Ridge,peer_fx,5,2024-11,2.260922,1.5808097418777407
2024-06,holdout,6,Ridge,peer_fx,6,2024-12,2.018859,1.5770194220149782
2024-06,holdout,6,GradientBoosting,peer_fx,1,2024-07,2.140634,1.845181493315758
2024-06,holdout,6,GradientBoosting,peer_fx,2,2024-08,2.211638,1.8395466348325933
2024-06,holdout,6,GradientBoosting,peer_fx,3,2024-09,2.269814,1.8143009155676448
2024-06,holdout,6,GradientBoosting,peer_fx,4,2024-10,2.030244,1.5930672628118248
2024-06,holdout,6,GradientBoosting,peer_fx,5,2024-11,2.260922,1.65035235461625
2024-06,holdout,6,GradientBoosting,peer_fx,6,2024-12,2.018859,1.65035235461625
2024-06,holdout,6,Ridge,all,1,2024-07,2.140634,1.5654905644678194
2024-06,holdout,6,Ridge,all,2,2024-08,2.211638,1.542949162496015
2024-06,holdout,6,Ridge,all,3,2024-09,2.269814,1.509439508676094
2024-06,holdout,6,Ridge,all,4,2024-10,2.030244,1.475537687985347
2024-06,holdout,6,Ridge,all,5,2024-11,2.260922,1.4512801367889858
2024-06,holdout,6,Ridge,all,6,2024-12,2.018859,1.4437764517875042
2024-06,holdout,6,GradientBoosting,all,1,2024-07,2.140634,1.803272945018424
2024-06,holdout,6,GradientBoosting,all,2,2024-08,2.211638,1.7990871865116551
2024-06,holdout,6,GradientBoosting,all,3,2024-09,2.269814,1.7828835872776223
2024-06,holdout,6,GradientBoosting,all,4,2024-10,2.030244,1.592437194985546
2024-06,holdout,6,GradientBoosting,all,5,2024-11,2.260922,1.631313393745076
2024-06,holdout,6,GradientBoosting,all,6,2024-12,2.018859,1.631313393745076
2024-09,holdout,6,HW_Damped_Add,revenue_only,1,2024-10,2.030244,2.2081590469793637
2024-09,holdout,6,HW_Damped_Add,revenue_only,2,2024-11,2.260922,2.2816827250040204
2024-09,holdout,6,HW_Damped_Add,revenue_only,3,2024-12,2.018859,2.255335788400449
2024-09,holdout,6,HW_Damped_Add,revenue_only,4,2025-01,2.021128,2.2681610041237192
2024-09,holdout,6,HW_Damped_Add,revenue_only,5,2025-02,2.153377,2.0785670537145995
2024-09,holdout,6,HW_Damped_Add,revenue_only,6,2025-03,2.194287,2.347074257390781
2024-09,holdout,6,Ridge,revenue_only,1,2024-10,2.030244,1.9371938365211223
2024-09,holdout,6,Ridge,revenue_only,2,2024-11,2.260922,1.8997302577914776
2024-09,holdout,6,Ridge,revenue_only,3,2024-12,2.018859,1.888562415385288
2024-09,holdout,6,Ridge,revenue_only,4,2025-01,2.021128,1.908692649189445
2024-09,holdout,6,Ridge,revenue_only,5,2025-02,2.153377,1.958081236172976
2024-09,holdout,6,Ridge,revenue_only,6,2025-03,2.194287,2.02768852936228
2024-09,holdout,6,GradientBoosting,revenue_only,1,2024-10,2.030244,1.5954534281257964
2024-09,holdout,6,GradientBoosting,revenue_only,2,2024-11,2.260922,1.6182472351908102
2024-09,holdout,6,GradientBoosting,revenue_only,3,2024-12,2.018859,1.5886554437931406
2024-09,holdout,6,GradientBoosting,revenue_only,4,2025-01,2.021128,1.5886554437931406
2024-09,holdout,6,GradientBoosting,revenue_only,5,2025-02,2.153377,1.4271888013786118
2024-09,holdout,6,GradientBoosting,revenue_only,6,2025-03,2.194287,1.9147741449724247
2024-09,holdout,6,Ridge,quarterly_expanded,1,2024-10,2.030244,1.931681429986685
2024-09,holdout,6,Ridge,quarterly_expanded,2,2024-11,2.260922,1.8880054165261408
2024-09,holdout,6,Ridge,quarterly_expanded,3,2024-12,2.018859,1.8681286442876583
2024-09,holdout,6,Ridge,quarterly_expanded,4,2025-01,2.021128,1.8789229840555632
2024-09,holdout,6,Ridge,quarterly_expanded,5,2025-02,2.153377,1.9203067045957487
2024-09,holdout,6,Ridge,quarterly_expanded,6,2025-03,2.194287,1.9851239565283445
2024-09,holdout,6,GradientBoosting,quarterly_expanded,1,2024-10,2.030244,1.60448144486586
2024-09,holdout,6,GradientBoosting,quarterly_expanded,2,2024-11,2.260922,1.6680217323812525
2024-09,holdout,6,GradientBoosting,quarterly_expanded,3,2024-12,2.018859,1.5795990499585686
2024-09,holdout,6,GradientBoosting,quarterly_expanded,4,2025-01,2.021128,1.5795990499585686
2024-09,holdout,6,GradientBoosting,quarterly_expanded,5,2025-02,2.153377,1.3901303651587336
2024-09,holdout,6,GradientBoosting,quarterly_expanded,6,2025-03,2.194287,1.697918969442597
2024-09,holdout,6,Ridge,peer_fx,1,2024-10,2.030244,1.7349668544876131
2024-09,holdout,6,Ridge,peer_fx,2,2024-11,2.260922,1.6986496040606442
2024-09,holdout,6,Ridge,peer_fx,3,2024-12,2.018859,1.6814311826933217
2024-09,holdout,6,Ridge,peer_fx,4,2025-01,2.021128,1.689273712327853
2024-09,holdout,6,Ridge,peer_fx,5,2025-02,2.153377,1.722354073268045
2024-09,holdout,6,Ridge,peer_fx,6,2025-03,2.194287,1.7749532418781644
2024-09,holdout,6,GradientBoosting,peer_fx,1,2024-10,2.030244,1.7651094877611373
2024-09,holdout,6,GradientBoosting,peer_fx,2,2024-11,2.260922,1.8098959082866095
2024-09,holdout,6,GradientBoosting,peer_fx,3,2024-12,2.018859,1.7206174287812908
2024-09,holdout,6,GradientBoosting,peer_fx,4,2025-01,2.021128,1.7206174287812908
2024-09,holdout,6,GradientBoosting,peer_fx,5,2025-02,2.153377,1.5172936870591258
2024-09,holdout,6,GradientBoosting,peer_fx,6,2025-03,2.194287,1.794049143349279
2024-09,holdout,6,Ridge,all,1,2024-10,2.030244,1.8753991832920731
2024-09,holdout,6,Ridge,all,2,2024-11,2.260922,1.8359980736017392
2024-09,holdout,6,Ridge,all,3,2024-12,2.018859,1.817975079136346
2024-09,holdout,6,Ridge,all,4,2025-01,2.021128,1.827811058961189
2024-09,holdout,6,Ridge,all,5,2025-02,2.153377,1.865593123042008
2024-09,holdout,6,Ridge,all,6,2025-03,2.194287,1.9248922046927872
2024-09,holdout,6,GradientBoosting,all,1,2024-10,2.030244,1.7812107278082612
2024-09,holdout,6,GradientBoosting,all,2,2024-11,2.260922,1.825461008914627
2024-09,holdout,6,GradientBoosting,all,3,2024-12,2.018859,1.7319136209573192
2024-09,holdout,6,GradientBoosting,all,4,2025-01,2.021128,1.7319136209573192
2024-09,holdout,6,GradientBoosting,all,5,2025-02,2.153377,1.5433731767728354
2024-09,holdout,6,GradientBoosting,all,6,2025-03,2.194287,1.8170397351793892
2024-12,holdout,6,HW_Damped_Add,revenue_only,1,2025-01,2.021128,2.0326079066904774
2024-12,holdout,6,HW_Damped_Add,revenue_only,2,2025-02,2.153377,1.84392315882828
2024-12,holdout,6,HW_Damped_Add,revenue_only,3,2025-03,2.194287,2.11333923923203
2024-12,holdout,6,HW_Damped_Add,revenue_only,4,2025-04,2.328755,2.1080528902931053
2024-12,holdout,6,HW_Damped_Add,revenue_only,5,2025-05,2.098333,2.108854621699752
2024-12,holdout,6,HW_Damped_Add,revenue_only,6,2025-06,2.356699,2.0282127540003683
2024-12,holdout,6,Ridge,revenue_only,1,2025-01,2.021128,1.8223212815071692
2024-12,holdout,6,Ridge,revenue_only,2,2025-02,2.153377,1.86573570907116
2024-12,holdout,6,Ridge,revenue_only,3,2025-03,2.194287,1.927717747121538
2024-12,holdout,6,Ridge,revenue_only,4,2025-04,2.328755,1.9952106657934
2024-12,holdout,6,Ridge,revenue_only,5,2025-05,2.098333,2.052430264821217
2024-12,holdout,6,Ridge,revenue_only,6,2025-06,2.356699,2.0853502765291765
2024-12,holdout,6,GradientBoosting,revenue_only,1,2025-01,2.021128,1.9779420774332823
2024-12,holdout,6,GradientBoosting,revenue_only,2,2025-02,2.153377,1.7093162628284548
2024-12,holdout,6,GradientBoosting,revenue_only,3,2025-03,2.194287,1.8578337493607189
2024-12,holdout,6,GradientBoosting,revenue_only,4,2025-04,2.328755,1.8664775601165955
2024-12,holdout,6,GradientBoosting,revenue_only,5,2025-05,2.098333,2.060678067889843
2024-12,holdout,6,GradientBoosting,revenue_only,6,2025-06,2.356699,2.0634043808077025
2024-12,holdout,6,Ridge,quarterly_expanded,1,2025-01,2.021128,1.752276230568872
2024-12,holdout,6,Ridge,quarterly_expanded,2,2025-02,2.153377,1.7899990444726803
2024-12,holdout,6,Ridge,quarterly_expanded,3,2025-03,2.194287,1.8481541317347765
2024-12,holdout,6,Ridge,quarterly_expanded,4,2025-04,2.328755,1.914937441701848
2024-12,holdout,6,Ridge,quarterly_expanded,5,2025-05,2.098333,1.9750933662023036
2024-12,holdout,6,Ridge,quarterly_expanded,6,2025-06,2.356699,2.01397635994446
2024-12,holdout,6,GradientBoosting,quarterly_expanded,1,2025-01,2.021128,1.9682950730624096
2024-12,holdout,6,GradientBoosting,quarterly_expanded,2,2025-02,2.153377,1.7452890236694558
2024-12,holdout,6,GradientBoosting,quarterly_expanded,3,2025-03,2.194287,1.8629741267267284
2024-12,holdout,6,GradientBoosting,quarterly_expanded,4,2025-04,2.328755,1.8696275879693325
2024-12,holdout,6,GradientBoosting,quarterly_expanded,5,2025-05,2.098333,2.016014164629608
2024-12,holdout,6,GradientBoosting,quarterly_expanded,6,2025-06,2.356699,2.017926441831838
2024-12,holdout,6,Ridge,peer_fx,1,2025-01,2.021128,1.895887810332988
2024-12,holdout,6,Ridge,peer_fx,2,2025-02,2.153377,1.9307710353564616
2024-12,holdout,6,Ridge,peer_fx,3,2025-03,2.194287,1.9878053970550704
2024-12,holdout,6,Ridge,peer_fx,4,2025-04,2.328755,2.055471636686826
2024-12,holdout,6,Ridge,peer_fx,5,2025-05,2.098333,2.1183883947044126
2024-12,holdout,6,Ridge,peer_fx,6,2025-06,2.356699,2.1612494778208178
2024-12,holdout,6,GradientBoosting,peer_fx,1,2025-01,2.021128,1.9745570904067795
2024-12,holdout,6,GradientBoosting,peer_fx,2,2025-02,2.153377,1.7727874642624106
2024-12,holdout,6,GradientBoosting,peer_fx,3,2025-03,2.194287,1.905872552111272
2024-12,holdout,6,GradientBoosting,peer_fx,4,2025-04,2.328755,1.907723383045411
2024-12,holdout,6,GradientBoosting,peer_fx,5,2025-05,2.098333,2.0111953219816003
2024-12,holdout,6,GradientBoosting,peer_fx,6,2025-06,2.356699,2.021590696128731
2024-12,holdout,6,Ridge,all,1,2025-01,2.021128,1.8043572953112703
2024-12,holdout,6,Ridge,all,2,2025-02,2.153377,1.8410573846015497
2024-12,holdout,6,Ridge,all,3,2025-03,2.194287,1.898133139720055
2024-12,holdout,6,Ridge,all,4,2025-04,2.328755,1.964043704449393
2024-12,holdout,6,Ridge,all,5,2025-05,2.098333,2.0238202964897543
2024-12,holdout,6,Ridge,all,6,2025-06,2.356699,2.063020565957599
2024-12,holdout,6,GradientBoosting,all,1,2025-01,2.021128,1.9818119836227888
2024-12,holdout,6,GradientBoosting,all,2,2025-02,2.153377,1.790447856174381
2024-12,holdout,6,GradientBoosting,all,3,2025-03,2.194287,1.9417928525930956
2024-12,holdout,6,GradientBoosting,all,4,2025-04,2.328755,1.9314665776596556
2024-12,holdout,6,GradientBoosting,all,5,2025-05,2.098333,2.035335606085348
2024-12,holdout,6,GradientBoosting,all,6,2025-06,2.356699,2.0475884870518937
2025-03,holdout,6,HW_Damped_Add,revenue_only,1,2025-04,2.328755,2.223983817876588
2025-03,holdout,6,HW_Damped_Add,revenue_only,2,2025-05,2.098333,2.224335226597744
2025-03,holdout,6,HW_Damped_Add,revenue_only,3,2025-06,2.356699,2.143239632548899
2025-03,holdout,6,HW_Damped_Add,revenue_only,4,2025-07,2.667033,2.229573078234893
2025-03,holdout,6,HW_Damped_Add,revenue_only,5,2025-08,2.544064,2.254286166164116
2025-03,holdout,6,HW_Damped_Add,revenue_only,6,2025-09,2.851779,2.211459831701115
2025-03,holdout,6,Ridge,revenue_only,1,2025-04,2.328755,1.924573034835381
2025-03,holdout,6,Ridge,revenue_only,2,2025-05,2.098333,1.975534841406422
2025-03,holdout,6,Ridge,revenue_only,3,2025-06,2.356699,2.002243551119141
2025-03,holdout,6,Ridge,revenue_only,4,2025-07,2.667033,1.9990002726879044
2025-03,holdout,6,Ridge,revenue_only,5,2025-08,2.544064,1.9692722231868076
2025-03,holdout,6,Ridge,revenue_only,6,2025-09,2.851779,1.924348577908966
2025-03,holdout,6,GradientBoosting,revenue_only,1,2025-04,2.328755,2.077784716006911
2025-03,holdout,6,GradientBoosting,revenue_only,2,2025-05,2.098333,2.0757611818632977
2025-03,holdout,6,GradientBoosting,revenue_only,3,2025-06,2.356699,2.0481020894672084
2025-03,holdout,6,GradientBoosting,revenue_only,4,2025-07,2.667033,2.140552488994896
2025-03,holdout,6,GradientBoosting,revenue_only,5,2025-08,2.544064,2.1387363811614537
2025-03,holdout,6,GradientBoosting,revenue_only,6,2025-09,2.851779,2.1387363811614537
2025-03,holdout,6,Ridge,quarterly_expanded,1,2025-04,2.328755,1.8695287955496271
2025-03,holdout,6,Ridge,quarterly_expanded,2,2025-05,2.098333,1.923851984117284
2025-03,holdout,6,Ridge,quarterly_expanded,3,2025-06,2.356699,1.9550694077116169
2025-03,holdout,6,Ridge,quarterly_expanded,4,2025-07,2.667033,1.955995594752197
2025-03,holdout,6,Ridge,quarterly_expanded,5,2025-08,2.544064,1.9287274555688785
2025-03,holdout,6,Ridge,quarterly_expanded,6,2025-09,2.851779,1.8838316340845624
2025-03,holdout,6,GradientBoosting,quarterly_expanded,1,2025-04,2.328755,2.071441751003789
2025-03,holdout,6,GradientBoosting,quarterly_expanded,2,2025-05,2.098333,2.071441751003789
2025-03,holdout,6,GradientBoosting,quarterly_expanded,3,2025-06,2.356699,2.026110615591004
2025-03,holdout,6,GradientBoosting,quarterly_expanded,4,2025-07,2.667033,2.137644869046865
2025-03,holdout,6,GradientBoosting,quarterly_expanded,5,2025-08,2.544064,2.156429421625972
2025-03,holdout,6,GradientBoosting,quarterly_expanded,6,2025-09,2.851779,2.156429421625972
2025-03,holdout,6,Ridge,peer_fx,1,2025-04,2.328755,2.38847281020486
2025-03,holdout,6,Ridge,peer_fx,2,2025-05,2.098333,2.461503311514148
2025-03,holdout,6,Ridge,peer_fx,3,2025-06,2.356699,2.508861810797835
2025-03,holdout,6,Ridge,peer_fx,4,2025-07,2.667033,2.5198339752549472
2025-03,holdout,6,Ridge,peer_fx,5,2025-08,2.544064,2.4947008698819344
2025-03,holdout,6,Ridge,peer_fx,6,2025-09,2.851779,2.4446866783266525
2025-03,holdout,6,GradientBoosting,peer_fx,1,2025-04,2.328755,2.1274641496864795
2025-03,holdout,6,GradientBoosting,peer_fx,2,2025-05,2.098333,2.105031846100567
2025-03,holdout,6,GradientBoosting,peer_fx,3,2025-06,2.356699,2.0780365805226837
2025-03,holdout,6,GradientBoosting,peer_fx,4,2025-07,2.667033,2.1832876614128085
2025-03,holdout,6,GradientBoosting,peer_fx,5,2025-08,2.544064,2.185896374637622
2025-03,holdout,6,GradientBoosting,peer_fx,6,2025-09,2.851779,2.185896374637622
2025-03,holdout,6,Ridge,all,1,2025-04,2.328755,2.1749875808194563
2025-03,holdout,6,Ridge,all,2,2025-05,2.098333,2.2401745688013976
2025-03,holdout,6,Ridge,all,3,2025-06,2.356699,2.279909121881151
2025-03,holdout,6,Ridge,all,4,2025-07,2.667033,2.2851482153083964
2025-03,holdout,6,Ridge,all,5,2025-08,2.544064,2.257365160008068
2025-03,holdout,6,Ridge,all,6,2025-09,2.851779,2.2080042648061142
2025-03,holdout,6,GradientBoosting,all,1,2025-04,2.328755,2.0820621680998777
2025-03,holdout,6,GradientBoosting,all,2,2025-05,2.098333,2.0820621680998777
2025-03,holdout,6,GradientBoosting,all,3,2025-06,2.356699,2.035348076660307
2025-03,holdout,6,GradientBoosting,all,4,2025-07,2.667033,2.144762849996245
2025-03,holdout,6,GradientBoosting,all,5,2025-08,2.544064,2.1263454973482405
2025-03,holdout,6,GradientBoosting,all,6,2025-09,2.851779,2.1263454973482405
2025-06,holdout,6,HW_Damped_Add,revenue_only,1,2025-07,2.667033,2.367490544807818
2025-06,holdout,6,HW_Damped_Add,revenue_only,2,2025-08,2.544064,2.3916763908940712
2025-06,holdout,6,HW_Damped_Add,revenue_only,3,2025-09,2.851779,2.348322332988173
2025-06,holdout,6,HW_Damped_Add,revenue_only,4,2025-10,2.853997,2.271485325198218
2025-06,holdout,6,HW_Damped_Add,revenue_only,5,2025-11,3.024742,2.357751562875027
2025-06,holdout,6,HW_Damped_Add,revenue_only,6,2025-12,3.250133,2.3130743553126183
2025-06,holdout,6,Ridge,revenue_only,1,2025-07,2.667033,2.047584830976303
2025-06,holdout,6,Ridge,revenue_only,2,2025-08,2.544064,2.013142895447014
2025-06,holdout,6,Ridge,revenue_only,3,2025-09,2.851779,1.9628534614722704
2025-06,holdout,6,Ridge,revenue_only,4,2025-10,2.853997,1.9131151315478
2025-06,holdout,6,Ridge,revenue_only,5,2025-11,3.024742,1.879042269384212
2025-06,holdout,6,Ridge,revenue_only,6,2025-12,3.250133,1.8710307492969624
2025-06,holdout,6,GradientBoosting,revenue_only,1,2025-07,2.667033,2.1569101346750807
2025-06,holdout,6,GradientBoosting,revenue_only,2,2025-08,2.544064,2.1569101346750807
2025-06,holdout,6,GradientBoosting,revenue_only,3,2025-09,2.851779,2.1569101346750807
2025-06,holdout,6,GradientBoosting,revenue_only,4,2025-10,2.853997,2.043229481264293
2025-06,holdout,6,GradientBoosting,revenue_only,5,2025-11,3.024742,2.0842294765084457
2025-06,holdout,6,GradientBoosting,revenue_only,6,2025-12,3.250133,2.0842294765084457
2025-06,holdout,6,Ridge,quarterly_expanded,1,2025-07,2.667033,2.015039380337219
2025-06,holdout,6,Ridge,quarterly_expanded,2,2025-08,2.544064,1.981326465991671
2025-06,holdout,6,Ridge,quarterly_expanded,3,2025-09,2.851779,1.928956788244293
2025-06,holdout,6,Ridge,quarterly_expanded,4,2025-10,2.853997,1.875024784883293
2025-06,holdout,6,Ridge,quarterly_expanded,5,2025-11,3.024742,1.8357621420845724
2025-06,holdout,6,Ridge,quarterly_expanded,6,2025-12,3.250133,1.822721035607958
2025-06,holdout,6,GradientBoosting,quarterly_expanded,1,2025-07,2.667033,2.07838252448363
2025-06,holdout,6,GradientBoosting,quarterly_expanded,2,2025-08,2.544064,2.068990885910515
2025-06,holdout,6,GradientBoosting,quarterly_expanded,3,2025-09,2.851779,2.0644666282360484
2025-06,holdout,6,GradientBoosting,quarterly_expanded,4,2025-10,2.853997,1.899761477760283
2025-06,holdout,6,GradientBoosting,quarterly_expanded,5,2025-11,3.024742,1.9694540521431432
2025-06,holdout,6,GradientBoosting,quarterly_expanded,6,2025-12,3.250133,1.9624024734028216
2025-06,holdout,6,Ridge,peer_fx,1,2025-07,2.667033,2.4437476169751657
2025-06,holdout,6,Ridge,peer_fx,2,2025-08,2.544064,2.4199947415766223
2025-06,holdout,6,Ridge,peer_fx,3,2025-09,2.851779,2.373538042749194
2025-06,holdout,6,Ridge,peer_fx,4,2025-10,2.853997,2.3212983206215267
2025-06,holdout,6,Ridge,peer_fx,5,2025-11,3.024742,2.280773307807926
2025-06,holdout,6,Ridge,peer_fx,6,2025-12,3.250133,2.265545637925925
2025-06,holdout,6,GradientBoosting,peer_fx,1,2025-07,2.667033,2.210432406412459
2025-06,holdout,6,GradientBoosting,peer_fx,2,2025-08,2.544064,2.208062603647198
2025-06,holdout,6,GradientBoosting,peer_fx,3,2025-09,2.851779,2.218304753503816
2025-06,holdout,6,GradientBoosting,peer_fx,4,2025-10,2.853997,2.085844230395256
2025-06,holdout,6,GradientBoosting,peer_fx,5,2025-11,3.024742,2.1446831447754624
2025-06,holdout,6,GradientBoosting,peer_fx,6,2025-12,3.250133,2.104033631938453
2025-06,holdout,6,Ridge,all,1,2025-07,2.667033,2.317520743464518
2025-06,holdout,6,Ridge,all,2,2025-08,2.544064,2.2888028373908047
2025-06,holdout,6,Ridge,all,3,2025-09,2.851779,2.2377554316968418
2025-06,holdout,6,Ridge,all,4,2025-10,2.853997,2.1821155666734824
2025-06,holdout,6,Ridge,all,5,2025-11,3.024742,2.139687729556797
2025-06,holdout,6,Ridge,all,6,2025-12,3.250133,2.1238904058416463
2025-06,holdout,6,GradientBoosting,all,1,2025-07,2.667033,2.201581559704345
2025-06,holdout,6,GradientBoosting,all,2,2025-08,2.544064,2.1763970931455203
2025-06,holdout,6,GradientBoosting,all,3,2025-09,2.851779,2.1781334231014347
2025-06,holdout,6,GradientBoosting,all,4,2025-10,2.853997,2.032168756996588
2025-06,holdout,6,GradientBoosting,all,5,2025-11,3.024742,2.105654474245984
2025-06,holdout,6,GradientBoosting,all,6,2025-12,3.250133,2.0837770311733874
2025-09,holdout,6,HW_Damped_Add,revenue_only,1,2025-10,2.853997,2.6932905579464035
2025-09,holdout,6,HW_Damped_Add,revenue_only,2,2025-11,3.024742,2.7779481808064594
2025-09,holdout,6,HW_Damped_Add,revenue_only,3,2025-12,3.250133,2.731662423887269
2025-09,holdout,6,HW_Damped_Add,revenue_only,4,2026-01,3.533279,2.742663879601472
2025-09,holdout,6,HW_Damped_Add,revenue_only,5,2026-02,2.740833,2.575890810930925
2025-09,holdout,6,HW_Damped_Add,revenue_only,6,2026-03,3.781706,2.82496939698041
2025-09,holdout,6,Ridge,revenue_only,1,2025-10,2.853997,2.237852385906933
2025-09,holdout,6,Ridge,revenue_only,2,2025-11,3.024742,2.186810381501309
2025-09,holdout,6,Ridge,revenue_only,3,2025-12,3.250133,2.164109016990431
2025-09,holdout,6,Ridge,revenue_only,4,2026-01,3.533279,2.177862300043699
2025-09,holdout,6,Ridge,revenue_only,5,2026-02,2.740833,2.22796510829153
2025-09,holdout,6,Ridge,revenue_only,6,2026-03,3.781706,2.305933930313025
2025-09,holdout,6,GradientBoosting,revenue_only,1,2025-10,2.853997,2.344182914398769
2025-09,holdout,6,GradientBoosting,revenue_only,2,2025-11,3.024742,2.39012638434423
2025-09,holdout,6,GradientBoosting,revenue_only,3,2025-12,3.250133,2.2392004510208454
2025-09,holdout,6,GradientBoosting,revenue_only,4,2026-01,3.533279,2.246818427494636
2025-09,holdout,6,GradientBoosting,revenue_only,5,2026-02,2.740833,2.152698694033072
2025-09,holdout,6,GradientBoosting,revenue_only,6,2026-03,3.781706,2.343622129691425
2025-09,holdout,6,Ridge,quarterly_expanded,1,2025-10,2.853997,2.312260744286832
2025-09,holdout,6,Ridge,quarterly_expanded,2,2025-11,3.024742,2.2552214720871504
2025-09,holdout,6,Ridge,quarterly_expanded,3,2025-12,3.250133,2.2263917492314604
2025-09,holdout,6,Ridge,quarterly_expanded,4,2026-01,3.533279,2.2356355265725023
2025-09,holdout,6,Ridge,quarterly_expanded,5,2026-02,2.740833,2.284205337705259
2025-09,holdout,6,Ridge,quarterly_expanded,6,2026-03,3.781706,2.364464343253721
2025-09,holdout,6,GradientBoosting,quarterly_expanded,1,2025-10,2.853997,2.326627333126474
2025-09,holdout,6,GradientBoosting,quarterly_expanded,2,2025-11,3.024742,2.360494021306768
2025-09,holdout,6,GradientBoosting,quarterly_expanded,3,2025-12,3.250133,2.2653020953091496
2025-09,holdout,6,GradientBoosting,quarterly_expanded,4,2026-01,3.533279,2.2838471845556927
2025-09,holdout,6,GradientBoosting,quarterly_expanded,5,2026-02,2.740833,2.224106499682167
2025-09,holdout,6,GradientBoosting,quarterly_expanded,6,2026-03,3.781706,2.404511900432299
2025-09,holdout,6,Ridge,peer_fx,1,2025-10,2.853997,2.518837596161612
2025-09,holdout,6,Ridge,peer_fx,2,2025-11,3.024742,2.470130536222348
2025-09,holdout,6,Ridge,peer_fx,3,2025-12,3.250133,2.447421944730368
2025-09,holdout,6,Ridge,peer_fx,4,2026-01,3.533279,2.460463802364466
2025-09,holdout,6,Ridge,peer_fx,5,2026-02,2.740833,2.5107360167798984
2025-09,holdout,6,Ridge,peer_fx,6,2026-03,3.781706,2.59109061046354
2025-09,holdout,6,GradientBoosting,peer_fx,1,2025-10,2.853997,2.206726070160231
2025-09,holdout,6,GradientBoosting,peer_fx,2,2025-11,3.024742,2.2385720196644474
2025-09,holdout,6,GradientBoosting,peer_fx,3,2025-12,3.250133,2.087650698683565
2025-09,holdout,6,GradientBoosting,peer_fx,4,2026-01,3.533279,2.087469276335601
2025-09,holdout,6,GradientBoosting,peer_fx,5,2026-02,2.740833,1.999668442228599
2025-09,holdout,6,GradientBoosting,peer_fx,6,2026-03,3.781706,2.189427693095328
2025-09,holdout,6,Ridge,all,1,2025-10,2.853997,2.6416130598042904
2025-09,holdout,6,Ridge,all,2,2025-11,3.024742,2.586750170341044
2025-09,holdout,6,Ridge,all,3,2025-12,3.250133,2.560366121570852
2025-09,holdout,6,Ridge,all,4,2026-01,3.533279,2.57327999553383
2025-09,holdout,6,Ridge,all,5,2026-02,2.740833,2.627277843603117
2025-09,holdout,6,Ridge,all,6,2026-03,3.781706,2.7147159249037927
2025-09,holdout,6,GradientBoosting,all,1,2025-10,2.853997,2.177131911335802
2025-09,holdout,6,GradientBoosting,all,2,2025-11,3.024742,2.222975771593317
2025-09,holdout,6,GradientBoosting,all,3,2025-12,3.250133,2.096145786224524
2025-09,holdout,6,GradientBoosting,all,4,2026-01,3.533279,2.096145786224524
2025-09,holdout,6,GradientBoosting,all,5,2026-02,2.740833,2.029876210344115
2025-09,holdout,6,GradientBoosting,all,6,2026-03,3.781706,2.17880071058816
2025-12,holdout,6,HW_Damped_Add,revenue_only,1,2026-01,3.533279,3.265135970585192
2025-12,holdout,6,HW_Damped_Add,revenue_only,2,2026-02,2.740833,3.160951933784651
2025-12,holdout,6,HW_Damped_Add,revenue_only,3,2026-03,3.781706,3.471796410836915
2025-12,holdout,6,HW_Damped_Add,revenue_only,4,2026-04,4.610166,3.5354648826065644
2025-12,holdout,6,HW_Damped_Add,revenue_only,5,2026-05,4.794425,3.575883535210412
2025-12,holdout,6,HW_Damped_Add,revenue_only,6,2026-06,4.895221,3.5779295783752203
2025-12,holdout,6,Ridge,revenue_only,1,2026-01,3.533279,2.7859821395191475
2025-12,holdout,6,Ridge,revenue_only,2,2026-02,2.740833,2.836468405375693
2025-12,holdout,6,Ridge,revenue_only,3,2026-03,3.781706,2.917672866368585
2025-12,holdout,6,Ridge,revenue_only,4,2026-04,4.610166,3.014721743761262
2025-12,holdout,6,Ridge,revenue_only,5,2026-05,4.794425,3.107275733472215
2025-12,holdout,6,Ridge,revenue_only,6,2026-06,4.895221,3.1746297318005303
2025-12,holdout,6,GradientBoosting,revenue_only,1,2026-01,3.533279,2.839176562091536
2025-12,holdout,6,GradientBoosting,revenue_only,2,2026-02,2.740833,2.652596103662226
2025-12,holdout,6,GradientBoosting,revenue_only,3,2026-03,3.781706,2.7192978709807227
2025-12,holdout,6,GradientBoosting,revenue_only,4,2026-04,4.610166,2.7376125200330543
2025-12,holdout,6,GradientBoosting,revenue_only,5,2026-05,4.794425,2.7602443101196483
2025-12,holdout,6,GradientBoosting,revenue_only,6,2026-06,4.895221,2.805011805565329
2025-12,holdout,6,Ridge,quarterly_expanded,1,2026-01,3.533279,3.0467554402713914
2025-12,holdout,6,Ridge,quarterly_expanded,2,2026-02,2.740833,3.099642794523956
2025-12,holdout,6,Ridge,quarterly_expanded,3,2026-03,3.781706,3.1908603986330784
2025-12,holdout,6,Ridge,quarterly_expanded,4,2026-04,4.610166,3.304899992911487
2025-12,holdout,6,Ridge,quarterly_expanded,5,2026-05,4.794425,3.418882913699849
2025-12,holdout,6,Ridge,quarterly_expanded,6,2026-06,4.895221,3.5078992832469624
2025-12,holdout,6,GradientBoosting,quarterly_expanded,1,2026-01,3.533279,2.848746282027293
2025-12,holdout,6,GradientBoosting,quarterly_expanded,2,2026-02,2.740833,2.708387155452128
2025-12,holdout,6,GradientBoosting,quarterly_expanded,3,2026-03,3.781706,2.804172251976392
2025-12,holdout,6,GradientBoosting,quarterly_expanded,4,2026-04,4.610166,2.8079446487732675
2025-12,holdout,6,GradientBoosting,quarterly_expanded,5,2026-05,4.794425,2.825476849344378
2025-12,holdout,6,GradientBoosting,quarterly_expanded,6,2026-06,4.895221,2.827830465788038
2025-12,holdout,6,Ridge,peer_fx,1,2026-01,3.533279,2.712132307014687
2025-12,holdout,6,Ridge,peer_fx,2,2026-02,2.740833,2.761615827765982
2025-12,holdout,6,Ridge,peer_fx,3,2026-03,3.781706,2.841463814780773
2025-12,holdout,6,Ridge,peer_fx,4,2026-04,4.610166,2.937954184122433
2025-12,holdout,6,Ridge,peer_fx,5,2026-05,4.794425,3.031798593813976
2025-12,holdout,6,Ridge,peer_fx,6,2026-06,4.895221,3.1028703869479304
2025-12,holdout,6,GradientBoosting,peer_fx,1,2026-01,3.533279,2.825087568599677
2025-12,holdout,6,GradientBoosting,peer_fx,2,2026-02,2.740833,2.6491515594828496
2025-12,holdout,6,GradientBoosting,peer_fx,3,2026-03,3.781706,2.720621044659634
2025-12,holdout,6,GradientBoosting,peer_fx,4,2026-04,4.610166,2.760300208808776
2025-12,holdout,6,GradientBoosting,peer_fx,5,2026-05,4.794425,2.760300208808776
2025-12,holdout,6,GradientBoosting,peer_fx,6,2026-06,4.895221,2.801899092165065
2025-12,holdout,6,Ridge,all,1,2026-01,3.533279,2.894465117204754
2025-12,holdout,6,Ridge,all,2,2026-02,2.740833,2.9501251230025893
2025-12,holdout,6,Ridge,all,3,2026-03,3.781706,3.0405207598199424
2025-12,holdout,6,Ridge,all,4,2026-04,4.610166,3.1503627198376205
2025-12,holdout,6,Ridge,all,5,2026-05,4.794425,3.257843276312264
2025-12,holdout,6,Ridge,all,6,2026-06,4.895221,3.339909667099134
2025-12,holdout,6,GradientBoosting,all,1,2026-01,3.533279,2.8474242259452627
2025-12,holdout,6,GradientBoosting,all,2,2026-02,2.740833,2.6923103274534896
2025-12,holdout,6,GradientBoosting,all,3,2026-03,3.781706,2.787545171386504
2025-12,holdout,6,GradientBoosting,all,4,2026-04,4.610166,2.822376134090929
2025-12,holdout,6,GradientBoosting,all,5,2026-05,4.794425,2.822376134090929
2025-12,holdout,6,GradientBoosting,all,6,2026-06,4.895221,2.845448809152736
2026-03,holdout,6,HW_Damped_Add,revenue_only,1,2026-04,4.610166,3.673578751043968
2026-03,holdout,6,HW_Damped_Add,revenue_only,2,2026-05,4.794425,3.734834964712402
2026-03,holdout,6,HW_Damped_Add,revenue_only,3,2026-06,4.895221,3.7574654558767286
2026-03,holdout,6,HW_Damped_Add,revenue_only,4,2026-07,5.908074,3.9375925697545577
2026-03,holdout,6,HW_Damped_Add,revenue_only,5,2026-08,5.91454,4.026477575132953
2026-03,holdout,6,HW_Damped_Add,revenue_only,6,2026-09,6.12557,4.085109773073594
2026-03,holdout,6,Ridge,revenue_only,1,2026-04,4.610166,3.5211974147573684
2026-03,holdout,6,Ridge,revenue_only,2,2026-05,4.794425,3.6184549289334815
2026-03,holdout,6,Ridge,revenue_only,3,2026-06,4.895221,3.682131004920159
2026-03,holdout,6,Ridge,revenue_only,4,2026-07,5.908074,3.701202587988175
2026-03,holdout,6,Ridge,revenue_only,5,2026-08,5.91454,3.6779611127447103
2026-03,holdout,6,Ridge,revenue_only,6,2026-09,6.12557,3.627265770210746
2026-03,holdout,6,GradientBoosting,revenue_only,1,2026-04,4.610166,2.9569403255721465
2026-03,holdout,6,GradientBoosting,revenue_only,2,2026-05,4.794425,2.969525152152591
2026-03,holdout,6,GradientBoosting,revenue_only,3,2026-06,4.895221,2.9876380944573016
2026-03,holdout,6,GradientBoosting,revenue_only,4,2026-07,5.908074,3.044146046125824
2026-03,holdout,6,GradientBoosting,revenue_only,5,2026-08,5.91454,3.0876348805699347
2026-03,holdout,6,GradientBoosting,revenue_only,6,2026-09,6.12557,3.0876348805699347
2026-03,holdout,6,Ridge,quarterly_expanded,1,2026-04,4.610166,3.561241014707026
2026-03,holdout,6,Ridge,quarterly_expanded,2,2026-05,4.794425,3.682439461778333
2026-03,holdout,6,Ridge,quarterly_expanded,3,2026-06,4.895221,3.775123233476208
2026-03,holdout,6,Ridge,quarterly_expanded,4,2026-07,5.908074,3.820833896421295
2026-03,holdout,6,Ridge,quarterly_expanded,5,2026-08,5.91454,3.814863502256999
2026-03,holdout,6,Ridge,quarterly_expanded,6,2026-09,6.12557,3.768239849798254
2026-03,holdout,6,GradientBoosting,quarterly_expanded,1,2026-04,4.610166,3.0182911457320216
2026-03,holdout,6,GradientBoosting,quarterly_expanded,2,2026-05,4.794425,3.026640105476582
2026-03,holdout,6,GradientBoosting,quarterly_expanded,3,2026-06,4.895221,3.058860473687128
2026-03,holdout,6,GradientBoosting,quarterly_expanded,4,2026-07,5.908074,3.1364232804050087
2026-03,holdout,6,GradientBoosting,quarterly_expanded,5,2026-08,5.91454,3.162905596927688
2026-03,holdout,6,GradientBoosting,quarterly_expanded,6,2026-09,6.12557,3.172969250318509
2026-03,holdout,6,Ridge,peer_fx,1,2026-04,4.610166,3.552546447075303
2026-03,holdout,6,Ridge,peer_fx,2,2026-05,4.794425,3.659725388719855
2026-03,holdout,6,Ridge,peer_fx,3,2026-06,4.895221,3.735344373015404
2026-03,holdout,6,Ridge,peer_fx,4,2026-07,5.908074,3.765232434197761
2026-03,holdout,6,Ridge,peer_fx,5,2026-08,5.91454,3.748780973790456
2026-03,holdout,6,Ridge,peer_fx,6,2026-09,6.12557,3.699308810849757
2026-03,holdout,6,GradientBoosting,peer_fx,1,2026-04,4.610166,3.029270982115795
2026-03,holdout,6,GradientBoosting,peer_fx,2,2026-05,4.794425,3.029270982115795
2026-03,holdout,6,GradientBoosting,peer_fx,3,2026-06,4.895221,3.0409172179904704
2026-03,holdout,6,GradientBoosting,peer_fx,4,2026-07,5.908074,3.090301468029805
2026-03,holdout,6,GradientBoosting,peer_fx,5,2026-08,5.91454,3.090301468029805
2026-03,holdout,6,GradientBoosting,peer_fx,6,2026-09,6.12557,3.090301468029805
2026-03,holdout,6,Ridge,all,1,2026-04,4.610166,3.604486930428724
2026-03,holdout,6,Ridge,all,2,2026-05,4.794425,3.727165997593017
2026-03,holdout,6,Ridge,all,3,2026-06,4.895221,3.818718171464137
2026-03,holdout,6,Ridge,all,4,2026-07,5.908074,3.8608838010745936
2026-03,holdout,6,Ridge,all,5,2026-08,5.91454,3.8499825739005766
2026-03,holdout,6,Ridge,all,6,2026-09,6.12557,3.7985100510454144
2026-03,holdout,6,GradientBoosting,all,1,2026-04,4.610166,3.110347944232131
2026-03,holdout,6,GradientBoosting,all,2,2026-05,4.794425,3.110347944232131
2026-03,holdout,6,GradientBoosting,all,3,2026-06,4.895221,3.1467177783160776
2026-03,holdout,6,GradientBoosting,all,4,2026-07,5.908074,3.1982758637980697
2026-03,holdout,6,GradientBoosting,all,5,2026-08,5.91454,3.202639863077492
2026-03,holdout,6,GradientBoosting,all,6,2026-09,6.12557,3.202639863077492
2020-12,validation,12,HW_Damped_Add,revenue_only,1,2021-01,1.54903,1.4400720705554075
2020-12,validation,12,HW_Damped_Add,revenue_only,2,2021-02,1.415693,1.2390320796877534
2020-12,validation,12,HW_Damped_Add,revenue_only,3,2021-03,1.728671,1.4954228184519451
2020-12,validation,12,HW_Damped_Add,revenue_only,4,2021-04,1.770181,1.5025438374631783
2020-12,validation,12,HW_Damped_Add,revenue_only,5,2021-05,1.8031,1.4677704278318373
2020-12,validation,12,HW_Damped_Add,revenue_only,6,2021-06,1.869965,1.380332844664651
2020-12,validation,12,HW_Damped_Add,revenue_only,7,2021-07,1.928594,1.4640034487042646
2020-12,validation,12,HW_Damped_Add,revenue_only,8,2021-08,1.945708,1.4902839549489988
2020-12,validation,12,HW_Damped_Add,revenue_only,9,2021-09,1.795957,1.4260677296570037
2020-12,validation,12,HW_Damped_Add,revenue_only,10,2021-10,1.704222,1.3889607631373158
2020-12,validation,12,HW_Damped_Add,revenue_only,11,2021-11,1.801408,1.4427979938907347
2020-12,validation,12,HW_Damped_Add,revenue_only,12,2021-12,1.81951,1.442283364981963
2020-12,validation,12,Ridge,revenue_only,1,2021-01,1.54903,1.4985681714839418
2020-12,validation,12,Ridge,revenue_only,2,2021-02,1.415693,1.5401677991028988
2020-12,validation,12,Ridge,revenue_only,3,2021-03,1.728671,1.5904533506238077
2020-12,validation,12,Ridge,revenue_only,4,2021-04,1.770181,1.6363550425560942
2020-12,validation,12,Ridge,revenue_only,5,2021-05,1.8031,1.6649757860046053
2020-12,validation,12,Ridge,revenue_only,6,2021-06,1.869965,1.6679204641345051
2020-12,validation,12,Ridge,revenue_only,7,2021-07,1.928594,1.6445806278403543
2020-12,validation,12,Ridge,revenue_only,8,2021-08,1.945708,1.6023903774815087
2020-12,validation,12,Ridge,revenue_only,9,2021-09,1.795957,1.5538894750993182
2020-12,validation,12,Ridge,revenue_only,10,2021-10,1.704222,1.512405382798491
2020-12,validation,12,Ridge,revenue_only,11,2021-11,1.801408,1.48847835841122
2020-12,validation,12,Ridge,revenue_only,12,2021-12,1.81951,1.487920756934519
2020-12,validation,12,GradientBoosting,revenue_only,1,2021-01,1.54903,1.4045593928220836
2020-12,validation,12,GradientBoosting,revenue_only,2,2021-02,1.415693,1.2522294410240835
2020-12,validation,12,GradientBoosting,revenue_only,3,2021-03,1.728671,1.4979492801974603
2020-12,validation,12,GradientBoosting,revenue_only,4,2021-04,1.770181,1.6172856708807437
2020-12,validation,12,GradientBoosting,revenue_only,5,2021-05,1.8031,1.6138265587415344
2020-12,validation,12,GradientBoosting,revenue_only,6,2021-06,1.869965,1.5432772184666348
2020-12,validation,12,GradientBoosting,revenue_only,7,2021-07,1.928594,1.5496937853523585
2020-12,validation,12,GradientBoosting,revenue_only,8,2021-08,1.945708,1.5496937853523585
2020-12,validation,12,GradientBoosting,revenue_only,9,2021-09,1.795957,1.4155337079678525
2020-12,validation,12,GradientBoosting,revenue_only,10,2021-10,1.704222,1.374885726917734
2020-12,validation,12,GradientBoosting,revenue_only,11,2021-11,1.801408,1.4562759557416145
2020-12,validation,12,GradientBoosting,revenue_only,12,2021-12,1.81951,1.4562759557416145
2020-12,validation,12,Ridge,quarterly_expanded,1,2021-01,1.54903,1.4523292948255044
2020-12,validation,12,Ridge,quarterly_expanded,2,2021-02,1.415693,1.4889832103345362
2020-12,validation,12,Ridge,quarterly_expanded,3,2021-03,1.728671,1.5343127057123134
2020-12,validation,12,Ridge,quarterly_expanded,4,2021-04,1.770181,1.5763107221448356
2020-12,validation,12,Ridge,quarterly_expanded,5,2021-05,1.8031,1.6029701412355033
2020-12,validation,12,Ridge,quarterly_expanded,6,2021-06,1.869965,1.6062285348500296
2020-12,validation,12,Ridge,quarterly_expanded,7,2021-07,1.928594,1.5850593137906366
2020-12,validation,12,Ridge,quarterly_expanded,8,2021-08,1.945708,1.545888382748262
2020-12,validation,12,Ridge,quarterly_expanded,9,2021-09,1.795957,1.5000694657197329
2020-12,validation,12,Ridge,quarterly_expanded,10,2021-10,1.704222,1.4599592734769231
2020-12,validation,12,Ridge,quarterly_expanded,11,2021-11,1.801408,1.4355372166211078
2020-12,validation,12,Ridge,quarterly_expanded,12,2021-12,1.81951,1.4324842980802936
2020-12,validation,12,GradientBoosting,quarterly_expanded,1,2021-01,1.54903,1.4472235604845445
2020-12,validation,12,GradientBoosting,quarterly_expanded,2,2021-02,1.415693,1.320119330492019
2020-12,validation,12,GradientBoosting,quarterly_expanded,3,2021-03,1.728671,1.5892907725023924
2020-12,validation,12,GradientBoosting,quarterly_expanded,4,2021-04,1.770181,1.6559796073651485
2020-12,validation,12,GradientBoosting,quarterly_expanded,5,2021-05,1.8031,1.6344300187058198
2020-12,validation,12,GradientBoosting,quarterly_expanded,6,2021-06,1.869965,1.5671203636298507
2020-12,validation,12,GradientBoosting,quarterly_expanded,7,2021-07,1.928594,1.5848731650586425
2020-12,validation,12,GradientBoosting,quarterly_expanded,8,2021-08,1.945708,1.5059939132652045
2020-12,validation,12,GradientBoosting,quarterly_expanded,9,2021-09,1.795957,1.3487838337815747
2020-12,validation,12,GradientBoosting,quarterly_expanded,10,2021-10,1.704222,1.3407078778230956
2020-12,validation,12,GradientBoosting,quarterly_expanded,11,2021-11,1.801408,1.4582855743883507
2020-12,validation,12,GradientBoosting,quarterly_expanded,12,2021-12,1.81951,1.4582855743883507
2020-12,validation,12,Ridge,peer_fx,1,2021-01,1.54903,1.4150697343252026
2020-12,validation,12,Ridge,peer_fx,2,2021-02,1.415693,1.4515792581501463
2020-12,validation,12,Ridge,peer_fx,3,2021-03,1.728671,1.4962189861542814
2020-12,validation,12,Ridge,peer_fx,4,2021-04,1.770181,1.537188264165125
2020-12,validation,12,Ridge,peer_fx,5,2021-05,1.8031,1.562800730087892
2020-12,validation,12,Ridge,peer_fx,6,2021-06,1.869965,1.5653539587550895
2020-12,validation,12,Ridge,peer_fx,7,2021-07,1.928594,1.5440972765247551
2020-12,validation,12,Ridge,peer_fx,8,2021-08,1.945708,1.5055378277386016
2020-12,validation,12,Ridge,peer_fx,9,2021-09,1.795957,1.4608889056975631
2020-12,validation,12,Ridge,peer_fx,10,2021-10,1.704222,1.4222148819541884
2020-12,validation,12,Ridge,peer_fx,11,2021-11,1.801408,1.3991639278788917
2020-12,validation,12,Ridge,peer_fx,12,2021-12,1.81951,1.3971388721195095
2020-12,validation,12,GradientBoosting,peer_fx,1,2021-01,1.54903,1.3896439465774884
2020-12,validation,12,GradientBoosting,peer_fx,2,2021-02,1.415693,1.236771792011408
2020-12,validation,12,GradientBoosting,peer_fx,3,2021-03,1.728671,1.4900738802596971
2020-12,validation,12,GradientBoosting,peer_fx,4,2021-04,1.770181,1.6037907559740303
2020-12,validation,12,GradientBoosting,peer_fx,5,2021-05,1.8031,1.6038188650629488
2020-12,validation,12,GradientBoosting,peer_fx,6,2021-06,1.869965,1.5343251470794743
2020-12,validation,12,GradientBoosting,peer_fx,7,2021-07,1.928594,1.5457648993047433
2020-12,validation,12,GradientBoosting,peer_fx,8,2021-08,1.945708,1.5255262785172918
2020-12,validation,12,GradientBoosting,peer_fx,9,2021-09,1.795957,1.3944174995989913
2020-12,validation,12,GradientBoosting,peer_fx,10,2021-10,1.704222,1.3632782993718662
2020-12,validation,12,GradientBoosting,peer_fx,11,2021-11,1.801408,1.4112151997858395
2020-12,validation,12,GradientBoosting,peer_fx,12,2021-12,1.81951,1.4112151997858395
2020-12,validation,12,Ridge,all,1,2021-01,1.54903,1.4373043919255477
2020-12,validation,12,Ridge,all,2,2021-02,1.415693,1.4733046827112612
2020-12,validation,12,Ridge,all,3,2021-03,1.728671,1.5178389248116604
2020-12,validation,12,Ridge,all,4,2021-04,1.770181,1.559084933176256
2020-12,validation,12,Ridge,all,5,2021-05,1.8031,1.5852286041810832
2020-12,validation,12,Ridge,all,6,2021-06,1.869965,1.588341889823755
2020-12,validation,12,Ridge,all,7,2021-07,1.928594,1.5674179509686468
2020-12,validation,12,Ridge,all,8,2021-08,1.945708,1.5287787414458622
2020-12,validation,12,Ridge,all,9,2021-09,1.795957,1.483594290787877
2020-12,validation,12,Ridge,all,10,2021-10,1.704222,1.4440249602391435
2020-12,validation,12,Ridge,all,11,2021-11,1.801408,1.419894934395977
2020-12,validation,12,Ridge,all,12,2021-12,1.81951,1.4167974140015938
2020-12,validation,12,GradientBoosting,all,1,2021-01,1.54903,1.4149464385862909
2020-12,validation,12,GradientBoosting,all,2,2021-02,1.415693,1.2758326603848436
2020-12,validation,12,GradientBoosting,all,3,2021-03,1.728671,1.5285182576995056
2020-12,validation,12,GradientBoosting,all,4,2021-04,1.770181,1.6483369532950718
2020-12,validation,12,GradientBoosting,all,5,2021-05,1.8031,1.6293650854294215
2020-12,validation,12,GradientBoosting,all,6,2021-06,1.869965,1.5427176294761782
2020-12,validation,12,GradientBoosting,all,7,2021-07,1.928594,1.575246177426371
2020-12,validation,12,GradientBoosting,all,8,2021-08,1.945708,1.5293706085423069
2020-12,validation,12,GradientBoosting,all,9,2021-09,1.795957,1.40323976590479
2020-12,validation,12,GradientBoosting,all,10,2021-10,1.704222,1.3516362724994655
2020-12,validation,12,GradientBoosting,all,11,2021-11,1.801408,1.4309327094302515
2020-12,validation,12,GradientBoosting,all,12,2021-12,1.81951,1.4309327094302515
2021-03,validation,12,HW_Damped_Add,revenue_only,1,2021-04,1.770181,1.7350910247211755
2021-03,validation,12,HW_Damped_Add,revenue_only,2,2021-05,1.8031,1.6996148227074392
2021-03,validation,12,HW_Damped_Add,revenue_only,3,2021-06,1.869965,1.611479493268658
2021-03,validation,12,HW_Damped_Add,revenue_only,4,2021-07,1.928594,1.694454519008895
2021-03,validation,12,HW_Damped_Add,revenue_only,5,2021-08,1.945708,1.7200336127414195
2021-03,validation,12,HW_Damped_Add,revenue_only,6,2021-09,1.795957,1.655109907330531
2021-03,validation,12,HW_Damped_Add,revenue_only,7,2021-10,1.704222,1.617291710492778
2021-03,validation,12,HW_Damped_Add,revenue_only,8,2021-11,1.801408,1.6704147580392033
2021-03,validation,12,HW_Damped_Add,revenue_only,9,2021-12,1.81951,1.6691881656049594
2021-03,validation,12,HW_Damped_Add,revenue_only,10,2022-01,1.822394,1.7145498825994447
2021-03,validation,12,HW_Damped_Add,revenue_only,11,2022-02,1.464984,1.5201453577356765
2021-03,validation,12,HW_Damped_Add,revenue_only,12,2022-03,1.736445,1.7819324590593382
2021-03,validation,12,Ridge,revenue_only,1,2021-04,1.770181,1.6512695737168122
2021-03,validation,12,Ridge,revenue_only,2,2021-05,1.8031,1.6769015350941048
2021-03,validation,12,Ridge,revenue_only,3,2021-06,1.869965,1.6756995458199122
2021-03,validation,12,Ridge,revenue_only,4,2021-07,1.928594,1.6486591579144636
2021-03,validation,12,Ridge,revenue_only,5,2021-08,1.945708,1.6046065774681415
2021-03,validation,12,Ridge,revenue_only,6,2021-09,1.795957,1.556770558204524
2021-03,validation,12,Ridge,revenue_only,7,2021-10,1.704222,1.5183944456674223
2021-03,validation,12,Ridge,revenue_only,8,2021-11,1.801408,1.499397623835219
2021-03,validation,12,Ridge,revenue_only,9,2021-12,1.81951,1.504700357238573
2021-03,validation,12,Ridge,revenue_only,10,2022-01,1.822394,1.533688256446562
2021-03,validation,12,Ridge,revenue_only,11,2022-02,1.464984,1.580233261799362
2021-03,validation,12,Ridge,revenue_only,12,2022-03,1.736445,1.6333789443282651
2021-03,validation,12,GradientBoosting,revenue_only,1,2021-04,1.770181,1.68119725074953
2021-03,validation,12,GradientBoosting,revenue_only,2,2021-05,1.8031,1.6794342549319925
2021-03,validation,12,GradientBoosting,revenue_only,3,2021-06,1.869965,1.5738446268246828
2021-03,validation,12,GradientBoosting,revenue_only,4,2021-07,1.928594,1.5796043812649458
2021-03,validation,12,GradientBoosting,revenue_only,5,2021-08,1.945708,1.5254246735893957
2021-03,validation,12,GradientBoosting,revenue_only,6,2021-09,1.795957,1.3195951906763943
2021-03,validation,12,GradientBoosting,revenue_only,7,2021-10,1.704222,1.3486784443161175
2021-03,validation,12,GradientBoosting,revenue_only,8,2021-11,1.801408,1.4465741058754844
2021-03,validation,12,GradientBoosting,revenue_only,9,2021-12,1.81951,1.4550520352009375
2021-03,validation,12,GradientBoosting,revenue_only,10,2022-01,1.822394,1.4859703254651466
2021-03,validation,12,GradientBoosting,revenue_only,11,2022-02,1.464984,1.3777454058249905
2021-03,validation,12,GradientBoosting,revenue_only,12,2022-03,1.736445,1.6659419507998985
2021-03,validation,12,Ridge,quarterly_expanded,1,2021-04,1.770181,1.6170546200837408
2021-03,validation,12,Ridge,quarterly_expanded,2,2021-05,1.8031,1.6415507643641194
2021-03,validation,12,Ridge,quarterly_expanded,3,2021-06,1.869965,1.6400753884935686
2021-03,validation,12,Ridge,quarterly_expanded,4,2021-07,1.928594,1.6136353511375692
2021-03,validation,12,Ridge,quarterly_expanded,5,2021-08,1.945708,1.5707894329400465
2021-03,validation,12,Ridge,quarterly_expanded,6,2021-09,1.795957,1.5243361716903978
2021-03,validation,12,Ridge,quarterly_expanded,7,2021-10,1.704222,1.487081110261155
2021-03,validation,12,Ridge,quarterly_expanded,8,2021-11,1.801408,1.4686106636426914
2021-03,validation,12,Ridge,quarterly_expanded,9,2021-12,1.81951,1.4736652134829789
2021-03,validation,12,Ridge,quarterly_expanded,10,2022-01,1.822394,1.5016160173039967
2021-03,validation,12,Ridge,quarterly_expanded,11,2022-02,1.464984,1.5464930381784414
2021-03,validation,12,Ridge,quarterly_expanded,12,2022-03,1.736445,1.5976690914585212
2021-03,validation,12,GradientBoosting,quarterly_expanded,1,2021-04,1.770181,1.674753712055219
2021-03,validation,12,GradientBoosting,quarterly_expanded,2,2021-05,1.8031,1.674753712055219
2021-03,validation,12,GradientBoosting,quarterly_expanded,3,2021-06,1.869965,1.5479396358220885
2021-03,validation,12,GradientBoosting,quarterly_expanded,4,2021-07,1.928594,1.6066448394901809
2021-03,validation,12,GradientBoosting,quarterly_expanded,5,2021-08,1.945708,1.549160960900054
2021-03,validation,12,GradientBoosting,quarterly_expanded,6,2021-09,1.795957,1.3320112298952034
2021-03,validation,12,GradientBoosting,quarterly_expanded,7,2021-10,1.704222,1.3995774870182556
2021-03,validation,12,GradientBoosting,quarterly_expanded,8,2021-11,1.801408,1.5042892160998051
2021-03,validation,12,GradientBoosting,quarterly_expanded,9,2021-12,1.81951,1.5117487614978526
2021-03,validation,12,GradientBoosting,quarterly_expanded,10,2022-01,1.822394,1.5117487614978526
2021-03,validation,12,GradientBoosting,quarterly_expanded,11,2022-02,1.464984,1.4030902422547658
2021-03,validation,12,GradientBoosting,quarterly_expanded,12,2022-03,1.736445,1.7078614960605965
2021-03,validation,12,Ridge,peer_fx,1,2021-04,1.770181,1.6196775279487627
2021-03,validation,12,Ridge,peer_fx,2,2021-05,1.8031,1.6439872498044152
2021-03,validation,12,Ridge,peer_fx,3,2021-06,1.869965,1.6421749896690498
2021-03,validation,12,Ridge,peer_fx,4,2021-07,1.928594,1.6153543496313063
2021-03,validation,12,Ridge,peer_fx,5,2021-08,1.945708,1.572199906159416
2021-03,validation,12,Ridge,peer_fx,6,2021-09,1.795957,1.5255917824294545
2021-03,validation,12,Ridge,peer_fx,7,2021-10,1.704222,1.4883648463581658
2021-03,validation,12,Ridge,peer_fx,8,2021-11,1.801408,1.4700892364578877
2021-03,validation,12,Ridge,peer_fx,9,2021-12,1.81951,1.4754581360096597
2021-03,validation,12,Ridge,peer_fx,10,2022-01,1.822394,1.5037744509137212
2021-03,validation,12,Ridge,peer_fx,11,2022-02,1.464984,1.5489839706833974
2021-03,validation,12,Ridge,peer_fx,12,2022-03,1.736445,1.6003704771883138
2021-03,validation,12,GradientBoosting,peer_fx,1,2021-04,1.770181,1.6658825205311958
2021-03,validation,12,GradientBoosting,peer_fx,2,2021-05,1.8031,1.6658825205311958
2021-03,validation,12,GradientBoosting,peer_fx,3,2021-06,1.869965,1.5821797693365722
2021-03,validation,12,GradientBoosting,peer_fx,4,2021-07,1.928594,1.573740248912776
2021-03,validation,12,GradientBoosting,peer_fx,5,2021-08,1.945708,1.5312983723241598
2021-03,validation,12,GradientBoosting,peer_fx,6,2021-09,1.795957,1.3260561755536096
2021-03,validation,12,GradientBoosting,peer_fx,7,2021-10,1.704222,1.3482452712165691
2021-03,validation,12,GradientBoosting,peer_fx,8,2021-11,1.801408,1.4384483029381083
2021-03,validation,12,GradientBoosting,peer_fx,9,2021-12,1.81951,1.44916593547666
2021-03,validation,12,GradientBoosting,peer_fx,10,2022-01,1.822394,1.4650793495522498
2021-03,validation,12,GradientBoosting,peer_fx,11,2022-02,1.464984,1.363781884572506
2021-03,validation,12,GradientBoosting,peer_fx,12,2022-03,1.736445,1.6570159069100838
2021-03,validation,12,Ridge,all,1,2021-04,1.770181,1.637194736835749
2021-03,validation,12,Ridge,all,2,2021-05,1.8031,1.6618227122274667
2021-03,validation,12,Ridge,all,3,2021-06,1.869965,1.6602039842510408
2021-03,validation,12,Ridge,all,4,2021-07,1.928594,1.633386714145566
2021-03,validation,12,Ridge,all,5,2021-08,1.945708,1.590037736749913
2021-03,validation,12,Ridge,all,6,2021-09,1.795957,1.5430917528346366
2021-03,validation,12,Ridge,all,7,2021-10,1.704222,1.5054783118482804
2021-03,validation,12,Ridge,all,8,2021-11,1.801408,1.486867801445258
2021-03,validation,12,Ridge,all,9,2021-12,1.81951,1.4920308364737955
2021-03,validation,12,Ridge,all,10,2022-01,1.822394,1.5203109929853476
2021-03,validation,12,Ridge,all,11,2022-02,1.464984,1.565655567334567
2021-03,validation,12,Ridge,all,12,2022-03,1.736445,1.6173131284867166
2021-03,validation,12,GradientBoosting,all,1,2021-04,1.770181,1.6831498508616811
2021-03,validation,12,GradientBoosting,all,2,2021-05,1.8031,1.681291836422862
2021-03,validation,12,GradientBoosting,all,3,2021-06,1.869965,1.5572690080008331
2021-03,validation,12,GradientBoosting,all,4,2021-07,1.928594,1.607155425519791
2021-03,validation,12,GradientBoosting,all,5,2021-08,1.945708,1.5496939900067697
2021-03,validation,12,GradientBoosting,all,6,2021-09,1.795957,1.3292281287168926
2021-03,validation,12,GradientBoosting,all,7,2021-10,1.704222,1.3942365793975664
2021-03,validation,12,GradientBoosting,all,8,2021-11,1.801408,1.497405925518044
2021-03,validation,12,GradientBoosting,all,9,2021-12,1.81951,1.5034253088293992
2021-03,validation,12,GradientBoosting,all,10,2022-01,1.822394,1.508310726702763
2021-03,validation,12,GradientBoosting,all,11,2022-02,1.464984,1.4009902215535577
2021-03,validation,12,GradientBoosting,all,12,2022-03,1.736445,1.7035311577289212
2021-06,validation,12,HW_Damped_Add,revenue_only,1,2021-07,1.928594,1.9518561862862307
2021-06,validation,12,HW_Damped_Add,revenue_only,2,2021-08,1.945708,1.976356679774448
2021-06,validation,12,HW_Damped_Add,revenue_only,3,2021-09,1.795957,1.9103607813367849
2021-06,validation,12,HW_Damped_Add,revenue_only,4,2021-10,1.704222,1.87147325693665
2021-06,validation,12,HW_Damped_Add,revenue_only,5,2021-11,1.801408,1.9235307332099043
2021-06,validation,12,HW_Damped_Add,revenue_only,6,2021-12,1.81951,1.9212366263106817
2021-06,validation,12,HW_Damped_Add,revenue_only,7,2022-01,1.822394,1.9655297877153703
2021-06,validation,12,HW_Damped_Add,revenue_only,8,2022-02,1.464984,1.770069171686439
2021-06,validation,12,HW_Damped_Add,revenue_only,9,2022-03,1.736445,2.03080598886092
2021-06,validation,12,HW_Damped_Add,revenue_only,10,2022-04,1.641441,2.039811983902028
2021-06,validation,12,HW_Damped_Add,revenue_only,11,2022-05,1.658904,2.010626776506276
2021-06,validation,12,HW_Damped_Add,revenue_only,12,2022-06,1.489451,1.938407072347585
2021-06,validation,12,Ridge,revenue_only,1,2021-07,1.928594,1.6774778945688238
2021-06,validation,12,Ridge,revenue_only,2,2021-08,1.945708,1.6254942677673403
2021-06,validation,12,Ridge,revenue_only,3,2021-09,1.795957,1.569142665885298
2021-06,validation,12,Ridge,revenue_only,4,2021-10,1.704222,1.524283043451815
2021-06,validation,12,Ridge,revenue_only,5,2021-11,1.801408,1.5025964792665334
2021-06,validation,12,Ridge,revenue_only,6,2021-12,1.81951,1.5098445969482812
2021-06,validation,12,Ridge,revenue_only,7,2022-01,1.822394,1.5454228890907948
2021-06,validation,12,Ridge,revenue_only,8,2022-02,1.464984,1.602320418284149
2021-06,validation,12,Ridge,revenue_only,9,2022-03,1.736445,1.667642832032479
2021-06,validation,12,Ridge,revenue_only,10,2022-04,1.641441,1.724767329033573
2021-06,validation,12,Ridge,revenue_only,11,2022-05,1.658904,1.757860598410243
2021-06,validation,12,Ridge,revenue_only,12,2022-06,1.489451,1.7576209180400524
2021-06,validation,12,GradientBoosting,revenue_only,1,2021-07,1.928594,1.6949754006372442
2021-06,validation,12,GradientBoosting,revenue_only,2,2021-08,1.945708,1.6201989489197317
2021-06,validation,12,GradientBoosting,revenue_only,3,2021-09,1.795957,1.4537306860868549
2021-06,validation,12,GradientBoosting,revenue_only,4,2021-10,1.704222,1.3502377522585145
2021-06,validation,12,GradientBoosting,revenue_only,5,2021-11,1.801408,1.45300073535777
2021-06,validation,12,GradientBoosting,revenue_only,6,2021-12,1.81951,1.4932575797301926
2021-06,validation,12,GradientBoosting,revenue_only,7,2022-01,1.822394,1.482381682478923
2021-06,validation,12,GradientBoosting,revenue_only,8,2022-02,1.464984,1.3663929368404089
2021-06,validation,12,GradientBoosting,revenue_only,9,2022-03,1.736445,1.683908837443968
2021-06,validation,12,GradientBoosting,revenue_only,10,2022-04,1.641441,1.8233926425408045
2021-06,validation,12,GradientBoosting,revenue_only,11,2022-05,1.658904,1.8163521714431847
2021-06,validation,12,GradientBoosting,revenue_only,12,2022-06,1.489451,1.7866240326602838
2021-06,validation,12,Ridge,quarterly_expanded,1,2021-07,1.928594,1.753765558567284
2021-06,validation,12,Ridge,quarterly_expanded,2,2021-08,1.945708,1.7025260867140746
2021-06,validation,12,Ridge,quarterly_expanded,3,2021-09,1.795957,1.6459838142937373
2021-06,validation,12,Ridge,quarterly_expanded,4,2021-10,1.704222,1.6004302834340889
2021-06,validation,12,Ridge,quarterly_expanded,5,2021-11,1.801408,1.5780940648609627
2021-06,validation,12,Ridge,quarterly_expanded,6,2021-12,1.81951,1.5852180102298192
2021-06,validation,12,Ridge,quarterly_expanded,7,2022-01,1.822394,1.6215131979492856
2021-06,validation,12,Ridge,quarterly_expanded,8,2022-02,1.464984,1.680090005507799
2021-06,validation,12,Ridge,quarterly_expanded,9,2022-03,1.736445,1.7479743749500585
2021-06,validation,12,Ridge,quarterly_expanded,10,2022-04,1.641441,1.8082486935075197
2021-06,validation,12,Ridge,quarterly_expanded,11,2022-05,1.658904,1.8445750610915743
2021-06,validation,12,Ridge,quarterly_expanded,12,2022-06,1.489451,1.847032425765825
2021-06,validation,12,GradientBoosting,quarterly_expanded,1,2021-07,1.928594,1.6763514380801332
2021-06,validation,12,GradientBoosting,quarterly_expanded,2,2021-08,1.945708,1.591809448273774
2021-06,validation,12,GradientBoosting,quarterly_expanded,3,2021-09,1.795957,1.4656065376066791
2021-06,validation,12,GradientBoosting,quarterly_expanded,4,2021-10,1.704222,1.3431971298554068
2021-06,validation,12,GradientBoosting,quarterly_expanded,5,2021-11,1.801408,1.4605758331716336
2021-06,validation,12,GradientBoosting,quarterly_expanded,6,2021-12,1.81951,1.4993501450641569
2021-06,validation,12,GradientBoosting,quarterly_expanded,7,2022-01,1.822394,1.5058384743690678
2021-06,validation,12,GradientBoosting,quarterly_expanded,8,2022-02,1.464984,1.400523305144883
2021-06,validation,12,GradientBoosting,quarterly_expanded,9,2022-03,1.736445,1.6897593734451195
2021-06,validation,12,GradientBoosting,quarterly_expanded,10,2022-04,1.641441,1.801261556501636
2021-06,validation,12,GradientBoosting,quarterly_expanded,11,2022-05,1.658904,1.7889591392925352
2021-06,validation,12,GradientBoosting,quarterly_expanded,12,2022-06,1.489451,1.7574568312944976
2021-06,validation,12,Ridge,peer_fx,1,2021-07,1.928594,1.7341104528959157
2021-06,validation,12,Ridge,peer_fx,2,2021-08,1.945708,1.6829207375938613
2021-06,validation,12,Ridge,peer_fx,3,2021-09,1.795957,1.6265937671216113
2021-06,validation,12,Ridge,peer_fx,4,2021-10,1.704222,1.581300353840539
2021-06,validation,12,Ridge,peer_fx,5,2021-11,1.801408,1.559141592271459
2021-06,validation,12,Ridge,peer_fx,6,2021-12,1.81951,1.5662628855007286
2021-06,validation,12,Ridge,peer_fx,7,2022-01,1.822394,1.602326980426915
2021-06,validation,12,Ridge,peer_fx,8,2022-02,1.464984,1.6604496938789652
2021-06,validation,12,Ridge,peer_fx,9,2022-03,1.736445,1.727713646129427
2021-06,validation,12,Ridge,peer_fx,10,2022-04,1.641441,1.7873021674142129
2021-06,validation,12,Ridge,peer_fx,11,2022-05,1.658904,1.8230067464896509
2021-06,validation,12,Ridge,peer_fx,12,2022-06,1.489451,1.8250327360367096
2021-06,validation,12,GradientBoosting,peer_fx,1,2021-07,1.928594,1.7083159607187608
2021-06,validation,12,GradientBoosting,peer_fx,2,2021-08,1.945708,1.6288914728841333
2021-06,validation,12,GradientBoosting,peer_fx,3,2021-09,1.795957,1.35526322408761
2021-06,validation,12,GradientBoosting,peer_fx,4,2021-10,1.704222,1.3483189036287049
2021-06,validation,12,GradientBoosting,peer_fx,5,2021-11,1.801408,1.456757447987809
2021-06,validation,12,GradientBoosting,peer_fx,6,2021-12,1.81951,1.4883320289419184
2021-06,validation,12,GradientBoosting,peer_fx,7,2022-01,1.822394,1.4844167442864291
2021-06,validation,12,GradientBoosting,peer_fx,8,2022-02,1.464984,1.3954571731969243
2021-06,validation,12,GradientBoosting,peer_fx,9,2022-03,1.736445,1.686396934668247
2021-06,validation,12,GradientBoosting,peer_fx,10,2022-04,1.641441,1.795710011884357
2021-06,validation,12,GradientBoosting,peer_fx,11,2022-05,1.658904,1.7940458945981408
2021-06,validation,12,GradientBoosting,peer_fx,12,2022-06,1.489451,1.769552486987148
2021-06,validation,12,Ridge,all,1,2021-07,1.928594,1.74207362974835
2021-06,validation,12,Ridge,all,2,2021-08,1.945708,1.6913217359032926
2021-06,validation,12,Ridge,all,3,2021-09,1.795957,1.6353349933814716
2021-06,validation,12,Ridge,all,4,2021-10,1.704222,1.5902564440894604
2021-06,validation,12,Ridge,all,5,2021-11,1.801408,1.5682026885573352
2021-06,validation,12,Ridge,all,6,2021-12,1.81951,1.5753563157402268
2021-06,validation,12,Ridge,all,7,2022-01,1.822394,1.6114217539458842
2021-06,validation,12,Ridge,all,8,2022-02,1.464984,1.6695571358994277
2021-06,validation,12,Ridge,all,9,2022-03,1.736445,1.7368910355611318
2021-06,validation,12,Ridge,all,10,2022-04,1.641441,1.7966518416945745
2021-06,validation,12,Ridge,all,11,2022-05,1.658904,1.8326548658654664
2021-06,validation,12,Ridge,all,12,2022-06,1.489451,1.8350836562929504
2021-06,validation,12,GradientBoosting,all,1,2021-07,1.928594,1.6828032080939168
2021-06,validation,12,GradientBoosting,all,2,2021-08,1.945708,1.5958703840122364
2021-06,validation,12,GradientBoosting,all,3,2021-09,1.795957,1.4678426928589785
2021-06,validation,12,GradientBoosting,all,4,2021-10,1.704222,1.3398280930289082
2021-06,validation,12,GradientBoosting,all,5,2021-11,1.801408,1.4588948258199157
2021-06,validation,12,GradientBoosting,all,6,2021-12,1.81951,1.5005515719645983
2021-06,validation,12,GradientBoosting,all,7,2022-01,1.822394,1.5025596367767535
2021-06,validation,12,GradientBoosting,all,8,2022-02,1.464984,1.406715069494799
2021-06,validation,12,GradientBoosting,all,9,2022-03,1.736445,1.6927850875016015
2021-06,validation,12,GradientBoosting,all,10,2022-04,1.641441,1.8006532844787804
2021-06,validation,12,GradientBoosting,all,11,2022-05,1.658904,1.7897627292076688
2021-06,validation,12,GradientBoosting,all,12,2022-06,1.489451,1.7562448461046436
2021-09,validation,12,HW_Damped_Add,revenue_only,1,2021-10,1.704222,1.7575420252154017
2021-09,validation,12,HW_Damped_Add,revenue_only,2,2021-11,1.801408,1.8100692900094244
2021-09,validation,12,HW_Damped_Add,revenue_only,3,2021-12,1.81951,1.8082480808299657
2021-09,validation,12,HW_Damped_Add,revenue_only,4,2022-01,1.822394,1.8530155398942867
2021-09,validation,12,HW_Damped_Add,revenue_only,5,2022-02,1.464984,1.658022755328904
2021-09,validation,12,HW_Damped_Add,revenue_only,6,2022-03,1.736445,1.919226681879153
2021-09,validation,12,HW_Damped_Add,revenue_only,7,2022-04,1.641441,1.928696240941858
2021-09,validation,12,HW_Damped_Add,revenue_only,8,2022-05,1.658904,1.899978885368428
2021-09,validation,12,HW_Damped_Add,revenue_only,9,2022-06,1.489451,1.828227198703233
2021-09,validation,12,HW_Damped_Add,revenue_only,10,2022-07,1.541013,1.9076623022556372
2021-09,validation,12,HW_Damped_Add,revenue_only,11,2022-08,1.483968,1.9314709029771335
2021-09,validation,12,HW_Damped_Add,revenue_only,12,2022-09,1.490297,1.856292405140609
2021-09,validation,12,Ridge,revenue_only,1,2021-10,1.704222,1.5108078536391254
2021-09,validation,12,Ridge,revenue_only,2,2021-11,1.801408,1.4801194979236634
2021-09,validation,12,Ridge,revenue_only,3,2021-12,1.81951,1.477254670889493
2021-09,validation,12,Ridge,revenue_only,4,2022-01,1.822394,1.504136955352054
2021-09,validation,12,Ridge,revenue_only,5,2022-02,1.464984,1.5562205479971294
2021-09,validation,12,Ridge,revenue_only,6,2022-03,1.736445,1.6226403913142875
2021-09,validation,12,Ridge,revenue_only,7,2022-04,1.641441,1.687540199745055
2021-09,validation,12,Ridge,revenue_only,8,2022-05,1.658904,1.7337238659969014
2021-09,validation,12,Ridge,revenue_only,9,2022-06,1.489451,1.748375378426769
2021-09,validation,12,Ridge,revenue_only,10,2022-07,1.541013,1.728287617837612
2021-09,validation,12,Ridge,revenue_only,11,2022-08,1.483968,1.6813015028573477
2021-09,validation,12,Ridge,revenue_only,12,2022-09,1.490297,1.622959978866571
2021-09,validation,12,GradientBoosting,revenue_only,1,2021-10,1.704222,1.4424019113793174
2021-09,validation,12,GradientBoosting,revenue_only,2,2021-11,1.801408,1.5290890112933029
2021-09,validation,12,GradientBoosting,revenue_only,3,2021-12,1.81951,1.508358008939532
2021-09,validation,12,GradientBoosting,revenue_only,4,2022-01,1.822394,1.470753354107727
2021-09,validation,12,GradientBoosting,revenue_only,5,2022-02,1.464984,1.3501571471082987
2021-09,validation,12,GradientBoosting,revenue_only,6,2022-03,1.736445,1.7535299067729184
2021-09,validation,12,GradientBoosting,revenue_only,7,2022-04,1.641441,1.8309733049122487
2021-09,validation,12,GradientBoosting,revenue_only,8,2022-05,1.658904,1.8269747488831904
2021-09,validation,12,GradientBoosting,revenue_only,9,2022-06,1.489451,1.8449234520388065
2021-09,validation,12,GradientBoosting,revenue_only,10,2022-07,1.541013,1.8793465968170364
2021-09,validation,12,GradientBoosting,revenue_only,11,2022-08,1.483968,1.8341879110365051
2021-09,validation,12,GradientBoosting,revenue_only,12,2022-09,1.490297,1.7398669336364356
2021-09,validation,12,Ridge,quarterly_expanded,1,2021-10,1.704222,1.6103463310966857
2021-09,validation,12,Ridge,quarterly_expanded,2,2021-11,1.801408,1.583168242639433
2021-09,validation,12,Ridge,quarterly_expanded,3,2021-12,1.81951,1.584403283399984
2021-09,validation,12,Ridge,quarterly_expanded,4,2022-01,1.822394,1.6157059670490683
2021-09,validation,12,Ridge,quarterly_expanded,5,2022-02,1.464984,1.6720836198974922
2021-09,validation,12,Ridge,quarterly_expanded,6,2022-03,1.736445,1.7421246930834329
2021-09,validation,12,Ridge,quarterly_expanded,7,2022-04,1.641441,1.809541994550859
2021-09,validation,12,Ridge,quarterly_expanded,8,2022-05,1.658904,1.8570591876221765
2021-09,validation,12,Ridge,quarterly_expanded,9,2022-06,1.489451,1.872198712766881
2021-09,validation,12,Ridge,quarterly_expanded,10,2022-07,1.541013,1.8523378793313177
2021-09,validation,12,Ridge,quarterly_expanded,11,2022-08,1.483968,1.8058821492888983
2021-09,validation,12,Ridge,quarterly_expanded,12,2022-09,1.490297,1.7487713184175224
2021-09,validation,12,GradientBoosting,quarterly_expanded,1,2021-10,1.704222,1.4431965687366872
2021-09,validation,12,GradientBoosting,quarterly_expanded,2,2021-11,1.801408,1.531557270181725
2021-09,validation,12,GradientBoosting,quarterly_expanded,3,2021-12,1.81951,1.5104318583428056
2021-09,validation,12,GradientBoosting,quarterly_expanded,4,2022-01,1.822394,1.489714458902944
2021-09,validation,12,GradientBoosting,quarterly_expanded,5,2022-02,1.464984,1.3636833920876008
2021-09,validation,12,GradientBoosting,quarterly_expanded,6,2022-03,1.736445,1.7756041151928652
2021-09,validation,12,GradientBoosting,quarterly_expanded,7,2022-04,1.641441,1.8563362549923643
2021-09,validation,12,GradientBoosting,quarterly_expanded,8,2022-05,1.658904,1.8538321376633429
2021-09,validation,12,GradientBoosting,quarterly_expanded,9,2022-06,1.489451,1.860336745580829
2021-09,validation,12,GradientBoosting,quarterly_expanded,10,2022-07,1.541013,1.8888903247583173
2021-09,validation,12,GradientBoosting,quarterly_expanded,11,2022-08,1.483968,1.8133189420768632
2021-09,validation,12,GradientBoosting,quarterly_expanded,12,2022-09,1.490297,1.724088989894549
2021-09,validation,12,Ridge,peer_fx,1,2021-10,1.704222,1.6128026428586406
2021-09,validation,12,Ridge,peer_fx,2,2021-11,1.801408,1.585349290294729
2021-09,validation,12,Ridge,peer_fx,3,2021-12,1.81951,1.5865290204148357
2021-09,validation,12,Ridge,peer_fx,4,2022-01,1.822394,1.6179806756043686
2021-09,validation,12,Ridge,peer_fx,5,2022-02,1.464984,1.6746576397836757
2021-09,validation,12,Ridge,peer_fx,6,2022-03,1.736445,1.7450547717439142
2021-09,validation,12,Ridge,peer_fx,7,2022-04,1.641441,1.812759389547992
2021-09,validation,12,Ridge,peer_fx,8,2022-05,1.658904,1.8603700321955727
2021-09,validation,12,Ridge,peer_fx,9,2022-06,1.489451,1.8753364069824248
2021-09,validation,12,Ridge,peer_fx,10,2022-07,1.541013,1.8550549682151551
2021-09,validation,12,Ridge,peer_fx,11,2022-08,1.483968,1.808035635974394
2021-09,validation,12,Ridge,peer_fx,12,2022-09,1.490297,1.750357929365376
2021-09,validation,12,GradientBoosting,peer_fx,1,2021-10,1.704222,1.4454962856832612
2021-09,validation,12,GradientBoosting,peer_fx,2,2021-11,1.801408,1.5307767558798022
2021-09,validation,12,GradientBoosting,peer_fx,3,2021-12,1.81951,1.5035643754110315
2021-09,validation,12,GradientBoosting,peer_fx,4,2022-01,1.822394,1.4743017719555076
2021-09,validation,12,GradientBoosting,peer_fx,5,2022-02,1.464984,1.3613847018582783
2021-09,validation,12,GradientBoosting,peer_fx,6,2022-03,1.736445,1.7633086500399568
2021-09,validation,12,GradientBoosting,peer_fx,7,2022-04,1.641441,1.846952150424498
2021-09,validation,12,GradientBoosting,peer_fx,8,2022-05,1.658904,1.8453066720022864
2021-09,validation,12,GradientBoosting,peer_fx,9,2022-06,1.489451,1.8564916338538064
2021-09,validation,12,GradientBoosting,peer_fx,10,2022-07,1.541013,1.8916364245336876
2021-09,validation,12,GradientBoosting,peer_fx,11,2022-08,1.483968,1.8435400367665116
2021-09,validation,12,GradientBoosting,peer_fx,12,2022-09,1.490297,1.7478627273473626
2021-09,validation,12,Ridge,all,1,2021-10,1.704222,1.6460983053938296
2021-09,validation,12,Ridge,all,2,2021-11,1.801408,1.6186689662206115
2021-09,validation,12,Ridge,all,3,2021-12,1.81951,1.6203061383758772
2021-09,validation,12,Ridge,all,4,2022-01,1.822394,1.6526450009479912
2021-09,validation,12,Ridge,all,5,2022-02,1.464984,1.7105280222858223
2021-09,validation,12,Ridge,all,6,2022-03,1.736445,1.7822444182621673
2021-09,validation,12,Ridge,all,7,2022-04,1.641441,1.8511247640185795
2021-09,validation,12,Ridge,all,8,2022-05,1.658904,1.8995341650539936
2021-09,validation,12,Ridge,all,9,2022-06,1.489451,1.9147927002356424
2021-09,validation,12,Ridge,all,10,2022-07,1.541013,1.8943183101303191
2021-09,validation,12,Ridge,all,11,2022-08,1.483968,1.8467836840350376
2021-09,validation,12,Ridge,all,12,2022-09,1.490297,1.788515259912853
2021-09,validation,12,GradientBoosting,all,1,2021-10,1.704222,1.442299709880858
2021-09,validation,12,GradientBoosting,all,2,2021-11,1.801408,1.5315760602215178
2021-09,validation,12,GradientBoosting,all,3,2021-12,1.81951,1.5104394577586124
2021-09,validation,12,GradientBoosting,all,4,2022-01,1.822394,1.4969815615386068
2021-09,validation,12,GradientBoosting,all,5,2022-02,1.464984,1.371775812910687
2021-09,validation,12,GradientBoosting,all,6,2022-03,1.736445,1.777425486880826
2021-09,validation,12,GradientBoosting,all,7,2022-04,1.641441,1.8628490985862372
2021-09,validation,12,GradientBoosting,all,8,2022-05,1.658904,1.8573240241281508
2021-09,validation,12,GradientBoosting,all,9,2022-06,1.489451,1.8599273730734844
2021-09,validation,12,GradientBoosting,all,10,2022-07,1.541013,1.8880569592251315
2021-09,validation,12,GradientBoosting,all,11,2022-08,1.483968,1.8089279843784487
2021-09,validation,12,GradientBoosting,all,12,2022-09,1.490297,1.7234351364463656
2021-12,validation,12,HW_Damped_Add,revenue_only,1,2022-01,1.822394,1.8642351009225544
2021-12,validation,12,HW_Damped_Add,revenue_only,2,2022-02,1.464984,1.6691908860567817
2021-12,validation,12,HW_Damped_Add,revenue_only,3,2022-03,1.736445,1.9303459526176845
2021-12,validation,12,HW_Damped_Add,revenue_only,4,2022-04,1.641441,1.939766811937325
2021-12,validation,12,HW_Damped_Add,revenue_only,5,2022-05,1.658904,1.911007073825644
2021-12,validation,12,HW_Damped_Add,revenue_only,6,2022-06,1.489451,1.8392011492587748
2021-12,validation,12,HW_Damped_Add,revenue_only,7,2022-07,1.541013,1.918594303876604
2021-12,validation,12,HW_Damped_Add,revenue_only,8,2022-08,1.483968,1.942351475908324
2021-12,validation,12,HW_Damped_Add,revenue_only,9,2022-09,1.490297,1.8671292213409296
2021-12,validation,12,HW_Damped_Add,revenue_only,10,2022-10,1.327315,1.822447248200604
2021-12,validation,12,HW_Damped_Add,revenue_only,11,2022-11,1.473019,1.879595929265229
2021-12,validation,12,HW_Damped_Add,revenue_only,12,2022-12,1.342897,1.87964287371195
2021-12,validation,12,Ridge,revenue_only,1,2022-01,1.822394,1.5449097794172229
2021-12,validation,12,Ridge,revenue_only,2,2022-02,1.464984,1.5909842028643049
2021-12,validation,12,Ridge,revenue_only,3,2022-03,1.736445,1.6495280530344127
2021-12,validation,12,Ridge,revenue_only,4,2022-04,1.641441,1.7068992129330651
2021-12,validation,12,Ridge,revenue_only,5,2022-05,1.658904,1.7484781946865076
2021-12,validation,12,Ridge,revenue_only,6,2022-06,1.489451,1.7633739814855485
2021-12,validation,12,Ridge,revenue_only,7,2022-07,1.541013,1.7486452535843715
2021-12,validation,12,Ridge,revenue_only,8,2022-08,1.483968,1.7105529799443169
2021-12,validation,12,Ridge,revenue_only,9,2022-09,1.490297,1.6620353368206984
2021-12,validation,12,Ridge,revenue_only,10,2022-10,1.327315,1.618041448593671
2021-12,validation,12,Ridge,revenue_only,11,2022-11,1.473019,1.591236974874456
2021-12,validation,12,Ridge,revenue_only,12,2022-12,1.342897,1.5894549217425746
2021-12,validation,12,GradientBoosting,revenue_only,1,2022-01,1.822394,1.6596854588121943
2021-12,validation,12,GradientBoosting,revenue_only,2,2022-02,1.464984,1.5487044039290343
2021-12,validation,12,GradientBoosting,revenue_only,3,2022-03,1.736445,1.7163121451643684
2021-12,validation,12,GradientBoosting,revenue_only,4,2022-04,1.641441,1.803235221706152
2021-12,validation,12,GradientBoosting,revenue_only,5,2022-05,1.658904,1.8212271716531447
2021-12,validation,12,GradientBoosting,revenue_only,6,2022-06,1.489451,1.897477492579028
2021-12,validation,12,GradientBoosting,revenue_only,7,2022-07,1.541013,1.8991675688892529
2021-12,validation,12,GradientBoosting,revenue_only,8,2022-08,1.483968,1.85392219529824
2021-12,validation,12,GradientBoosting,revenue_only,9,2022-09,1.490297,1.7450200151781925
2021-12,validation,12,GradientBoosting,revenue_only,10,2022-10,1.327315,1.7195934421179662
2021-12,validation,12,GradientBoosting,revenue_only,11,2022-11,1.473019,1.7741085160667116
2021-12,validation,12,GradientBoosting,revenue_only,12,2022-12,1.342897,1.7757925329354052
2021-12,validation,12,Ridge,quarterly_expanded,1,2022-01,1.822394,1.6407925348521228
2021-12,validation,12,Ridge,quarterly_expanded,2,2022-02,1.464984,1.6960195282083033
2021-12,validation,12,Ridge,quarterly_expanded,3,2022-03,1.736445,1.7635349353778311
2021-12,validation,12,Ridge,quarterly_expanded,4,2022-04,1.641441,1.82789374569272
2021-12,validation,12,Ridge,quarterly_expanded,5,2022-05,1.658904,1.8730120614497408
2021-12,validation,12,Ridge,quarterly_expanded,6,2022-06,1.489451,1.8875379273668729
2021-12,validation,12,Ridge,quarterly_expanded,7,2022-07,1.541013,1.869379628196113
2021-12,validation,12,Ridge,quarterly_expanded,8,2022-08,1.483968,1.826632369234696
2021-12,validation,12,Ridge,quarterly_expanded,9,2022-09,1.490297,1.7743069401758005
2021-12,validation,12,Ridge,quarterly_expanded,10,2022-10,1.327315,1.728990840815068
2021-12,validation,12,Ridge,quarterly_expanded,11,2022-11,1.473019,1.7042522901238313
2021-12,validation,12,Ridge,quarterly_expanded,12,2022-12,1.342897,1.7080854538964347
2021-12,validation,12,GradientBoosting,quarterly_expanded,1,2022-01,1.822394,1.681522545691961
2021-12,validation,12,GradientBoosting,quarterly_expanded,2,2022-02,1.464984,1.5722369421493794
2021-12,validation,12,GradientBoosting,quarterly_expanded,3,2022-03,1.736445,1.764740406494938
2021-12,validation,12,GradientBoosting,quarterly_expanded,4,2022-04,1.641441,1.8432321105064389
2021-12,validation,12,GradientBoosting,quarterly_expanded,5,2022-05,1.658904,1.847079294533403
2021-12,validation,12,GradientBoosting,quarterly_expanded,6,2022-06,1.489451,1.910382419862169
2021-12,validation,12,GradientBoosting,quarterly_expanded,7,2022-07,1.541013,1.9166133050056813
2021-12,validation,12,GradientBoosting,quarterly_expanded,8,2022-08,1.483968,1.8790110136665683
2021-12,validation,12,GradientBoosting,quarterly_expanded,9,2022-09,1.490297,1.764964842732025
2021-12,validation,12,GradientBoosting,quarterly_expanded,10,2022-10,1.327315,1.7246226862489689
2021-12,validation,12,GradientBoosting,quarterly_expanded,11,2022-11,1.473019,1.785456477417872
2021-12,validation,12,GradientBoosting,quarterly_expanded,12,2022-12,1.342897,1.7874565672696168
2021-12,validation,12,Ridge,peer_fx,1,2022-01,1.822394,1.6749759229508776
2021-12,validation,12,Ridge,peer_fx,2,2022-02,1.464984,1.73135454370489
2021-12,validation,12,Ridge,peer_fx,3,2022-03,1.736445,1.800305434115036
2021-12,validation,12,Ridge,peer_fx,4,2022-04,1.641441,1.8660465132824235
2021-12,validation,12,Ridge,peer_fx,5,2022-05,1.658904,1.912136967303675
2021-12,validation,12,Ridge,peer_fx,6,2022-06,1.489451,1.9269670026536003
2021-12,validation,12,Ridge,peer_fx,7,2022-07,1.541013,1.908389768709513
2021-12,validation,12,Ridge,peer_fx,8,2022-08,1.483968,1.864672376855603
2021-12,validation,12,Ridge,peer_fx,9,2022-09,1.490297,1.811153485685212
2021-12,validation,12,Ridge,peer_fx,10,2022-10,1.327315,1.764785324865688
2021-12,validation,12,Ridge,peer_fx,11,2022-11,1.473019,1.739435185873244
2021-12,validation,12,Ridge,peer_fx,12,2022-12,1.342897,1.7432748749711884
2021-12,validation,12,GradientBoosting,peer_fx,1,2022-01,1.822394,1.6581641039489186
2021-12,validation,12,GradientBoosting,peer_fx,2,2022-02,1.464984,1.5929534095284166
2021-12,validation,12,GradientBoosting,peer_fx,3,2022-03,1.736445,1.7504870605153933
2021-12,validation,12,GradientBoosting,peer_fx,4,2022-04,1.641441,1.7958448839052947
2021-12,validation,12,GradientBoosting,peer_fx,5,2022-05,1.658904,1.8099475285711064
2021-12,validation,12,GradientBoosting,peer_fx,6,2022-06,1.489451,1.8949674409681876
2021-12,validation,12,GradientBoosting,peer_fx,7,2022-07,1.541013,1.9083142624673084
2021-12,validation,12,GradientBoosting,peer_fx,8,2022-08,1.483968,1.878781837948193
2021-12,validation,12,GradientBoosting,peer_fx,9,2022-09,1.490297,1.7751778482619296
2021-12,validation,12,GradientBoosting,peer_fx,10,2022-10,1.327315,1.6960412913346483
2021-12,validation,12,GradientBoosting,peer_fx,11,2022-11,1.473019,1.7719314029053412
2021-12,validation,12,GradientBoosting,peer_fx,12,2022-12,1.342897,1.7719314029053412
2021-12,validation,12,Ridge,all,1,2022-01,1.822394,1.690865319829577
2021-12,validation,12,Ridge,all,2,2022-02,1.464984,1.7485035386184415
2021-12,validation,12,Ridge,all,3,2022-03,1.736445,1.8188615836152435
2021-12,validation,12,Ridge,all,4,2022-04,1.641441,1.8858735193185496
2021-12,validation,12,Ridge,all,5,2022-05,1.658904,1.9328134580785457
2021-12,validation,12,Ridge,all,6,2022-06,1.489451,1.9478958940110749
2021-12,validation,12,Ridge,all,7,2022-07,1.541013,1.9289917666059249
2021-12,validation,12,Ridge,all,8,2022-08,1.483968,1.8845759782168685
2021-12,validation,12,Ridge,all,9,2022-09,1.490297,1.8302958387711608
2021-12,validation,12,Ridge,all,10,2022-10,1.327315,1.7834016174589074
2021-12,validation,12,Ridge,all,11,2022-11,1.473019,1.7579744287186123
2021-12,validation,12,Ridge,all,12,2022-12,1.342897,1.7622906146415196
2021-12,validation,12,GradientBoosting,all,1,2022-01,1.822394,1.648917510896041
2021-12,validation,12,GradientBoosting,all,2,2022-02,1.464984,1.5896485773086917
2021-12,validation,12,GradientBoosting,all,3,2022-03,1.736445,1.7370071738634576
2021-12,validation,12,GradientBoosting,all,4,2022-04,1.641441,1.7987032792125432
2021-12,validation,12,GradientBoosting,all,5,2022-05,1.658904,1.808537968761168
2021-12,validation,12,GradientBoosting,all,6,2022-06,1.489451,1.883448343088072
2021-12,validation,12,GradientBoosting,all,7,2022-07,1.541013,1.8982056012735176
2021-12,validation,12,GradientBoosting,all,8,2022-08,1.483968,1.8496297429240909
2021-12,validation,12,GradientBoosting,all,9,2022-09,1.490297,1.7261200425767147
2021-12,validation,12,GradientBoosting,all,10,2022-10,1.327315,1.6640804028571832
2021-12,validation,12,GradientBoosting,all,11,2022-11,1.473019,1.7443573843596856
2021-12,validation,12,GradientBoosting,all,12,2022-12,1.342897,1.7465812450896854
2022-03,validation,12,HW_Damped_Add,revenue_only,1,2022-04,1.641441,1.7466667994707794
2022-03,validation,12,HW_Damped_Add,revenue_only,2,2022-05,1.658904,1.718696677221948
2022-03,validation,12,HW_Damped_Add,revenue_only,3,2022-06,1.489451,1.64768761817592
2022-03,validation,12,HW_Damped_Add,revenue_only,4,2022-07,1.541013,1.7278614228648297
2022-03,validation,12,HW_Damped_Add,revenue_only,5,2022-08,1.483968,1.7524068541108035
2022-03,validation,12,HW_Damped_Add,revenue_only,6,2022-09,1.490297,1.677968107200674
2022-03,validation,12,HW_Damped_Add,revenue_only,7,2022-10,1.327315,1.6340701881394115
2022-03,validation,12,HW_Damped_Add,revenue_only,8,2022-11,1.473019,1.6920010440033402
2022-03,validation,12,HW_Damped_Add,revenue_only,9,2022-12,1.342897,1.6928321758713494
2022-03,validation,12,HW_Damped_Add,revenue_only,10,2023-01,1.083168,1.7333859225028003
2022-03,validation,12,HW_Damped_Add,revenue_only,11,2023-02,1.255319,1.5225839769874991
2022-03,validation,12,HW_Damped_Add,revenue_only,12,2023-03,1.314268,1.7852473545382548
2022-03,validation,12,Ridge,revenue_only,1,2022-04,1.641441,1.7176592980911998
2022-03,validation,12,Ridge,revenue_only,2,2022-05,1.658904,1.7593164714621747
2022-03,validation,12,Ridge,revenue_only,3,2022-06,1.489451,1.775063260188204
2022-03,validation,12,Ridge,revenue_only,4,2022-07,1.541013,1.7615021092894994
2022-03,validation,12,Ridge,revenue_only,5,2022-08,1.483968,1.724320084750137
2022-03,validation,12,Ridge,revenue_only,6,2022-09,1.490297,1.6760002875049174
2022-03,validation,12,Ridge,revenue_only,7,2022-10,1.327315,1.6312959400763256
2022-03,validation,12,Ridge,revenue_only,8,2022-11,1.473019,1.6029258714026813
2022-03,validation,12,Ridge,revenue_only,9,2022-12,1.342897,1.5989364368046974
2022-03,validation,12,Ridge,revenue_only,10,2023-01,1.083168,1.62162150206574
2022-03,validation,12,Ridge,revenue_only,11,2023-02,1.255319,1.667256434893725
2022-03,validation,12,Ridge,revenue_only,12,2023-03,1.314268,1.7263697900519408
2022-03,validation,12,GradientBoosting,revenue_only,1,2022-04,1.641441,1.7462131626539714
2022-03,validation,12,GradientBoosting,revenue_only,2,2022-05,1.658904,1.8940719177261225
2022-03,validation,12,GradientBoosting,revenue_only,3,2022-06,1.489451,1.8819817914788628
2022-03,validation,12,GradientBoosting,revenue_only,4,2022-07,1.541013,1.890621943919768
2022-03,validation,12,GradientBoosting,revenue_only,5,2022-08,1.483968,1.8347026343808264
2022-03,validation,12,GradientBoosting,revenue_only,6,2022-09,1.490297,1.7826420671113457
2022-03,validation,12,GradientBoosting,revenue_only,7,2022-10,1.327315,1.7131539393776736
2022-03,validation,12,GradientBoosting,revenue_only,8,2022-11,1.473019,1.7742398822800172
2022-03,validation,12,GradientBoosting,revenue_only,9,2022-12,1.342897,1.7742398822800172
2022-03,validation,12,GradientBoosting,revenue_only,10,2023-01,1.083168,1.772082121668633
2022-03,validation,12,GradientBoosting,revenue_only,11,2023-02,1.255319,1.516414271177368
2022-03,validation,12,GradientBoosting,revenue_only,12,2023-03,1.314268,1.7231182211555995
2022-03,validation,12,Ridge,quarterly_expanded,1,2022-04,1.641441,1.7668832861308144
2022-03,validation,12,Ridge,quarterly_expanded,2,2022-05,1.658904,1.813516767733797
2022-03,validation,12,Ridge,quarterly_expanded,3,2022-06,1.489451,1.832539884922619
2022-03,validation,12,Ridge,quarterly_expanded,4,2022-07,1.541013,1.8199077877435716
2022-03,validation,12,Ridge,quarterly_expanded,5,2022-08,1.483968,1.7814539479768994
2022-03,validation,12,Ridge,quarterly_expanded,6,2022-09,1.490297,1.730511558002745
2022-03,validation,12,Ridge,quarterly_expanded,7,2022-10,1.327315,1.683005479556041
2022-03,validation,12,Ridge,quarterly_expanded,8,2022-11,1.473019,1.6527499629489162
2022-03,validation,12,Ridge,quarterly_expanded,9,2022-12,1.342897,1.6485823076646304
2022-03,validation,12,Ridge,quarterly_expanded,10,2023-01,1.083168,1.6732083610301671
2022-03,validation,12,Ridge,quarterly_expanded,11,2023-02,1.255319,1.7229003076521208
2022-03,validation,12,Ridge,quarterly_expanded,12,2023-03,1.314268,1.7877038821498188
2022-03,validation,12,GradientBoosting,quarterly_expanded,1,2022-04,1.641441,1.7744004208501891
2022-03,validation,12,GradientBoosting,quarterly_expanded,2,2022-05,1.658904,1.8975589091561744
2022-03,validation,12,GradientBoosting,quarterly_expanded,3,2022-06,1.489451,1.8699026490634565
2022-03,validation,12,GradientBoosting,quarterly_expanded,4,2022-07,1.541013,1.8699026490634565
2022-03,validation,12,GradientBoosting,quarterly_expanded,5,2022-08,1.483968,1.811774265569028
2022-03,validation,12,GradientBoosting,quarterly_expanded,6,2022-09,1.490297,1.747688071039181
2022-03,validation,12,GradientBoosting,quarterly_expanded,7,2022-10,1.327315,1.684135486749942
2022-03,validation,12,GradientBoosting,quarterly_expanded,8,2022-11,1.473019,1.7617008007929615
2022-03,validation,12,GradientBoosting,quarterly_expanded,9,2022-12,1.342897,1.7635536160281389
2022-03,validation,12,GradientBoosting,quarterly_expanded,10,2023-01,1.083168,1.7617008007929615
2022-03,validation,12,GradientBoosting,quarterly_expanded,11,2023-02,1.255319,1.5072876596196705
2022-03,validation,12,GradientBoosting,quarterly_expanded,12,2023-03,1.314268,1.7198151723424226
2022-03,validation,12,Ridge,peer_fx,1,2022-04,1.641441,1.8012138619488811
2022-03,validation,12,Ridge,peer_fx,2,2022-05,1.658904,1.849106156958899
2022-03,validation,12,Ridge,peer_fx,3,2022-06,1.489451,1.8689299553470733
2022-03,validation,12,Ridge,peer_fx,4,2022-07,1.541013,1.8564651732579407
2022-03,validation,12,Ridge,peer_fx,5,2022-08,1.483968,1.8175686101228028
2022-03,validation,12,Ridge,peer_fx,6,2022-09,1.490297,1.7657857659387088
2022-03,validation,12,Ridge,peer_fx,7,2022-10,1.327315,1.717357927640864
2022-03,validation,12,Ridge,peer_fx,8,2022-11,1.473019,1.6864140675435064
2022-03,validation,12,Ridge,peer_fx,9,2022-12,1.342897,1.6820271328568157
2022-03,validation,12,Ridge,peer_fx,10,2023-01,1.083168,1.707022230249718
2022-03,validation,12,Ridge,peer_fx,11,2023-02,1.255319,1.7576610578039074
2022-03,validation,12,Ridge,peer_fx,12,2023-03,1.314268,1.8238448617085987
2022-03,validation,12,GradientBoosting,peer_fx,1,2022-04,1.641441,1.7492445640368166
2022-03,validation,12,GradientBoosting,peer_fx,2,2022-05,1.658904,1.9022530147091297
2022-03,validation,12,GradientBoosting,peer_fx,3,2022-06,1.489451,1.8616452386249456
2022-03,validation,12,GradientBoosting,peer_fx,4,2022-07,1.541013,1.8804957647681364
2022-03,validation,12,GradientBoosting,peer_fx,5,2022-08,1.483968,1.83120103744324
2022-03,validation,12,GradientBoosting,peer_fx,6,2022-09,1.490297,1.777368995916909
2022-03,validation,12,GradientBoosting,peer_fx,7,2022-10,1.327315,1.6846280535491325
2022-03,validation,12,GradientBoosting,peer_fx,8,2022-11,1.473019,1.7545351798719948
2022-03,validation,12,GradientBoosting,peer_fx,9,2022-12,1.342897,1.7545351798719948
2022-03,validation,12,GradientBoosting,peer_fx,10,2023-01,1.083168,1.7502661335879783
2022-03,validation,12,GradientBoosting,peer_fx,11,2023-02,1.255319,1.517849201271283
2022-03,validation,12,GradientBoosting,peer_fx,12,2023-03,1.314268,1.714856390908548
2022-03,validation,12,Ridge,all,1,2022-04,1.641441,1.7862646377794793
2022-03,validation,12,Ridge,all,2,2022-05,1.658904,1.8339512619327023
2022-03,validation,12,Ridge,all,3,2022-06,1.489451,1.8536930566570768
2022-03,validation,12,Ridge,all,4,2022-07,1.541013,1.8412862246208803
2022-03,validation,12,Ridge,all,5,2022-08,1.483968,1.8025656363390332
2022-03,validation,12,Ridge,all,6,2022-09,1.490297,1.751022710537017
2022-03,validation,12,Ridge,all,7,2022-10,1.327315,1.702827788299568
2022-03,validation,12,Ridge,all,8,2022-11,1.473019,1.6720418333693392
2022-03,validation,12,Ridge,all,9,2022-12,1.342897,1.667690693315797
2022-03,validation,12,Ridge,all,10,2023-01,1.083168,1.692584750557001
2022-03,validation,12,Ridge,all,11,2023-02,1.255319,1.743006632583567
2022-03,validation,12,Ridge,all,12,2023-03,1.314268,1.8089091177732488
2022-03,validation,12,GradientBoosting,all,1,2022-04,1.641441,1.74590304143118
2022-03,validation,12,GradientBoosting,all,2,2022-05,1.658904,1.888781493564181
2022-03,validation,12,GradientBoosting,all,3,2022-06,1.489451,1.859569372734135
2022-03,validation,12,GradientBoosting,all,4,2022-07,1.541013,1.8779373821764132
2022-03,validation,12,GradientBoosting,all,5,2022-08,1.483968,1.8327482626329437
2022-03,validation,12,GradientBoosting,all,6,2022-09,1.490297,1.7638183425560905
2022-03,validation,12,GradientBoosting,all,7,2022-10,1.327315,1.6720693288849449
2022-03,validation,12,GradientBoosting,all,8,2022-11,1.473019,1.7520677464398235
2022-03,validation,12,GradientBoosting,all,9,2022-12,1.342897,1.7520677464398235
2022-03,validation,12,GradientBoosting,all,10,2023-01,1.083168,1.7505463225826572
2022-03,validation,12,GradientBoosting,all,11,2023-02,1.255319,1.54042346059599
2022-03,validation,12,GradientBoosting,all,12,2023-03,1.314268,1.7308582530947951
2022-06,validation,12,HW_Damped_Add,revenue_only,1,2022-07,1.541013,1.5700620820478357
2022-06,validation,12,HW_Damped_Add,revenue_only,2,2022-08,1.483968,1.5950475108590028
2022-06,validation,12,HW_Damped_Add,revenue_only,3,2022-09,1.490297,1.5210493182594764
2022-06,validation,12,HW_Damped_Add,revenue_only,4,2022-10,1.327315,1.4775915883421489
2022-06,validation,12,HW_Damped_Add,revenue_only,5,2022-11,1.473019,1.5359656033410083
2022-06,validation,12,HW_Damped_Add,revenue_only,6,2022-12,1.342897,1.537241163943505
2022-06,validation,12,HW_Damped_Add,revenue_only,7,2023-01,1.083168,1.578237074456866
2022-06,validation,12,HW_Damped_Add,revenue_only,8,2023-02,1.255319,1.367842924411468
2022-06,validation,12,HW_Damped_Add,revenue_only,9,2023-03,1.314268,1.6309117332593552
2022-06,validation,12,HW_Damped_Add,revenue_only,10,2023-04,1.202371,1.630774837642968
2022-06,validation,12,HW_Damped_Add,revenue_only,11,2023-05,1.347897,1.607514734810173
2022-06,validation,12,HW_Damped_Add,revenue_only,12,2023-06,1.206388,1.5268323465062714
2022-06,validation,12,Ridge,revenue_only,1,2022-07,1.541013,1.767821589633096
2022-06,validation,12,Ridge,revenue_only,2,2022-08,1.483968,1.7362690421795854
2022-06,validation,12,Ridge,revenue_only,3,2022-09,1.490297,1.6949687562986524
2022-06,validation,12,Ridge,revenue_only,4,2022-10,1.327315,1.656333107355386
2022-06,validation,12,Ridge,revenue_only,5,2022-11,1.473019,1.6312929268111425
2022-06,validation,12,Ridge,revenue_only,6,2022-12,1.342897,1.6269002094169946
2022-06,validation,12,Ridge,revenue_only,7,2023-01,1.083168,1.6452127811182202
2022-06,validation,12,Ridge,revenue_only,8,2023-02,1.255319,1.6830096874461882
2022-06,validation,12,Ridge,revenue_only,9,2023-03,1.314268,1.7321482916840618
2022-06,validation,12,Ridge,revenue_only,10,2023-04,1.202371,1.7809109888058428
2022-06,validation,12,Ridge,revenue_only,11,2023-05,1.347897,1.816774697356286
2022-06,validation,12,Ridge,revenue_only,12,2023-06,1.206388,1.830270332798916
2022-06,validation,12,GradientBoosting,revenue_only,1,2022-07,1.541013,1.772301944564304
2022-06,validation,12,GradientBoosting,revenue_only,2,2022-08,1.483968,1.738746382966812
2022-06,validation,12,GradientBoosting,revenue_only,3,2022-09,1.490297,1.6888212859120184
2022-06,validation,12,GradientBoosting,revenue_only,4,2022-10,1.327315,1.643505430856877
2022-06,validation,12,GradientBoosting,revenue_only,5,2022-11,1.473019,1.764371198666571
2022-06,validation,12,GradientBoosting,revenue_only,6,2022-12,1.342897,1.6965382522864316
2022-06,validation,12,GradientBoosting,revenue_only,7,2023-01,1.083168,1.6965382522864316
2022-06,validation,12,GradientBoosting,revenue_only,8,2023-02,1.255319,1.5247449765629748
2022-06,validation,12,GradientBoosting,revenue_only,9,2023-03,1.314268,1.7177479842730332
2022-06,validation,12,GradientBoosting,revenue_only,10,2023-04,1.202371,1.7071856361435185
2022-06,validation,12,GradientBoosting,revenue_only,11,2023-05,1.347897,1.7374734130803904
2022-06,validation,12,GradientBoosting,revenue_only,12,2023-06,1.206388,1.631589579876194
2022-06,validation,12,Ridge,quarterly_expanded,1,2022-07,1.541013,1.688317231706279
2022-06,validation,12,Ridge,quarterly_expanded,2,2022-08,1.483968,1.6571025380996702
2022-06,validation,12,Ridge,quarterly_expanded,3,2022-09,1.490297,1.6164291352753282
2022-06,validation,12,Ridge,quarterly_expanded,4,2022-10,1.327315,1.578430828694243
2022-06,validation,12,Ridge,quarterly_expanded,5,2022-11,1.473019,1.5537530427051331
2022-06,validation,12,Ridge,quarterly_expanded,6,2022-12,1.342897,1.5492355367238912
2022-06,validation,12,Ridge,quarterly_expanded,7,2023-01,1.083168,1.5668539017001764
2022-06,validation,12,Ridge,quarterly_expanded,8,2023-02,1.255319,1.6034557507998857
2022-06,validation,12,Ridge,quarterly_expanded,9,2023-03,1.314268,1.6511004580937385
2022-06,validation,12,Ridge,quarterly_expanded,10,2023-04,1.202371,1.698354782858314
2022-06,validation,12,Ridge,quarterly_expanded,11,2023-05,1.347897,1.7329889227297155
2022-06,validation,12,Ridge,quarterly_expanded,12,2023-06,1.206388,1.7457583744859064
2022-06,validation,12,GradientBoosting,quarterly_expanded,1,2022-07,1.541013,1.6433939827526056
2022-06,validation,12,GradientBoosting,quarterly_expanded,2,2022-08,1.483968,1.6194658470401813
2022-06,validation,12,GradientBoosting,quarterly_expanded,3,2022-09,1.490297,1.577448827231977
2022-06,validation,12,GradientBoosting,quarterly_expanded,4,2022-10,1.327315,1.4775194465768149
2022-06,validation,12,GradientBoosting,quarterly_expanded,5,2022-11,1.473019,1.5713583800277977
2022-06,validation,12,GradientBoosting,quarterly_expanded,6,2022-12,1.342897,1.5575152542976645
2022-06,validation,12,GradientBoosting,quarterly_expanded,7,2023-01,1.083168,1.568447837415341
2022-06,validation,12,GradientBoosting,quarterly_expanded,8,2023-02,1.255319,1.448945785069909
2022-06,validation,12,GradientBoosting,quarterly_expanded,9,2023-03,1.314268,1.6553064337705634
2022-06,validation,12,GradientBoosting,quarterly_expanded,10,2023-04,1.202371,1.6427926674580346
2022-06,validation,12,GradientBoosting,quarterly_expanded,11,2023-05,1.347897,1.6465664177449044
2022-06,validation,12,GradientBoosting,quarterly_expanded,12,2023-06,1.206388,1.5750304274927758
2022-06,validation,12,Ridge,peer_fx,1,2022-07,1.541013,1.7140261955654907
2022-06,validation,12,Ridge,peer_fx,2,2022-08,1.483968,1.6842995178691111
2022-06,validation,12,Ridge,peer_fx,3,2022-09,1.490297,1.644807331248445
2022-06,validation,12,Ridge,peer_fx,4,2022-10,1.327315,1.6075356027652004
2022-06,validation,12,Ridge,peer_fx,5,2022-11,1.473019,1.5831362762876484
2022-06,validation,12,Ridge,peer_fx,6,2022-12,1.342897,1.578566657317391
2022-06,validation,12,Ridge,peer_fx,7,2023-01,1.083168,1.595974117487752
2022-06,validation,12,Ridge,peer_fx,8,2023-02,1.255319,1.6323971529907442
2022-06,validation,12,Ridge,peer_fx,9,2023-03,1.314268,1.6800877837477826
2022-06,validation,12,Ridge,peer_fx,10,2023-04,1.202371,1.7277792775157257
2022-06,validation,12,Ridge,peer_fx,11,2023-05,1.347897,1.763325202032714
2022-06,validation,12,Ridge,peer_fx,12,2023-06,1.206388,1.777418286035137
2022-06,validation,12,GradientBoosting,peer_fx,1,2022-07,1.541013,1.6781656617471457
2022-06,validation,12,GradientBoosting,peer_fx,2,2022-08,1.483968,1.644489905624254
2022-06,validation,12,GradientBoosting,peer_fx,3,2022-09,1.490297,1.5904426829807954
2022-06,validation,12,GradientBoosting,peer_fx,4,2022-10,1.327315,1.5029368540091124
2022-06,validation,12,GradientBoosting,peer_fx,5,2022-11,1.473019,1.596183879156183
2022-06,validation,12,GradientBoosting,peer_fx,6,2022-12,1.342897,1.585267417649412
2022-06,validation,12,GradientBoosting,peer_fx,7,2023-01,1.083168,1.585267417649412
2022-06,validation,12,GradientBoosting,peer_fx,8,2023-02,1.255319,1.4587940365725944
2022-06,validation,12,GradientBoosting,peer_fx,9,2023-03,1.314268,1.673657152163318
2022-06,validation,12,GradientBoosting,peer_fx,10,2023-04,1.202371,1.6878858956027898
2022-06,validation,12,GradientBoosting,peer_fx,11,2023-05,1.347897,1.6953976136190403
2022-06,validation,12,GradientBoosting,peer_fx,12,2023-06,1.206388,1.6150338940545863
2022-06,validation,12,Ridge,all,1,2022-07,1.541013,1.65734603625833
2022-06,validation,12,Ridge,all,2,2022-08,1.483968,1.6266861898571994
2022-06,validation,12,Ridge,all,3,2022-09,1.490297,1.5866621376193113
2022-06,validation,12,Ridge,all,4,2022-10,1.327315,1.5492143219924095
2022-06,validation,12,Ridge,all,5,2022-11,1.473019,1.5248305487393683
2022-06,validation,12,Ridge,all,6,2022-12,1.342897,1.5202607883216772
2022-06,validation,12,Ridge,all,7,2023-01,1.083168,1.5374731737692746
2022-06,validation,12,Ridge,all,8,2023-02,1.255319,1.5733924521552616
2022-06,validation,12,Ridge,all,9,2023-03,1.314268,1.6202293127630722
2022-06,validation,12,Ridge,all,10,2023-04,1.202371,1.6667464600917248
2022-06,validation,12,Ridge,all,11,2023-05,1.347897,1.700903057586804
2022-06,validation,12,Ridge,all,12,2023-06,1.206388,1.713575141268516
2022-06,validation,12,GradientBoosting,all,1,2022-07,1.541013,1.6393986817267736
2022-06,validation,12,GradientBoosting,all,2,2022-08,1.483968,1.6185843109632512
2022-06,validation,12,GradientBoosting,all,3,2022-09,1.490297,1.5743558342872035
2022-06,validation,12,GradientBoosting,all,4,2022-10,1.327315,1.465998768175597
2022-06,validation,12,GradientBoosting,all,5,2022-11,1.473019,1.5482488626246211
2022-06,validation,12,GradientBoosting,all,6,2022-12,1.342897,1.5411298018100734
2022-06,validation,12,GradientBoosting,all,7,2023-01,1.083168,1.5511206291800987
2022-06,validation,12,GradientBoosting,all,8,2023-02,1.255319,1.4442777096427466
2022-06,validation,12,GradientBoosting,all,9,2023-03,1.314268,1.6489946809974854
2022-06,validation,12,GradientBoosting,all,10,2023-04,1.202371,1.6377262723073904
2022-06,validation,12,GradientBoosting,all,11,2023-05,1.347897,1.646667161666611
2022-06,validation,12,GradientBoosting,all,12,2023-06,1.206388,1.5665957520746696
2022-09,validation,12,HW_Damped_Add,revenue_only,1,2022-10,1.327315,1.4467161555803474
2022-09,validation,12,HW_Damped_Add,revenue_only,2,2022-11,1.473019,1.5049715912476944
2022-09,validation,12,HW_Damped_Add,revenue_only,3,2022-12,1.342897,1.5061296533189217
2022-09,validation,12,HW_Damped_Add,revenue_only,4,2023-01,1.083168,1.5470100014237995
2022-09,validation,12,HW_Damped_Add,revenue_only,5,2023-02,1.255319,1.3364618087549267
2022-09,validation,12,HW_Damped_Add,revenue_only,6,2023-03,1.314268,1.5993775004371922
2022-09,validation,12,HW_Damped_Add,revenue_only,7,2023-04,1.202371,1.59908758142886
2022-09,validation,12,HW_Damped_Add,revenue_only,8,2023-05,1.347897,1.5756747584962774
2022-09,validation,12,HW_Damped_Add,revenue_only,9,2023-06,1.206388,1.494843333364285
2022-09,validation,12,HW_Damped_Add,revenue_only,10,2023-07,1.296055,1.5721855352879417
2022-09,validation,12,HW_Damped_Add,revenue_only,11,2023-08,1.382764,1.588610973939688
2022-09,validation,12,HW_Damped_Add,revenue_only,12,2023-09,1.499206,1.522300365404677
2022-09,validation,12,Ridge,revenue_only,1,2022-10,1.327315,1.70479452648728
2022-09,validation,12,Ridge,revenue_only,2,2022-11,1.473019,1.6861170584666691
2022-09,validation,12,Ridge,revenue_only,3,2022-12,1.342897,1.6892744162264863
2022-09,validation,12,Ridge,revenue_only,4,2023-01,1.083168,1.714449205077909
2022-09,validation,12,Ridge,revenue_only,5,2023-02,1.255319,1.7565980421110825
2022-09,validation,12,Ridge,revenue_only,6,2023-03,1.314268,1.806134505245036
2022-09,validation,12,Ridge,revenue_only,7,2023-04,1.202371,1.8507780331794157
2022-09,validation,12,Ridge,revenue_only,8,2023-05,1.347897,1.8787827807229276
2022-09,validation,12,Ridge,revenue_only,9,2023-06,1.206388,1.8827905216821248
2022-09,validation,12,Ridge,revenue_only,10,2023-07,1.296055,1.8625824233458532
2022-09,validation,12,Ridge,revenue_only,11,2023-08,1.382764,1.825179756672368
2022-09,validation,12,Ridge,revenue_only,12,2023-09,1.499206,1.782238671044421
2022-09,validation,12,GradientBoosting,revenue_only,1,2022-10,1.327315,1.5110802746620224
2022-09,validation,12,GradientBoosting,revenue_only,2,2022-11,1.473019,1.616783789151962
2022-09,validation,12,GradientBoosting,revenue_only,3,2022-12,1.342897,1.616783789151962
2022-09,validation,12,GradientBoosting,revenue_only,4,2023-01,1.083168,1.6233510708904637
2022-09,validation,12,GradientBoosting,revenue_only,5,2023-02,1.255319,1.4594277095740662
2022-09,validation,12,GradientBoosting,revenue_only,6,2023-03,1.314268,1.63911183985626
2022-09,validation,12,GradientBoosting,revenue_only,7,2023-04,1.202371,1.623583760689185
2022-09,validation,12,GradientBoosting,revenue_only,8,2023-05,1.347897,1.63954281034091
2022-09,validation,12,GradientBoosting,revenue_only,9,2023-06,1.206388,1.5668897774651238
2022-09,validation,12,GradientBoosting,revenue_only,10,2023-07,1.296055,1.5967627672852995
2022-09,validation,12,GradientBoosting,revenue_only,11,2023-08,1.382764,1.5482503586124452
2022-09,validation,12,GradientBoosting,revenue_only,12,2023-09,1.499206,1.523177264437878
2022-09,validation,12,Ridge,quarterly_expanded,1,2022-10,1.327315,1.4653700834543884
2022-09,validation,12,Ridge,quarterly_expanded,2,2022-11,1.473019,1.4455585276912788
2022-09,validation,12,Ridge,quarterly_expanded,3,2022-12,1.342897,1.445036692430109
2022-09,validation,12,Ridge,quarterly_expanded,4,2023-01,1.083168,1.4643817634515732
2022-09,validation,12,Ridge,quarterly_expanded,5,2023-02,1.255319,1.4995116972024896
2022-09,validation,12,Ridge,quarterly_expanded,6,2023-03,1.314268,1.5422054040028204
2022-09,validation,12,Ridge,quarterly_expanded,7,2023-04,1.202371,1.5816116556046014
2022-09,validation,12,Ridge,quarterly_expanded,8,2023-05,1.347897,1.6070229075258822
2022-09,validation,12,Ridge,quarterly_expanded,9,2023-06,1.206388,1.611348364420364
2022-09,validation,12,Ridge,quarterly_expanded,10,2023-07,1.296055,1.5937660652668593
2022-09,validation,12,Ridge,quarterly_expanded,11,2023-08,1.382764,1.560053884764549
2022-09,validation,12,Ridge,quarterly_expanded,12,2023-09,1.499206,1.5203998093158635
2022-09,validation,12,GradientBoosting,quarterly_expanded,1,2022-10,1.327315,1.4073110619982212
2022-09,validation,12,GradientBoosting,quarterly_expanded,2,2022-11,1.473019,1.5065217439481595
2022-09,validation,12,GradientBoosting,quarterly_expanded,3,2022-12,1.342897,1.4995223030037712
2022-09,validation,12,GradientBoosting,quarterly_expanded,4,2023-01,1.083168,1.5185394068359537
2022-09,validation,12,GradientBoosting,quarterly_expanded,5,2023-02,1.255319,1.3785068495684818
2022-09,validation,12,GradientBoosting,quarterly_expanded,6,2023-03,1.314268,1.6032234820830988
2022-09,validation,12,GradientBoosting,quarterly_expanded,7,2023-04,1.202371,1.5778241560118322
2022-09,validation,12,GradientBoosting,quarterly_expanded,8,2023-05,1.347897,1.5778241560118322
2022-09,validation,12,GradientBoosting,quarterly_expanded,9,2023-06,1.206388,1.4991993434727238
2022-09,validation,12,GradientBoosting,quarterly_expanded,10,2023-07,1.296055,1.5504406603991316
2022-09,validation,12,GradientBoosting,quarterly_expanded,11,2023-08,1.382764,1.513070739846783
2022-09,validation,12,GradientBoosting,quarterly_expanded,12,2023-09,1.499206,1.4938305675273271
2022-09,validation,12,Ridge,peer_fx,1,2022-10,1.327315,1.4411034248209291
2022-09,validation,12,Ridge,peer_fx,2,2022-11,1.473019,1.423308233933754
2022-09,validation,12,Ridge,peer_fx,3,2022-12,1.342897,1.4238794229682097
2022-09,validation,12,Ridge,peer_fx,4,2023-01,1.083168,1.4432873767905452
2022-09,validation,12,Ridge,peer_fx,5,2023-02,1.255319,1.4775559092975048
2022-09,validation,12,Ridge,peer_fx,6,2023-03,1.314268,1.518788993776189
2022-09,validation,12,Ridge,peer_fx,7,2023-04,1.202371,1.556653775617945
2022-09,validation,12,Ridge,peer_fx,8,2023-05,1.347897,1.5810429881529675
2022-09,validation,12,Ridge,peer_fx,9,2023-06,1.206388,1.585349014214653
2022-09,validation,12,Ridge,peer_fx,10,2023-07,1.296055,1.568919815418959
2022-09,validation,12,Ridge,peer_fx,11,2023-08,1.382764,1.5373229083019615
2022-09,validation,12,Ridge,peer_fx,12,2023-09,1.499206,1.5002617654322803
2022-09,validation,12,GradientBoosting,peer_fx,1,2022-10,1.327315,1.4450078963511117
2022-09,validation,12,GradientBoosting,peer_fx,2,2022-11,1.473019,1.513212114575078
2022-09,validation,12,GradientBoosting,peer_fx,3,2022-12,1.342897,1.513212114575078
2022-09,validation,12,GradientBoosting,peer_fx,4,2023-01,1.083168,1.5183656368435487
2022-09,validation,12,GradientBoosting,peer_fx,5,2023-02,1.255319,1.3905827136251894
2022-09,validation,12,GradientBoosting,peer_fx,6,2023-03,1.314268,1.605003485259339
2022-09,validation,12,GradientBoosting,peer_fx,7,2023-04,1.202371,1.6122075177436834
2022-09,validation,12,GradientBoosting,peer_fx,8,2023-05,1.347897,1.6122075177436834
2022-09,validation,12,GradientBoosting,peer_fx,9,2023-06,1.206388,1.550219307337651
2022-09,validation,12,GradientBoosting,peer_fx,10,2023-07,1.296055,1.5791560754588132
2022-09,validation,12,GradientBoosting,peer_fx,11,2023-08,1.382764,1.526615891338318
2022-09,validation,12,GradientBoosting,peer_fx,12,2023-09,1.499206,1.491089349590671
2022-09,validation,12,Ridge,all,1,2022-10,1.327315,1.3993388978239696
2022-09,validation,12,Ridge,all,2,2022-11,1.473019,1.3800285080823012
2022-09,validation,12,Ridge,all,3,2022-12,1.342897,1.3790545423162357
2022-09,validation,12,Ridge,all,4,2023-01,1.083168,1.3970484835171209
2022-09,validation,12,Ridge,all,5,2023-02,1.255319,1.4301969885878578
2022-09,validation,12,Ridge,all,6,2023-03,1.314268,1.4707266047306915
2022-09,validation,12,Ridge,all,7,2023-04,1.202371,1.5083222941712946
2022-09,validation,12,Ridge,all,8,2023-05,1.347897,1.532750301699448
2022-09,validation,12,Ridge,all,9,2023-06,1.206388,1.5371648203832242
2022-09,validation,12,Ridge,all,10,2023-07,1.296055,1.5206624183445774
2022-09,validation,12,Ridge,all,11,2023-08,1.382764,1.4886439726446266
2022-09,validation,12,Ridge,all,12,2023-09,1.499206,1.4507653200155923
2022-09,validation,12,GradientBoosting,all,1,2022-10,1.327315,1.4021262267327483
2022-09,validation,12,GradientBoosting,all,2,2022-11,1.473019,1.4936946353350105
2022-09,validation,12,GradientBoosting,all,3,2022-12,1.342897,1.4920847955706031
2022-09,validation,12,GradientBoosting,all,4,2023-01,1.083168,1.5044487757025218
2022-09,validation,12,GradientBoosting,all,5,2023-02,1.255319,1.3802188331118854
2022-09,validation,12,GradientBoosting,all,6,2023-03,1.314268,1.611157563038804
2022-09,validation,12,GradientBoosting,all,7,2023-04,1.202371,1.5736296381779005
2022-09,validation,12,GradientBoosting,all,8,2023-05,1.347897,1.5736296381779005
2022-09,validation,12,GradientBoosting,all,9,2023-06,1.206388,1.492311541587915
2022-09,validation,12,GradientBoosting,all,10,2023-07,1.296055,1.5484504559600043
2022-09,validation,12,GradientBoosting,all,11,2023-08,1.382764,1.5070133399414647
2022-09,validation,12,GradientBoosting,all,12,2023-09,1.499206,1.4887659936174105
2022-12,validation,12,HW_Damped_Add,revenue_only,1,2023-01,1.083168,1.3839648940016898
2022-12,validation,12,HW_Damped_Add,revenue_only,2,2023-02,1.255319,1.173460477551296
2022-12,validation,12,HW_Damped_Add,revenue_only,3,2023-03,1.314268,1.436437720679349
2022-12,validation,12,HW_Damped_Add,revenue_only,4,2023-04,1.202371,1.4362284132704737
2022-12,validation,12,HW_Damped_Add,revenue_only,5,2023-05,1.347897,1.4129126101721752
2022-12,validation,12,HW_Damped_Add,revenue_only,6,2023-06,1.206388,1.3321903154900754
2022-12,validation,12,HW_Damped_Add,revenue_only,7,2023-07,1.296055,1.4096522325949876
2022-12,validation,12,HW_Damped_Add,revenue_only,8,2023-08,1.382764,1.426207389979088
2022-12,validation,12,HW_Damped_Add,revenue_only,9,2023-09,1.499206,1.360033437542715
2022-12,validation,12,HW_Damped_Add,revenue_only,10,2023-10,1.40599,1.304434091251445
2022-12,validation,12,HW_Damped_Add,revenue_only,11,2023-11,1.574501,1.37136878688861
2022-12,validation,12,HW_Damped_Add,revenue_only,12,2023-12,1.434115,1.3593487525986363
2022-12,validation,12,Ridge,revenue_only,1,2023-01,1.083168,1.745494901637802
2022-12,validation,12,Ridge,revenue_only,2,2023-02,1.255319,1.797278790230027
2022-12,validation,12,Ridge,revenue_only,3,2023-03,1.314268,1.8577841895898024
2022-12,validation,12,Ridge,revenue_only,4,2023-04,1.202371,1.911789843616544
2022-12,validation,12,Ridge,revenue_only,5,2023-05,1.347897,1.9446914242014235
2022-12,validation,12,Ridge,revenue_only,6,2023-06,1.206388,1.9474954135906557
2022-12,validation,12,Ridge,revenue_only,7,2023-07,1.296055,1.9203699466942152
2022-12,validation,12,Ridge,revenue_only,8,2023-08,1.382764,1.8725933610786365
2022-12,validation,12,Ridge,revenue_only,9,2023-09,1.499206,1.8189430809381943
2022-12,validation,12,Ridge,revenue_only,10,2023-10,1.40599,1.7747192695213725
2022-12,validation,12,Ridge,revenue_only,11,2023-11,1.574501,1.7517598131221177
2022-12,validation,12,Ridge,revenue_only,12,2023-12,1.434115,1.756322470119717
2022-12,validation,12,GradientBoosting,revenue_only,1,2023-01,1.083168,1.5176452659568165
2022-12,validation,12,GradientBoosting,revenue_only,2,2023-02,1.255319,1.3880291565884388
2022-12,validation,12,GradientBoosting,revenue_only,3,2023-03,1.314268,1.6051518651515504
2022-12,validation,12,GradientBoosting,revenue_only,4,2023-04,1.202371,1.6428898843152675
2022-12,validation,12,GradientBoosting,revenue_only,5,2023-05,1.347897,1.6504897362257225
2022-12,validation,12,GradientBoosting,revenue_only,6,2023-06,1.206388,1.566685477005701
2022-12,validation,12,GradientBoosting,revenue_only,7,2023-07,1.296055,1.570017739532507
2022-12,validation,12,GradientBoosting,revenue_only,8,2023-08,1.382764,1.5278935773996123
2022-12,validation,12,GradientBoosting,revenue_only,9,2023-09,1.499206,1.5229136446916176
2022-12,validation,12,GradientBoosting,revenue_only,10,2023-10,1.40599,1.443103287281001
2022-12,validation,12,GradientBoosting,revenue_only,11,2023-11,1.574501,1.519651721602746
2022-12,validation,12,GradientBoosting,revenue_only,12,2023-12,1.434115,1.4802690905282765
2022-12,validation,12,Ridge,quarterly_expanded,1,2023-01,1.083168,1.3820817032611854
2022-12,validation,12,Ridge,quarterly_expanded,2,2023-02,1.255319,1.416873742975162
2022-12,validation,12,Ridge,quarterly_expanded,3,2023-03,1.314268,1.4590989441646032
2022-12,validation,12,Ridge,quarterly_expanded,4,2023-04,1.202371,1.4977619729713847
2022-12,validation,12,Ridge,quarterly_expanded,5,2023-05,1.347897,1.522045250237397
2022-12,validation,12,Ridge,quarterly_expanded,6,2023-06,1.206388,1.524870973453611
2022-12,validation,12,Ridge,quarterly_expanded,7,2023-07,1.296055,1.5055985292425131
2022-12,validation,12,Ridge,quarterly_expanded,8,2023-08,1.382764,1.4702851457403543
2022-12,validation,12,Ridge,quarterly_expanded,9,2023-09,1.499206,1.429347416062337
2022-12,validation,12,Ridge,quarterly_expanded,10,2023-10,1.40599,1.3940218033286402
2022-12,validation,12,Ridge,quarterly_expanded,11,2023-11,1.574501,1.3733291063762807
2022-12,validation,12,Ridge,quarterly_expanded,12,2023-12,1.434115,1.3723311254598518
2022-12,validation,12,GradientBoosting,quarterly_expanded,1,2023-01,1.083168,1.4399623513255322
2022-12,validation,12,GradientBoosting,quarterly_expanded,2,2023-02,1.255319,1.343813026402613
2022-12,validation,12,GradientBoosting,quarterly_expanded,3,2023-03,1.314268,1.5280760511630551
2022-12,validation,12,GradientBoosting,quarterly_expanded,4,2023-04,1.202371,1.5190281352674206
2022-12,validation,12,GradientBoosting,quarterly_expanded,5,2023-05,1.347897,1.5190281352674206
2022-12,validation,12,GradientBoosting,quarterly_expanded,6,2023-06,1.206388,1.4333785367028629
2022-12,validation,12,GradientBoosting,quarterly_expanded,7,2023-07,1.296055,1.538037059387244
2022-12,validation,12,GradientBoosting,quarterly_expanded,8,2023-08,1.382764,1.5154049964988898
2022-12,validation,12,GradientBoosting,quarterly_expanded,9,2023-09,1.499206,1.5037996308025985
2022-12,validation,12,GradientBoosting,quarterly_expanded,10,2023-10,1.40599,1.4042540963045098
2022-12,validation,12,GradientBoosting,quarterly_expanded,11,2023-11,1.574501,1.4629053092464872
2022-12,validation,12,GradientBoosting,quarterly_expanded,12,2023-12,1.434115,1.418074008707828
2022-12,validation,12,Ridge,peer_fx,1,2023-01,1.083168,1.4975269853050697
2022-12,validation,12,Ridge,peer_fx,2,2023-02,1.255319,1.5356653708843755
2022-12,validation,12,Ridge,peer_fx,3,2023-03,1.314268,1.5814579489174705
2022-12,validation,12,Ridge,peer_fx,4,2023-04,1.202371,1.6230374357681694
2022-12,validation,12,Ridge,peer_fx,5,2023-05,1.347897,1.648842807314543
2022-12,validation,12,Ridge,peer_fx,6,2023-06,1.206388,1.651445242674196
2022-12,validation,12,Ridge,peer_fx,7,2023-07,1.296055,1.6303836352410257
2022-12,validation,12,Ridge,peer_fx,8,2023-08,1.382764,1.5923546950445455
2022-12,validation,12,Ridge,peer_fx,9,2023-09,1.499206,1.5486407917821925
2022-12,validation,12,Ridge,peer_fx,10,2023-10,1.40599,1.5113036986643895
2022-12,validation,12,Ridge,peer_fx,11,2023-11,1.574501,1.4899543669176738
2022-12,validation,12,Ridge,peer_fx,12,2023-12,1.434115,1.4899098194773044
2022-12,validation,12,GradientBoosting,peer_fx,1,2023-01,1.083168,1.4675405148268268
2022-12,validation,12,GradientBoosting,peer_fx,2,2023-02,1.255319,1.3412474476784466
2022-12,validation,12,GradientBoosting,peer_fx,3,2023-03,1.314268,1.6094256693302786
2022-12,validation,12,GradientBoosting,peer_fx,4,2023-04,1.202371,1.6217445570684206
2022-12,validation,12,GradientBoosting,peer_fx,5,2023-05,1.347897,1.6217445570684206
2022-12,validation,12,GradientBoosting,peer_fx,6,2023-06,1.206388,1.5634068506767655
2022-12,validation,12,GradientBoosting,peer_fx,7,2023-07,1.296055,1.5874372918406414
2022-12,validation,12,GradientBoosting,peer_fx,8,2023-08,1.382764,1.5399752563757134
2022-12,validation,12,GradientBoosting,peer_fx,9,2023-09,1.499206,1.5267251504959691
2022-12,validation,12,GradientBoosting,peer_fx,10,2023-10,1.40599,1.397797188016288
2022-12,validation,12,GradientBoosting,peer_fx,11,2023-11,1.574501,1.4692118542432528
2022-12,validation,12,GradientBoosting,peer_fx,12,2023-12,1.434115,1.4692118542432528
2022-12,validation,12,Ridge,all,1,2023-01,1.083168,1.4256069933017954
2022-12,validation,12,Ridge,all,2,2023-02,1.255319,1.4608902266901131
2022-12,validation,12,Ridge,all,3,2023-03,1.314268,1.5038646889810954
2022-12,validation,12,Ridge,all,4,2023-04,1.202371,1.54330849392384
2022-12,validation,12,Ridge,all,5,2023-05,1.347897,1.5681583324353296
2022-12,validation,12,Ridge,all,6,2023-06,1.206388,1.5711390955914353
2022-12,validation,12,Ridge,all,7,2023-07,1.296055,1.5515262527352625
2022-12,validation,12,Ridge,all,8,2023-08,1.382764,1.515438713426731
2022-12,validation,12,Ridge,all,9,2023-09,1.499206,1.4734798957395796
2022-12,validation,12,Ridge,all,10,2023-10,1.40599,1.437133939983559
2022-12,validation,12,Ridge,all,11,2023-11,1.574501,1.415653926927576
2022-12,validation,12,Ridge,all,12,2023-12,1.434115,1.4142604226936917
2022-12,validation,12,GradientBoosting,all,1,2023-01,1.083168,1.4384496501483477
2022-12,validation,12,GradientBoosting,all,2,2023-02,1.255319,1.3445974276315589
2022-12,validation,12,GradientBoosting,all,3,2023-03,1.314268,1.537106345555158
2022-12,validation,12,GradientBoosting,all,4,2023-04,1.202371,1.53603042968989
2022-12,validation,12,GradientBoosting,all,5,2023-05,1.347897,1.53603042968989
2022-12,validation,12,GradientBoosting,all,6,2023-06,1.206388,1.4510641366474024
2022-12,validation,12,GradientBoosting,all,7,2023-07,1.296055,1.5433259738311478
2022-12,validation,12,GradientBoosting,all,8,2023-08,1.382764,1.5225590745889608
2022-12,validation,12,GradientBoosting,all,9,2023-09,1.499206,1.495759266885382
2022-12,validation,12,GradientBoosting,all,10,2023-10,1.40599,1.4010135375644408
2022-12,validation,12,GradientBoosting,all,11,2023-11,1.574501,1.4482861032558316
2022-12,validation,12,GradientBoosting,all,12,2023-12,1.434115,1.416504149184756
2023-03,validation,12,HW_Damped_Add,revenue_only,1,2023-04,1.202371,1.3438539884910126
2023-03,validation,12,HW_Damped_Add,revenue_only,2,2023-05,1.347897,1.321033369326941
2023-03,validation,12,HW_Damped_Add,revenue_only,3,2023-06,1.206388,1.2408096944737528
2023-03,validation,12,HW_Damped_Add,revenue_only,4,2023-07,1.296055,1.3187722597998257
2023-03,validation,12,HW_Damped_Add,revenue_only,5,2023-08,1.382764,1.3358302671452214
2023-03,validation,12,HW_Damped_Add,revenue_only,6,2023-09,1.499206,1.2701629033104136
2023-03,validation,12,HW_Damped_Add,revenue_only,7,2023-10,1.40599,1.215067451082254
2023-03,validation,12,HW_Damped_Add,revenue_only,8,2023-11,1.574501,1.282510054704944
2023-03,validation,12,HW_Damped_Add,revenue_only,9,2023-12,1.434115,1.270996047108971
2023-03,validation,12,HW_Damped_Add,revenue_only,10,2024-01,1.496705,1.2831297424998682
2023-03,validation,12,HW_Damped_Add,revenue_only,11,2024-02,1.185857,1.1076911099347908
2023-03,validation,12,HW_Damped_Add,revenue_only,12,2024-03,1.750773,1.3524003927363073
2023-03,validation,12,Ridge,revenue_only,1,2023-04,1.202371,1.7970202390999224
2023-03,validation,12,Ridge,revenue_only,2,2023-05,1.347897,1.8463373657681208
2023-03,validation,12,Ridge,revenue_only,3,2023-06,1.206388,1.8683198188129944
2023-03,validation,12,Ridge,revenue_only,4,2023-07,1.296055,1.8568104924369688
2023-03,validation,12,Ridge,revenue_only,5,2023-08,1.382764,1.816145547163813
2023-03,validation,12,Ridge,revenue_only,6,2023-09,1.499206,1.7593356607280577
2023-03,validation,12,Ridge,revenue_only,7,2023-10,1.40599,1.70306568207358
2023-03,validation,12,Ridge,revenue_only,8,2023-11,1.574501,1.6624664035270271
2023-03,validation,12,Ridge,revenue_only,9,2023-12,1.434115,1.64775366381802
2023-03,validation,12,Ridge,revenue_only,10,2024-01,1.496705,1.662859268515252
2023-03,validation,12,Ridge,revenue_only,11,2024-02,1.185857,1.705108412501836
2023-03,validation,12,Ridge,revenue_only,12,2024-03,1.750773,1.7653609346774637
2023-03,validation,12,GradientBoosting,revenue_only,1,2023-04,1.202371,1.4532828710424848
2023-03,validation,12,GradientBoosting,revenue_only,2,2023-05,1.347897,1.4532828710424848
2023-03,validation,12,GradientBoosting,revenue_only,3,2023-06,1.206388,1.4752580135244877
2023-03,validation,12,GradientBoosting,revenue_only,4,2023-07,1.296055,1.5377176063574771
2023-03,validation,12,GradientBoosting,revenue_only,5,2023-08,1.382764,1.5262356751423107
2023-03,validation,12,GradientBoosting,revenue_only,6,2023-09,1.499206,1.4495946153911246
2023-03,validation,12,GradientBoosting,revenue_only,7,2023-10,1.40599,1.355181626299333
2023-03,validation,12,GradientBoosting,revenue_only,8,2023-11,1.574501,1.3944586037539537
2023-03,validation,12,GradientBoosting,revenue_only,9,2023-12,1.434115,1.3470877620962858
2023-03,validation,12,GradientBoosting,revenue_only,10,2024-01,1.496705,1.2967797934808876
2023-03,validation,12,GradientBoosting,revenue_only,11,2024-02,1.185857,1.2034047882539918
2023-03,validation,12,GradientBoosting,revenue_only,12,2024-03,1.750773,1.3720894113529265
2023-03,validation,12,Ridge,quarterly_expanded,1,2023-04,1.202371,1.3389448203606975
2023-03,validation,12,Ridge,quarterly_expanded,2,2023-05,1.347897,1.36561755703559
2023-03,validation,12,Ridge,quarterly_expanded,3,2023-06,1.206388,1.373394658741114
2023-03,validation,12,Ridge,quarterly_expanded,4,2023-07,1.296055,1.3595309209396007
2023-03,validation,12,Ridge,quarterly_expanded,5,2023-08,1.382764,1.3279429235380344
2023-03,validation,12,Ridge,quarterly_expanded,6,2023-09,1.499206,1.2876280941258889
2023-03,validation,12,Ridge,quarterly_expanded,7,2023-10,1.40599,1.2493905368266964
2023-03,validation,12,Ridge,quarterly_expanded,8,2023-11,1.574501,1.2226417532118354
2023-03,validation,12,Ridge,quarterly_expanded,9,2023-12,1.434115,1.213389921196999
2023-03,validation,12,Ridge,quarterly_expanded,10,2024-01,1.496705,1.2234157592854824
2023-03,validation,12,Ridge,quarterly_expanded,11,2024-02,1.185857,1.2501184761098725
2023-03,validation,12,Ridge,quarterly_expanded,12,2024-03,1.750773,1.2867896581753222
2023-03,validation,12,GradientBoosting,quarterly_expanded,1,2023-04,1.202371,1.3785191055367696
2023-03,validation,12,GradientBoosting,quarterly_expanded,2,2023-05,1.347897,1.396714036038932
2023-03,validation,12,GradientBoosting,quarterly_expanded,3,2023-06,1.206388,1.3793270141106746
2023-03,validation,12,GradientBoosting,quarterly_expanded,4,2023-07,1.296055,1.5228098732561492
2023-03,validation,12,GradientBoosting,quarterly_expanded,5,2023-08,1.382764,1.5046094455843555
2023-03,validation,12,GradientBoosting,quarterly_expanded,6,2023-09,1.499206,1.4814417107301432
2023-03,validation,12,GradientBoosting,quarterly_expanded,7,2023-10,1.40599,1.412893947436248
2023-03,validation,12,GradientBoosting,quarterly_expanded,8,2023-11,1.574501,1.431822895021296
2023-03,validation,12,GradientBoosting,quarterly_expanded,9,2023-12,1.434115,1.3218089123853196
2023-03,validation,12,GradientBoosting,quarterly_expanded,10,2024-01,1.496705,1.2827438787371683
2023-03,validation,12,GradientBoosting,quarterly_expanded,11,2024-02,1.185857,1.1987793468259966
2023-03,validation,12,GradientBoosting,quarterly_expanded,12,2024-03,1.750773,1.3381938708717618
2023-03,validation,12,Ridge,peer_fx,1,2023-04,1.202371,1.5197854310364742
2023-03,validation,12,Ridge,peer_fx,2,2023-05,1.347897,1.5509061018904429
2023-03,validation,12,Ridge,peer_fx,3,2023-06,1.206388,1.5607799894186103
2023-03,validation,12,Ridge,peer_fx,4,2023-07,1.296055,1.5460459831953437
2023-03,validation,12,Ridge,peer_fx,5,2023-08,1.382764,1.5109201525792042
2023-03,validation,12,Ridge,peer_fx,6,2023-09,1.499206,1.4654920866338257
2023-03,validation,12,Ridge,peer_fx,7,2023-10,1.40599,1.422036927196083
2023-03,validation,12,Ridge,peer_fx,8,2023-11,1.574501,1.391350642365769
2023-03,validation,12,Ridge,peer_fx,9,2023-12,1.434115,1.380414000944454
2023-03,validation,12,Ridge,peer_fx,10,2024-01,1.496705,1.3914178917029638
2023-03,validation,12,Ridge,peer_fx,11,2024-02,1.185857,1.4215672928738212
2023-03,validation,12,Ridge,peer_fx,12,2024-03,1.750773,1.4633708686169595
2023-03,validation,12,GradientBoosting,peer_fx,1,2023-04,1.202371,1.5022036460587838
2023-03,validation,12,GradientBoosting,peer_fx,2,2023-05,1.347897,1.5022036460587838
2023-03,validation,12,GradientBoosting,peer_fx,3,2023-06,1.206388,1.4941504408652562
2023-03,validation,12,GradientBoosting,peer_fx,4,2023-07,1.296055,1.5446782852749064
2023-03,validation,12,GradientBoosting,peer_fx,5,2023-08,1.382764,1.5318133779187184
2023-03,validation,12,GradientBoosting,peer_fx,6,2023-09,1.499206,1.4415665750984248
2023-03,validation,12,GradientBoosting,peer_fx,7,2023-10,1.40599,1.3484363860218391
2023-03,validation,12,GradientBoosting,peer_fx,8,2023-11,1.574501,1.3898089999690872
2023-03,validation,12,GradientBoosting,peer_fx,9,2023-12,1.434115,1.3669898423388211
2023-03,validation,12,GradientBoosting,peer_fx,10,2024-01,1.496705,1.3249847159449206
2023-03,validation,12,GradientBoosting,peer_fx,11,2024-02,1.185857,1.220822047106259
2023-03,validation,12,GradientBoosting,peer_fx,12,2024-03,1.750773,1.4198878582069256
2023-03,validation,12,Ridge,all,1,2023-04,1.202371,1.398685870741226
2023-03,validation,12,Ridge,all,2,2023-05,1.347897,1.426067354399847
2023-03,validation,12,Ridge,all,3,2023-06,1.206388,1.4339499973788534
2023-03,validation,12,Ridge,all,4,2023-07,1.296055,1.4195020982330036
2023-03,validation,12,Ridge,all,5,2023-08,1.382764,1.3867557305444718
2023-03,validation,12,Ridge,all,6,2023-09,1.499206,1.3449841158355935
2023-03,validation,12,Ridge,all,7,2023-10,1.40599,1.305335416832836
2023-03,validation,12,Ridge,all,8,2023-11,1.574501,1.277533454443512
2023-03,validation,12,Ridge,all,9,2023-12,1.434115,1.2677929219275257
2023-03,validation,12,Ridge,all,10,2024-01,1.496705,1.2779571788644837
2023-03,validation,12,Ridge,all,11,2024-02,1.185857,1.3053361995615251
2023-03,validation,12,Ridge,all,12,2024-03,1.750773,1.3429975064768456
2023-03,validation,12,GradientBoosting,all,1,2023-04,1.202371,1.3943984180023576
2023-03,validation,12,GradientBoosting,all,2,2023-05,1.347897,1.408602310448826
2023-03,validation,12,GradientBoosting,all,3,2023-06,1.206388,1.394641285887177
2023-03,validation,12,GradientBoosting,all,4,2023-07,1.296055,1.5009204910244254
2023-03,validation,12,GradientBoosting,all,5,2023-08,1.382764,1.4942026184221655
2023-03,validation,12,GradientBoosting,all,6,2023-09,1.499206,1.4654818267202567
2023-03,validation,12,GradientBoosting,all,7,2023-10,1.40599,1.4035724842509716
2023-03,validation,12,GradientBoosting,all,8,2023-11,1.574501,1.421670470096685
2023-03,validation,12,GradientBoosting,all,9,2023-12,1.434115,1.3431815842696286
2023-03,validation,12,GradientBoosting,all,10,2024-01,1.496705,1.2999223479330826
2023-03,validation,12,GradientBoosting,all,11,2024-02,1.185857,1.2206012424721338
2023-03,validation,12,GradientBoosting,all,12,2024-03,1.750773,1.361612629723911
2023-06,validation,12,HW_Damped_Add,revenue_only,1,2023-07,1.296055,1.2913899799712307
2023-06,validation,12,HW_Damped_Add,revenue_only,2,2023-08,1.382764,1.3085719008305885
2023-06,validation,12,HW_Damped_Add,revenue_only,3,2023-09,1.499206,1.2430228270545194
2023-06,validation,12,HW_Damped_Add,revenue_only,4,2023-10,1.40599,1.188058934938514
2023-06,validation,12,HW_Damped_Add,revenue_only,5,2023-11,1.574501,1.255629008559517
2023-06,validation,12,HW_Damped_Add,revenue_only,6,2023-12,1.434115,1.244248243428843
2023-06,validation,12,HW_Damped_Add,revenue_only,7,2024-01,1.496705,1.2565480228158623
2023-06,validation,12,HW_Damped_Add,revenue_only,8,2024-02,1.185857,1.0812162187973473
2023-06,validation,12,HW_Damped_Add,revenue_only,9,2024-03,1.750773,1.3260378404966733
2023-06,validation,12,HW_Damped_Add,revenue_only,10,2024-04,1.822102,1.3160761044958944
2023-06,validation,12,HW_Damped_Add,revenue_only,11,2024-05,1.940296,1.3085139215700852
2023-06,validation,12,HW_Damped_Add,revenue_only,12,2024-06,1.942367,1.2226761996174025
2023-06,validation,12,Ridge,revenue_only,1,2023-07,1.296055,1.5927854430316122
2023-06,validation,12,Ridge,revenue_only,2,2023-08,1.382764,1.5698076034898152
2023-06,validation,12,Ridge,revenue_only,3,2023-09,1.499206,1.534245903744579
2023-06,validation,12,Ridge,revenue_only,4,2023-10,1.40599,1.496303683380088
2023-06,validation,12,Ridge,revenue_only,5,2023-11,1.574501,1.4661726184281427
2023-06,validation,12,Ridge,revenue_only,6,2023-12,1.434115,1.4514719117349082
2023-06,validation,12,Ridge,revenue_only,7,2024-01,1.496705,1.4558390376207817
2023-06,validation,12,Ridge,revenue_only,8,2024-02,1.185857,1.4784274879867156
2023-06,validation,12,Ridge,revenue_only,9,2024-03,1.750773,1.5140049775908253
2023-06,validation,12,Ridge,revenue_only,10,2024-04,1.822102,1.5537400085626576
2023-06,validation,12,Ridge,revenue_only,11,2024-05,1.940296,1.5870434164699143
2023-06,validation,12,Ridge,revenue_only,12,2024-06,1.942367,1.6045050743102038
2023-06,validation,12,GradientBoosting,revenue_only,1,2023-07,1.296055,1.3860079804145178
2023-06,validation,12,GradientBoosting,revenue_only,2,2023-08,1.382764,1.3816526484389036
2023-06,validation,12,GradientBoosting,revenue_only,3,2023-09,1.499206,1.3884291473872616
2023-06,validation,12,GradientBoosting,revenue_only,4,2023-10,1.40599,1.3806804074754078
2023-06,validation,12,GradientBoosting,revenue_only,5,2023-11,1.574501,1.4015242849868546
2023-06,validation,12,GradientBoosting,revenue_only,6,2023-12,1.434115,1.30371731951094
2023-06,validation,12,GradientBoosting,revenue_only,7,2024-01,1.496705,1.2982911490728104
2023-06,validation,12,GradientBoosting,revenue_only,8,2024-02,1.185857,1.2004582273808977
2023-06,validation,12,GradientBoosting,revenue_only,9,2024-03,1.750773,1.2812357754783354
2023-06,validation,12,GradientBoosting,revenue_only,10,2024-04,1.822102,1.2648594995482798
2023-06,validation,12,GradientBoosting,revenue_only,11,2024-05,1.940296,1.26921552683667
2023-06,validation,12,GradientBoosting,revenue_only,12,2024-06,1.942367,1.2386610496488435
2023-06,validation,12,Ridge,quarterly_expanded,1,2023-07,1.296055,1.2924158200899856
2023-06,validation,12,Ridge,quarterly_expanded,2,2023-08,1.382764,1.2646549532180065
2023-06,validation,12,Ridge,quarterly_expanded,3,2023-09,1.499206,1.22912000633275
2023-06,validation,12,Ridge,quarterly_expanded,4,2023-10,1.40599,1.1949411522909252
2023-06,validation,12,Ridge,quarterly_expanded,5,2023-11,1.574501,1.170230589260781
2023-06,validation,12,Ridge,quarterly_expanded,6,2023-12,1.434115,1.1602769286476506
2023-06,validation,12,Ridge,quarterly_expanded,7,2024-01,1.496705,1.166734689796117
2023-06,validation,12,Ridge,quarterly_expanded,8,2024-02,1.185857,1.187456899147169
2023-06,validation,12,Ridge,quarterly_expanded,9,2024-03,1.750773,1.216777428993976
2023-06,validation,12,Ridge,quarterly_expanded,10,2024-04,1.822102,1.246448797998582
2023-06,validation,12,Ridge,quarterly_expanded,11,2024-05,1.940296,1.2675498354601848
2023-06,validation,12,Ridge,quarterly_expanded,12,2024-06,1.942367,1.27318162189865
2023-06,validation,12,GradientBoosting,quarterly_expanded,1,2023-07,1.296055,1.4289301615802736
2023-06,validation,12,GradientBoosting,quarterly_expanded,2,2023-08,1.382764,1.421768269308311
2023-06,validation,12,GradientBoosting,quarterly_expanded,3,2023-09,1.499206,1.4072174004585236
2023-06,validation,12,GradientBoosting,quarterly_expanded,4,2023-10,1.40599,1.3433303564422754
2023-06,validation,12,GradientBoosting,quarterly_expanded,5,2023-11,1.574501,1.3635732269449623
2023-06,validation,12,GradientBoosting,quarterly_expanded,6,2023-12,1.434115,1.2502846612060046
2023-06,validation,12,GradientBoosting,quarterly_expanded,7,2024-01,1.496705,1.2478694808067534
2023-06,validation,12,GradientBoosting,quarterly_expanded,8,2024-02,1.185857,1.1985649153295177
2023-06,validation,12,GradientBoosting,quarterly_expanded,9,2024-03,1.750773,1.292761336194023
2023-06,validation,12,GradientBoosting,quarterly_expanded,10,2024-04,1.822102,1.3008867450880273
2023-06,validation,12,GradientBoosting,quarterly_expanded,11,2024-05,1.940296,1.3008867450880273
2023-06,validation,12,GradientBoosting,quarterly_expanded,12,2024-06,1.942367,1.2449935322944663
2023-06,validation,12,Ridge,peer_fx,1,2023-07,1.296055,1.3486953712871297
2023-06,validation,12,Ridge,peer_fx,2,2023-08,1.382764,1.32149822210817
2023-06,validation,12,Ridge,peer_fx,3,2023-09,1.499206,1.2861457918449335
2023-06,validation,12,Ridge,peer_fx,4,2023-10,1.40599,1.2518234493307148
2023-06,validation,12,Ridge,peer_fx,5,2023-11,1.574501,1.2268055957691293
2023-06,validation,12,Ridge,peer_fx,6,2023-12,1.434115,1.216578922770387
2023-06,validation,12,Ridge,peer_fx,7,2024-01,1.496705,1.2229641049996085
2023-06,validation,12,Ridge,peer_fx,8,2024-02,1.185857,1.2439122454612053
2023-06,validation,12,Ridge,peer_fx,9,2024-03,1.750773,1.2737813159330909
2023-06,validation,12,Ridge,peer_fx,10,2024-04,1.822102,1.3042797208204449
2023-06,validation,12,Ridge,peer_fx,11,2024-05,1.940296,1.326376519830363
2023-06,validation,12,Ridge,peer_fx,12,2024-06,1.942367,1.3330027163384663
2023-06,validation,12,GradientBoosting,peer_fx,1,2023-07,1.296055,1.4083964116825984
2023-06,validation,12,GradientBoosting,peer_fx,2,2023-08,1.382764,1.391295883929881
2023-06,validation,12,GradientBoosting,peer_fx,3,2023-09,1.499206,1.3926825195570478
2023-06,validation,12,GradientBoosting,peer_fx,4,2023-10,1.40599,1.3490749681755116
2023-06,validation,12,GradientBoosting,peer_fx,5,2023-11,1.574501,1.3815310333609665
2023-06,validation,12,GradientBoosting,peer_fx,6,2023-12,1.434115,1.2878030261742346
2023-06,validation,12,GradientBoosting,peer_fx,7,2024-01,1.496705,1.2761017236301633
2023-06,validation,12,GradientBoosting,peer_fx,8,2024-02,1.185857,1.194593351416041
2023-06,validation,12,GradientBoosting,peer_fx,9,2024-03,1.750773,1.308978027045255
2023-06,validation,12,GradientBoosting,peer_fx,10,2024-04,1.822102,1.308214069766394
2023-06,validation,12,GradientBoosting,peer_fx,11,2024-05,1.940296,1.308214069766394
2023-06,validation,12,GradientBoosting,peer_fx,12,2024-06,1.942367,1.2699727979025397
2023-06,validation,12,Ridge,all,1,2023-07,1.296055,1.28476374493655
2023-06,validation,12,Ridge,all,2,2023-08,1.382764,1.2572456905364535
2023-06,validation,12,Ridge,all,3,2023-09,1.499206,1.2221141239981017
2023-06,validation,12,Ridge,all,4,2023-10,1.40599,1.1883772872174443
2023-06,validation,12,Ridge,all,5,2023-11,1.574501,1.1640287010325017
2023-06,validation,12,Ridge,all,6,2023-12,1.434115,1.154269082227478
2023-06,validation,12,Ridge,all,7,2024-01,1.496705,1.1607066672046664
2023-06,validation,12,Ridge,all,8,2024-02,1.185857,1.181193236866649
2023-06,validation,12,Ridge,all,9,2024-03,1.750773,1.2101095815656868
2023-06,validation,12,Ridge,all,10,2024-04,1.822102,1.2393029280070298
2023-06,validation,12,Ridge,all,11,2024-05,1.940296,1.2599795183540308
2023-06,validation,12,Ridge,all,12,2024-06,1.942367,1.2653639776104757
2023-06,validation,12,GradientBoosting,all,1,2023-07,1.296055,1.4299304524437508
2023-06,validation,12,GradientBoosting,all,2,2023-08,1.382764,1.4258167571970792
2023-06,validation,12,GradientBoosting,all,3,2023-09,1.499206,1.4111219096525245
2023-06,validation,12,GradientBoosting,all,4,2023-10,1.40599,1.3392252913550764
2023-06,validation,12,GradientBoosting,all,5,2023-11,1.574501,1.3529367048679797
2023-06,validation,12,GradientBoosting,all,6,2023-12,1.434115,1.2452986068049845
2023-06,validation,12,GradientBoosting,all,7,2024-01,1.496705,1.2428930579890296
2023-06,validation,12,GradientBoosting,all,8,2024-02,1.185857,1.202754716750342
2023-06,validation,12,GradientBoosting,all,9,2024-03,1.750773,1.2910912058366657
2023-06,validation,12,GradientBoosting,all,10,2024-04,1.822102,1.2984239178717991
2023-06,validation,12,GradientBoosting,all,11,2024-05,1.940296,1.2984239178717991
2023-06,validation,12,GradientBoosting,all,12,2024-06,1.942367,1.2467160221166669
2023-09,validation,12,HW_Damped_Add,revenue_only,1,2023-10,1.40599,1.4017915144104132
2023-09,validation,12,HW_Damped_Add,revenue_only,2,2023-11,1.574501,1.46867074491036
2023-09,validation,12,HW_Damped_Add,revenue_only,3,2023-12,1.434115,1.456583678111513
2023-09,validation,12,HW_Damped_Add,revenue_only,4,2024-01,1.496705,1.468074487859851
2023-09,validation,12,HW_Damped_Add,revenue_only,5,2024-02,1.185857,1.292181666287184
2023-09,validation,12,HW_Damped_Add,revenue_only,6,2024-03,1.750773,1.5364259832996852
2023-09,validation,12,HW_Damped_Add,revenue_only,7,2024-04,1.822102,1.525866767445637
2023-09,validation,12,HW_Damped_Add,revenue_only,8,2024-05,1.940296,1.517695053067485
2023-09,validation,12,HW_Damped_Add,revenue_only,9,2024-06,1.942367,1.431234327851841
2023-09,validation,12,HW_Damped_Add,revenue_only,10,2024-07,2.140634,1.5095872783691031
2023-09,validation,12,HW_Damped_Add,revenue_only,11,2024-08,2.211638,1.5322983225613074
2023-09,validation,12,HW_Damped_Add,revenue_only,12,2024-09,2.269814,1.4824984219990631
2023-09,validation,12,Ridge,revenue_only,1,2023-10,1.40599,1.5209742623073212
2023-09,validation,12,Ridge,revenue_only,2,2023-11,1.574501,1.494307227098204
2023-09,validation,12,Ridge,revenue_only,3,2023-12,1.434115,1.4828214968987052
2023-09,validation,12,Ridge,revenue_only,4,2024-01,1.496705,1.4892869367289436
2023-09,validation,12,Ridge,revenue_only,5,2024-02,1.185857,1.5122159212151944
2023-09,validation,12,Ridge,revenue_only,6,2024-03,1.750773,1.5460690127371135
2023-09,validation,12,Ridge,revenue_only,7,2024-04,1.822102,1.582191038026041
2023-09,validation,12,Ridge,revenue_only,8,2024-05,1.940296,1.6107497706891631
2023-09,validation,12,Ridge,revenue_only,9,2024-06,1.942367,1.6235523304272168
2023-09,validation,12,Ridge,revenue_only,10,2024-07,2.140634,1.6168285694687925
2023-09,validation,12,Ridge,revenue_only,11,2024-08,2.211638,1.5926331030157173
2023-09,validation,12,Ridge,revenue_only,12,2024-09,2.269814,1.5580732036252745
2023-09,validation,12,GradientBoosting,revenue_only,1,2023-10,1.40599,1.3626548496862931
2023-09,validation,12,GradientBoosting,revenue_only,2,2023-11,1.574501,1.3894282496193702
2023-09,validation,12,GradientBoosting,revenue_only,3,2023-12,1.434115,1.3232512682244877
2023-09,validation,12,GradientBoosting,revenue_only,4,2024-01,1.496705,1.3232512682244877
2023-09,validation,12,GradientBoosting,revenue_only,5,2024-02,1.185857,1.216940347763162
2023-09,validation,12,GradientBoosting,revenue_only,6,2024-03,1.750773,1.315187221912408
2023-09,validation,12,GradientBoosting,revenue_only,7,2024-04,1.822102,1.3164351389100886
2023-09,validation,12,GradientBoosting,revenue_only,8,2024-05,1.940296,1.3164351389100886
2023-09,validation,12,GradientBoosting,revenue_only,9,2024-06,1.942367,1.2792416402465558
2023-09,validation,12,GradientBoosting,revenue_only,10,2024-07,2.140634,1.3568811269294003
2023-09,validation,12,GradientBoosting,revenue_only,11,2024-08,2.211638,1.3684537643235877
2023-09,validation,12,GradientBoosting,revenue_only,12,2024-09,2.269814,1.4107821043653903
2023-09,validation,12,Ridge,quarterly_expanded,1,2023-10,1.40599,1.3941852860920445
2023-09,validation,12,Ridge,quarterly_expanded,2,2023-11,1.574501,1.3642336676571531
2023-09,validation,12,Ridge,quarterly_expanded,3,2023-12,1.434115,1.3498190827490808
2023-09,validation,12,Ridge,quarterly_expanded,4,2024-01,1.496705,1.3538056622078254
2023-09,validation,12,Ridge,quarterly_expanded,5,2024-02,1.185857,1.3747609849794864
2023-09,validation,12,Ridge,quarterly_expanded,6,2024-03,1.750773,1.4071488913531585
2023-09,validation,12,Ridge,quarterly_expanded,7,2024-04,1.822102,1.4421966577662662
2023-09,validation,12,Ridge,quarterly_expanded,8,2024-05,1.940296,1.4697955776751483
2023-09,validation,12,Ridge,quarterly_expanded,9,2024-06,1.942367,1.4813949360451817
2023-09,validation,12,Ridge,quarterly_expanded,10,2024-07,2.140634,1.472959524236519
2023-09,validation,12,Ridge,quarterly_expanded,11,2024-08,2.211638,1.4465074019224935
2023-09,validation,12,Ridge,quarterly_expanded,12,2024-09,2.269814,1.4093164650968346
2023-09,validation,12,GradientBoosting,quarterly_expanded,1,2023-10,1.40599,1.3472344916770704
2023-09,validation,12,GradientBoosting,quarterly_expanded,2,2023-11,1.574501,1.380107908338384
2023-09,validation,12,GradientBoosting,quarterly_expanded,3,2023-12,1.434115,1.31871150025977
2023-09,validation,12,GradientBoosting,quarterly_expanded,4,2024-01,1.496705,1.3136201303413295
2023-09,validation,12,GradientBoosting,quarterly_expanded,5,2024-02,1.185857,1.2624252022407152
2023-09,validation,12,GradientBoosting,quarterly_expanded,6,2024-03,1.750773,1.3946787736233228
2023-09,validation,12,GradientBoosting,quarterly_expanded,7,2024-04,1.822102,1.3968448762049557
2023-09,validation,12,GradientBoosting,quarterly_expanded,8,2024-05,1.940296,1.3968448762049557
2023-09,validation,12,GradientBoosting,quarterly_expanded,9,2024-06,1.942367,1.3644590992560388
2023-09,validation,12,GradientBoosting,quarterly_expanded,10,2024-07,2.140634,1.4567215472301347
2023-09,validation,12,GradientBoosting,quarterly_expanded,11,2024-08,2.211638,1.4602108028964105
2023-09,validation,12,GradientBoosting,quarterly_expanded,12,2024-09,2.269814,1.4739765996756162
2023-09,validation,12,Ridge,peer_fx,1,2023-10,1.40599,1.4817118757803296
2023-09,validation,12,Ridge,peer_fx,2,2023-11,1.574501,1.4516699751446016
2023-09,validation,12,Ridge,peer_fx,3,2023-12,1.434115,1.4378032847645883
2023-09,validation,12,Ridge,peer_fx,4,2024-01,1.496705,1.4429774767167791
2023-09,validation,12,Ridge,peer_fx,5,2024-02,1.185857,1.465595923733958
2023-09,validation,12,Ridge,peer_fx,6,2024-03,1.750773,1.4998152956215254
2023-09,validation,12,Ridge,peer_fx,7,2024-04,1.822102,1.5364855465160403
2023-09,validation,12,Ridge,peer_fx,8,2024-05,1.940296,1.565162774509917
2023-09,validation,12,Ridge,peer_fx,9,2024-06,1.942367,1.577114035538019
2023-09,validation,12,Ridge,peer_fx,10,2024-07,2.140634,1.5683326345376842
2023-09,validation,12,Ridge,peer_fx,11,2024-08,2.211638,1.5410568030277432
2023-09,validation,12,Ridge,peer_fx,12,2024-09,2.269814,1.5029006790627593
2023-09,validation,12,GradientBoosting,peer_fx,1,2023-10,1.40599,1.3348466972634248
2023-09,validation,12,GradientBoosting,peer_fx,2,2023-11,1.574501,1.3660313182097934
2023-09,validation,12,GradientBoosting,peer_fx,3,2023-12,1.434115,1.316222076203989
2023-09,validation,12,GradientBoosting,peer_fx,4,2024-01,1.496705,1.3134081189088187
2023-09,validation,12,GradientBoosting,peer_fx,5,2024-02,1.185857,1.236644845583912
2023-09,validation,12,GradientBoosting,peer_fx,6,2024-03,1.750773,1.38311083191068
2023-09,validation,12,GradientBoosting,peer_fx,7,2024-04,1.822102,1.38844134132423
2023-09,validation,12,GradientBoosting,peer_fx,8,2024-05,1.940296,1.38844134132423
2023-09,validation,12,GradientBoosting,peer_fx,9,2024-06,1.942367,1.345171663215697
2023-09,validation,12,GradientBoosting,peer_fx,10,2024-07,2.140634,1.4209033997722027
2023-09,validation,12,GradientBoosting,peer_fx,11,2024-08,2.211638,1.4121126494835834
2023-09,validation,12,GradientBoosting,peer_fx,12,2024-09,2.269814,1.4304926656036243
2023-09,validation,12,Ridge,all,1,2023-10,1.40599,1.3361689736617537
2023-09,validation,12,Ridge,all,2,2023-11,1.574501,1.307859849748451
2023-09,validation,12,Ridge,all,3,2023-12,1.434115,1.2943370237425178
2023-09,validation,12,Ridge,all,4,2024-01,1.496705,1.2983074539869242
2023-09,validation,12,Ridge,all,5,2024-02,1.185857,1.3183888054735116
2023-09,validation,12,Ridge,all,6,2024-03,1.750773,1.349296192418017
2023-09,validation,12,Ridge,all,7,2024-04,1.822102,1.382676305476087
2023-09,validation,12,Ridge,all,8,2024-05,1.940296,1.4089240037944064
2023-09,validation,12,Ridge,all,9,2024-06,1.942367,1.4199343773489703
2023-09,validation,12,Ridge,all,10,2024-07,2.140634,1.4119033527944018
2023-09,validation,12,Ridge,all,11,2024-08,2.211638,1.386774622009446
2023-09,validation,12,Ridge,all,12,2024-09,2.269814,1.351477966074422
2023-09,validation,12,GradientBoosting,all,1,2023-10,1.40599,1.3489743171628796
2023-09,validation,12,GradientBoosting,all,2,2023-11,1.574501,1.3814348596214856
2023-09,validation,12,GradientBoosting,all,3,2023-12,1.434115,1.331358794393909
2023-09,validation,12,GradientBoosting,all,4,2024-01,1.496705,1.3216531627455437
2023-09,validation,12,GradientBoosting,all,5,2024-02,1.185857,1.2832262327334951
2023-09,validation,12,GradientBoosting,all,6,2024-03,1.750773,1.4101941086638048
2023-09,validation,12,GradientBoosting,all,7,2024-04,1.822102,1.416608945766973
2023-09,validation,12,GradientBoosting,all,8,2024-05,1.940296,1.416608945766973
2023-09,validation,12,GradientBoosting,all,9,2024-06,1.942367,1.3856364240269436
2023-09,validation,12,GradientBoosting,all,10,2024-07,2.140634,1.467999293392108
2023-09,validation,12,GradientBoosting,all,11,2024-08,2.211638,1.4653509052786742
2023-09,validation,12,GradientBoosting,all,12,2024-09,2.269814,1.4672170824781132
2023-12,holdout,12,HW_Damped_Add,revenue_only,1,2024-01,1.496705,1.468555533267855
2023-12,holdout,12,HW_Damped_Add,revenue_only,2,2024-02,1.185857,1.2926677993502151
2023-12,holdout,12,HW_Damped_Add,revenue_only,3,2024-03,1.750773,1.5369191505044846
2023-12,holdout,12,HW_Damped_Add,revenue_only,4,2024-04,1.822102,1.526368291597343
2023-12,holdout,12,HW_Damped_Add,revenue_only,5,2024-05,1.940296,1.518205032330563
2023-12,holdout,12,HW_Damped_Add,revenue_only,6,2024-06,1.942367,1.431756202467942
2023-12,holdout,12,HW_Damped_Add,revenue_only,7,2024-07,2.140634,1.5101167436361056
2023-12,holdout,12,HW_Damped_Add,revenue_only,8,2024-08,2.211638,1.5328351563431526
2023-12,holdout,12,HW_Damped_Add,revenue_only,9,2024-09,2.269814,1.4830380366258171
2023-12,holdout,12,HW_Damped_Add,revenue_only,10,2024-10,2.030244,1.423787706916745
2023-12,holdout,12,HW_Damped_Add,revenue_only,11,2024-11,2.260922,1.4997142536079753
2023-12,holdout,12,HW_Damped_Add,revenue_only,12,2024-12,2.018859,1.4757821804784177
2023-12,holdout,12,Ridge,revenue_only,1,2024-01,1.496705,1.5034610822994297
2023-12,holdout,12,Ridge,revenue_only,2,2024-02,1.185857,1.5256138880832444
2023-12,holdout,12,Ridge,revenue_only,3,2024-03,1.750773,1.5583618966854222
2023-12,holdout,12,Ridge,revenue_only,4,2024-04,1.822102,1.5935453511463786
2023-12,holdout,12,Ridge,revenue_only,5,2024-05,1.940296,1.621838273817832
2023-12,holdout,12,Ridge,revenue_only,6,2024-06,1.942367,1.635393852264454
2023-12,holdout,12,Ridge,revenue_only,7,2024-07,2.140634,1.6304704892901634
2023-12,holdout,12,Ridge,revenue_only,8,2024-08,2.211638,1.6088027618087808
2023-12,holdout,12,Ridge,revenue_only,9,2024-09,2.269814,1.576962693318584
2023-12,holdout,12,Ridge,revenue_only,10,2024-10,2.030244,1.54407224179533
2023-12,holdout,12,Ridge,revenue_only,11,2024-11,2.260922,1.5190315755377877
2023-12,holdout,12,Ridge,revenue_only,12,2024-12,2.018859,1.50832277615203
2023-12,holdout,12,GradientBoosting,revenue_only,1,2024-01,1.496705,1.3866578519899937
2023-12,holdout,12,GradientBoosting,revenue_only,2,2024-02,1.185857,1.2799991312462886
2023-12,holdout,12,GradientBoosting,revenue_only,3,2024-03,1.750773,1.366779382312696
2023-12,holdout,12,GradientBoosting,revenue_only,4,2024-04,1.822102,1.3618002871163624
2023-12,holdout,12,GradientBoosting,revenue_only,5,2024-05,1.940296,1.3626819480443757
2023-12,holdout,12,GradientBoosting,revenue_only,6,2024-06,1.942367,1.319089696151164
2023-12,holdout,12,GradientBoosting,revenue_only,7,2024-07,2.140634,1.4141554236904057
2023-12,holdout,12,GradientBoosting,revenue_only,8,2024-08,2.211638,1.4141554236904057
2023-12,holdout,12,GradientBoosting,revenue_only,9,2024-09,2.269814,1.4124484553037653
2023-12,holdout,12,GradientBoosting,revenue_only,10,2024-10,2.030244,1.4086011219780354
2023-12,holdout,12,GradientBoosting,revenue_only,11,2024-11,2.260922,1.452596573766877
2023-12,holdout,12,GradientBoosting,revenue_only,12,2024-12,2.018859,1.3961163672993029
2023-12,holdout,12,Ridge,quarterly_expanded,1,2024-01,1.496705,1.4380284966156234
2023-12,holdout,12,Ridge,quarterly_expanded,2,2024-02,1.185857,1.456732485448044
2023-12,holdout,12,Ridge,quarterly_expanded,3,2024-03,1.750773,1.4863278044914932
2023-12,holdout,12,Ridge,quarterly_expanded,4,2024-04,1.822102,1.519241546352875
2023-12,holdout,12,Ridge,quarterly_expanded,5,2024-05,1.940296,1.5465469819877709
2023-12,holdout,12,Ridge,quarterly_expanded,6,2024-06,1.942367,1.5604360133155877
2023-12,holdout,12,Ridge,quarterly_expanded,7,2024-07,2.140634,1.556791281954829
2023-12,holdout,12,Ridge,quarterly_expanded,8,2024-08,2.211638,1.536681791418702
2023-12,holdout,12,Ridge,quarterly_expanded,9,2024-09,2.269814,1.5059654748042213
2023-12,holdout,12,Ridge,quarterly_expanded,10,2024-10,2.030244,1.4732235630697716
2023-12,holdout,12,Ridge,quarterly_expanded,11,2024-11,2.260922,1.4470989696712124
2023-12,holdout,12,Ridge,quarterly_expanded,12,2024-12,2.018859,1.434106005636719
2023-12,holdout,12,GradientBoosting,quarterly_expanded,1,2024-01,1.496705,1.4218365256725856
2023-12,holdout,12,GradientBoosting,quarterly_expanded,2,2024-02,1.185857,1.3538666505070829
2023-12,holdout,12,GradientBoosting,quarterly_expanded,3,2024-03,1.750773,1.4829797321436549
2023-12,holdout,12,GradientBoosting,quarterly_expanded,4,2024-04,1.822102,1.4754040173811636
2023-12,holdout,12,GradientBoosting,quarterly_expanded,5,2024-05,1.940296,1.4764672602874944
2023-12,holdout,12,GradientBoosting,quarterly_expanded,6,2024-06,1.942367,1.4681203560179097
2023-12,holdout,12,GradientBoosting,quarterly_expanded,7,2024-07,2.140634,1.5507042514447231
2023-12,holdout,12,GradientBoosting,quarterly_expanded,8,2024-08,2.211638,1.5131597491123323
2023-12,holdout,12,GradientBoosting,quarterly_expanded,9,2024-09,2.269814,1.4965340375581309
2023-12,holdout,12,GradientBoosting,quarterly_expanded,10,2024-10,2.030244,1.38851222924629
2023-12,holdout,12,GradientBoosting,quarterly_expanded,11,2024-11,2.260922,1.493326675452695
2023-12,holdout,12,GradientBoosting,quarterly_expanded,12,2024-12,2.018859,1.4448165199529863
2023-12,holdout,12,Ridge,peer_fx,1,2024-01,1.496705,1.507810319747127
2023-12,holdout,12,Ridge,peer_fx,2,2024-02,1.185857,1.5283332507983056
2023-12,holdout,12,Ridge,peer_fx,3,2024-03,1.750773,1.5600761013149314
2023-12,holdout,12,Ridge,peer_fx,4,2024-04,1.822102,1.5949940431017775
2023-12,holdout,12,Ridge,peer_fx,5,2024-05,1.940296,1.6236910570354854
2023-12,holdout,12,Ridge,peer_fx,6,2024-06,1.942367,1.6380420996670977
2023-12,holdout,12,Ridge,peer_fx,7,2024-07,2.140634,1.633884678921776
2023-12,holdout,12,Ridge,peer_fx,8,2024-08,2.211638,1.612536335802471
2023-12,holdout,12,Ridge,peer_fx,9,2024-09,2.269814,1.5803062108753263
2023-12,holdout,12,Ridge,peer_fx,10,2024-10,2.030244,1.5462774595302542
2023-12,holdout,12,Ridge,peer_fx,11,2024-11,2.260922,1.5195064623411176
2023-12,holdout,12,Ridge,peer_fx,12,2024-12,2.018859,1.5067470513747103
2023-12,holdout,12,GradientBoosting,peer_fx,1,2024-01,1.496705,1.4119650720642598
2023-12,holdout,12,GradientBoosting,peer_fx,2,2024-02,1.185857,1.3168575801730338
2023-12,holdout,12,GradientBoosting,peer_fx,3,2024-03,1.750773,1.4567424307098806
2023-12,holdout,12,GradientBoosting,peer_fx,4,2024-04,1.822102,1.4557595314167175
2023-12,holdout,12,GradientBoosting,peer_fx,5,2024-05,1.940296,1.4557595314167175
2023-12,holdout,12,GradientBoosting,peer_fx,6,2024-06,1.942367,1.4188660934258597
2023-12,holdout,12,GradientBoosting,peer_fx,7,2024-07,2.140634,1.5073417892647591
2023-12,holdout,12,GradientBoosting,peer_fx,8,2024-08,2.211638,1.483765837073466
2023-12,holdout,12,GradientBoosting,peer_fx,9,2024-09,2.269814,1.480787794772765
2023-12,holdout,12,GradientBoosting,peer_fx,10,2024-10,2.030244,1.4115878048579276
2023-12,holdout,12,GradientBoosting,peer_fx,11,2024-11,2.260922,1.4652413500237094
2023-12,holdout,12,GradientBoosting,peer_fx,12,2024-12,2.018859,1.4145634355061611
2023-12,holdout,12,Ridge,all,1,2024-01,1.496705,1.3791576434544917
2023-12,holdout,12,Ridge,all,2,2024-02,1.185857,1.3972029361276046
2023-12,holdout,12,Ridge,all,3,2024-03,1.750773,1.425524353010696
2023-12,holdout,12,Ridge,all,4,2024-04,1.822102,1.4568856791963511
2023-12,holdout,12,Ridge,all,5,2024-05,1.940296,1.4827945245684098
2023-12,holdout,12,Ridge,all,6,2024-06,1.942367,1.4958608001726053
2023-12,holdout,12,Ridge,all,7,2024-07,2.140634,1.4922324596641356
2023-12,holdout,12,Ridge,all,8,2024-08,2.211638,1.4729934324426963
2023-12,holdout,12,Ridge,all,9,2024-09,2.269814,1.4437618631899984
2023-12,holdout,12,Ridge,all,10,2024-10,2.030244,1.4127152690192677
2023-12,holdout,12,Ridge,all,11,2024-11,2.260922,1.3880625801319086
2023-12,holdout,12,Ridge,all,12,2024-12,2.018859,1.3759693039439709
2023-12,holdout,12,GradientBoosting,all,1,2024-01,1.496705,1.4412278624626067
2023-12,holdout,12,GradientBoosting,all,2,2024-02,1.185857,1.3724738163216936
2023-12,holdout,12,GradientBoosting,all,3,2024-03,1.750773,1.4946630805457948
2023-12,holdout,12,GradientBoosting,all,4,2024-04,1.822102,1.4877335904811335
2023-12,holdout,12,GradientBoosting,all,5,2024-05,1.940296,1.492667696709016
2023-12,holdout,12,GradientBoosting,all,6,2024-06,1.942367,1.46699625328607
2023-12,holdout,12,GradientBoosting,all,7,2024-07,2.140634,1.5419612963669174
2023-12,holdout,12,GradientBoosting,all,8,2024-08,2.211638,1.5169103207571326
2023-12,holdout,12,GradientBoosting,all,9,2024-09,2.269814,1.5039604568387226
2023-12,holdout,12,GradientBoosting,all,10,2024-10,2.030244,1.3923576161179223
2023-12,holdout,12,GradientBoosting,all,11,2024-11,2.260922,1.4842697723044915
2023-12,holdout,12,GradientBoosting,all,12,2024-12,2.018859,1.4515174398584825
2024-03,holdout,12,HW_Damped_Add,revenue_only,1,2024-04,1.822102,1.6688502918210713
2024-03,holdout,12,HW_Damped_Add,revenue_only,2,2024-05,1.940296,1.6608474197186176
2024-03,holdout,12,HW_Damped_Add,revenue_only,3,2024-06,1.942367,1.5745463788487457
2024-03,holdout,12,HW_Damped_Add,revenue_only,4,2024-07,2.140634,1.6530472790995656
2024-03,holdout,12,HW_Damped_Add,revenue_only,5,2024-08,2.211638,1.6758937005128132
2024-03,holdout,12,HW_Damped_Add,revenue_only,6,2024-09,2.269814,1.6262187445219751
2024-03,holdout,12,HW_Damped_Add,revenue_only,7,2024-10,2.030244,1.5670793336297186
2024-03,holdout,12,HW_Damped_Add,revenue_only,8,2024-11,2.260922,1.6431134287275924
2024-03,holdout,12,HW_Damped_Add,revenue_only,9,2024-12,2.018859,1.619272333493745
2024-03,holdout,12,HW_Damped_Add,revenue_only,10,2025-01,2.021128,1.6352719622831446
2024-03,holdout,12,HW_Damped_Add,revenue_only,11,2025-02,2.153377,1.4481380428828206
2024-03,holdout,12,HW_Damped_Add,revenue_only,12,2025-03,2.194287,1.7191033889099412
2024-03,holdout,12,Ridge,revenue_only,1,2024-04,1.822102,1.6213377281603158
2024-03,holdout,12,Ridge,revenue_only,2,2024-05,1.940296,1.651956614861521
2024-03,holdout,12,Ridge,revenue_only,3,2024-06,1.942367,1.6670930616634894
2024-03,holdout,12,Ridge,revenue_only,4,2024-07,2.140634,1.6626309944356226
2024-03,holdout,12,Ridge,revenue_only,5,2024-08,2.211638,1.6402829589095949
2024-03,holdout,12,Ridge,revenue_only,6,2024-09,2.269814,1.6069541136343692
2024-03,holdout,12,Ridge,revenue_only,7,2024-10,2.030244,1.5723129548989334
2024-03,holdout,12,Ridge,revenue_only,8,2024-11,2.260922,1.5458291415722765
2024-03,holdout,12,Ridge,revenue_only,9,2024-12,2.018859,1.534432998582249
2024-03,holdout,12,Ridge,revenue_only,10,2025-01,2.021128,1.5412019412859947
2024-03,holdout,12,Ridge,revenue_only,11,2025-02,2.153377,1.5648917201834731
2024-03,holdout,12,Ridge,revenue_only,12,2025-03,2.194287,1.6001004082568493
2024-03,holdout,12,GradientBoosting,revenue_only,1,2024-04,1.822102,1.4966760016726903
2024-03,holdout,12,GradientBoosting,revenue_only,2,2024-05,1.940296,1.500534499865278
2024-03,holdout,12,GradientBoosting,revenue_only,3,2024-06,1.942367,1.439949760423758
2024-03,holdout,12,GradientBoosting,revenue_only,4,2024-07,2.140634,1.502727010954451
2024-03,holdout,12,GradientBoosting,revenue_only,5,2024-08,2.211638,1.487036611007402
2024-03,holdout,12,GradientBoosting,revenue_only,6,2024-09,2.269814,1.483286364741873
2024-03,holdout,12,GradientBoosting,revenue_only,7,2024-10,2.030244,1.4059085929191424
2024-03,holdout,12,GradientBoosting,revenue_only,8,2024-11,2.260922,1.4415574654664989
2024-03,holdout,12,GradientBoosting,revenue_only,9,2024-12,2.018859,1.4309381813599868
2024-03,holdout,12,GradientBoosting,revenue_only,10,2025-01,2.021128,1.4309381813599868
2024-03,holdout,12,GradientBoosting,revenue_only,11,2025-02,2.153377,1.2996941431783395
2024-03,holdout,12,GradientBoosting,revenue_only,12,2025-03,2.194287,1.614077321832525
2024-03,holdout,12,Ridge,quarterly_expanded,1,2024-04,1.822102,1.5129546756271837
2024-03,holdout,12,Ridge,quarterly_expanded,2,2024-05,1.940296,1.540124566408467
2024-03,holdout,12,Ridge,quarterly_expanded,3,2024-06,1.942367,1.553194067028221
2024-03,holdout,12,Ridge,quarterly_expanded,4,2024-07,2.140634,1.5485046410985894
2024-03,holdout,12,Ridge,quarterly_expanded,5,2024-08,2.211638,1.5276659440489613
2024-03,holdout,12,Ridge,quarterly_expanded,6,2024-09,2.269814,1.4969604744693497
2024-03,holdout,12,Ridge,quarterly_expanded,7,2024-10,2.030244,1.4651477517511882
2024-03,holdout,12,Ridge,quarterly_expanded,8,2024-11,2.260922,1.440793197588303
2024-03,holdout,12,Ridge,quarterly_expanded,9,2024-12,2.018859,1.4301511235170432
2024-03,holdout,12,Ridge,quarterly_expanded,10,2025-01,2.021128,1.4359697793562154
2024-03,holdout,12,Ridge,quarterly_expanded,11,2025-02,2.153377,1.4570671639935413
2024-03,holdout,12,Ridge,quarterly_expanded,12,2025-03,2.194287,1.488496410509028
2024-03,holdout,12,GradientBoosting,quarterly_expanded,1,2024-04,1.822102,1.483429337515214
2024-03,holdout,12,GradientBoosting,quarterly_expanded,2,2024-05,1.940296,1.493664166597873
2024-03,holdout,12,GradientBoosting,quarterly_expanded,3,2024-06,1.942367,1.4547098859563223
2024-03,holdout,12,GradientBoosting,quarterly_expanded,4,2024-07,2.140634,1.544058647681288
2024-03,holdout,12,GradientBoosting,quarterly_expanded,5,2024-08,2.211638,1.5149486285768867
2024-03,holdout,12,GradientBoosting,quarterly_expanded,6,2024-09,2.269814,1.5313653080985896
2024-03,holdout,12,GradientBoosting,quarterly_expanded,7,2024-10,2.030244,1.391214087717657
2024-03,holdout,12,GradientBoosting,quarterly_expanded,8,2024-11,2.260922,1.5017434976307906
2024-03,holdout,12,GradientBoosting,quarterly_expanded,9,2024-12,2.018859,1.4527300845734925
2024-03,holdout,12,GradientBoosting,quarterly_expanded,10,2025-01,2.021128,1.4527300845734925
2024-03,holdout,12,GradientBoosting,quarterly_expanded,11,2025-02,2.153377,1.357329992287052
2024-03,holdout,12,GradientBoosting,quarterly_expanded,12,2025-03,2.194287,1.609607021386497
2024-03,holdout,12,Ridge,peer_fx,1,2024-04,1.822102,1.48870032483166
2024-03,holdout,12,Ridge,peer_fx,2,2024-05,1.940296,1.5163115900789272
2024-03,holdout,12,Ridge,peer_fx,3,2024-06,1.942367,1.5300684494171235
2024-03,holdout,12,Ridge,peer_fx,4,2024-07,2.140634,1.5261801223595894
2024-03,holdout,12,Ridge,peer_fx,5,2024-08,2.211638,1.506092528235853
2024-03,holdout,12,Ridge,peer_fx,6,2024-09,2.269814,1.475953105713538
2024-03,holdout,12,Ridge,peer_fx,7,2024-10,2.030244,1.4444521471078426
2024-03,holdout,12,Ridge,peer_fx,8,2024-11,2.260922,1.4201567256802594
2024-03,holdout,12,Ridge,peer_fx,9,2024-12,2.018859,1.4093801713318523
2024-03,holdout,12,Ridge,peer_fx,10,2025-01,2.021128,1.414970911098573
2024-03,holdout,12,Ridge,peer_fx,11,2025-02,2.153377,1.4358726990415878
2024-03,holdout,12,Ridge,peer_fx,12,2025-03,2.194287,1.4672675757699587
2024-03,holdout,12,GradientBoosting,peer_fx,1,2024-04,1.822102,1.516481447669668
2024-03,holdout,12,GradientBoosting,peer_fx,2,2024-05,1.940296,1.5242056469410323
2024-03,holdout,12,GradientBoosting,peer_fx,3,2024-06,1.942367,1.4745728013466632
2024-03,holdout,12,GradientBoosting,peer_fx,4,2024-07,2.140634,1.5393945758753738
2024-03,holdout,12,GradientBoosting,peer_fx,5,2024-08,2.211638,1.531299977222065
2024-03,holdout,12,GradientBoosting,peer_fx,6,2024-09,2.269814,1.5293637072004944
2024-03,holdout,12,GradientBoosting,peer_fx,7,2024-10,2.030244,1.3910650372922428
2024-03,holdout,12,GradientBoosting,peer_fx,8,2024-11,2.260922,1.468940226947448
2024-03,holdout,12,GradientBoosting,peer_fx,9,2024-12,2.018859,1.452682190303433
2024-03,holdout,12,GradientBoosting,peer_fx,10,2025-01,2.021128,1.452682190303433
2024-03,holdout,12,GradientBoosting,peer_fx,11,2025-02,2.153377,1.31736771050122
2024-03,holdout,12,GradientBoosting,peer_fx,12,2025-03,2.194287,1.5935245647239176
2024-03,holdout,12,Ridge,all,1,2024-04,1.822102,1.437608629813912
2024-03,holdout,12,Ridge,all,2,2024-05,1.940296,1.463055771616625
2024-03,holdout,12,Ridge,all,3,2024-06,1.942367,1.475046177931611
2024-03,holdout,12,Ridge,all,4,2024-07,2.140634,1.4702056795851302
2024-03,holdout,12,Ridge,all,5,2024-08,2.211638,1.4501530909885718
2024-03,holdout,12,Ridge,all,6,2024-09,2.269814,1.4209016857895618
2024-03,holdout,12,Ridge,all,7,2024-10,2.030244,1.3907624584697902
2024-03,holdout,12,Ridge,all,8,2024-11,2.260922,1.367818786453376
2024-03,holdout,12,Ridge,all,9,2024-12,2.018859,1.3579370734518197
2024-03,holdout,12,Ridge,all,10,2025-01,2.021128,1.3636502033241198
2024-03,holdout,12,Ridge,all,11,2025-02,2.153377,1.3837672281060855
2024-03,holdout,12,Ridge,all,12,2025-03,2.194287,1.413541879166469
2024-03,holdout,12,GradientBoosting,all,1,2024-04,1.822102,1.495229709166837
2024-03,holdout,12,GradientBoosting,all,2,2024-05,1.940296,1.5101099977994508
2024-03,holdout,12,GradientBoosting,all,3,2024-06,1.942367,1.4812043438199105
2024-03,holdout,12,GradientBoosting,all,4,2024-07,2.140634,1.5385563839153542
2024-03,holdout,12,GradientBoosting,all,5,2024-08,2.211638,1.5188755956718487
2024-03,holdout,12,GradientBoosting,all,6,2024-09,2.269814,1.522600344125716
2024-03,holdout,12,GradientBoosting,all,7,2024-10,2.030244,1.3891660417627874
2024-03,holdout,12,GradientBoosting,all,8,2024-11,2.260922,1.4889105232991018
2024-03,holdout,12,GradientBoosting,all,9,2024-12,2.018859,1.4629634275242136
2024-03,holdout,12,GradientBoosting,all,10,2025-01,2.021128,1.4629634275242136
2024-03,holdout,12,GradientBoosting,all,11,2025-02,2.153377,1.3690193150257104
2024-03,holdout,12,GradientBoosting,all,12,2025-03,2.194287,1.6325639112111496
2024-06,holdout,12,HW_Damped_Add,revenue_only,1,2024-07,2.140634,1.998607337763816
2024-06,holdout,12,HW_Damped_Add,revenue_only,2,2024-08,2.211638,2.0201042972771206
2024-06,holdout,12,HW_Damped_Add,revenue_only,3,2024-09,2.269814,1.9690813820936253
2024-06,holdout,12,HW_Damped_Add,revenue_only,4,2024-10,2.030244,1.9085997507055987
2024-06,holdout,12,HW_Damped_Add,revenue_only,5,2024-11,2.260922,1.983292270026456
2024-06,holdout,12,HW_Damped_Add,revenue_only,6,2024-12,2.018859,1.9581147103312555
2024-06,holdout,12,HW_Damped_Add,revenue_only,7,2025-01,2.021128,1.972602495508823
2024-06,holdout,12,HW_Damped_Add,revenue_only,8,2025-02,2.153377,1.7841522157304712
2024-06,holdout,12,HW_Damped_Add,revenue_only,9,2025-03,2.194287,2.053802741160696
2024-06,holdout,12,HW_Damped_Add,revenue_only,10,2025-04,2.328755,2.0487464431475964
2024-06,holdout,12,HW_Damped_Add,revenue_only,11,2025-05,2.098333,2.0497803551407388
2024-06,holdout,12,HW_Damped_Add,revenue_only,12,2025-06,2.356699,1.9693671539908169
2024-06,holdout,12,Ridge,revenue_only,1,2024-07,2.140634,1.8051123574493868
2024-06,holdout,12,Ridge,revenue_only,2,2024-08,2.211638,1.7742175690085449
2024-06,holdout,12,Ridge,revenue_only,3,2024-09,2.269814,1.7306538012858392
2024-06,holdout,12,Ridge,revenue_only,4,2024-10,2.030244,1.687383768680432
2024-06,holdout,12,Ridge,revenue_only,5,2024-11,2.260922,1.6564221378397292
2024-06,holdout,12,Ridge,revenue_only,6,2024-12,2.018859,1.6460515892096264
2024-06,holdout,12,Ridge,revenue_only,7,2025-01,2.021128,1.659467158655758
2024-06,holdout,12,Ridge,revenue_only,8,2025-02,2.153377,1.6943721228514452
2024-06,holdout,12,Ridge,revenue_only,9,2025-03,2.194287,1.7432041211391611
2024-06,holdout,12,Ridge,revenue_only,10,2025-04,2.328755,1.7942681538511658
2024-06,holdout,12,Ridge,revenue_only,11,2025-05,2.098333,1.834310962936249
2024-06,holdout,12,Ridge,revenue_only,12,2025-06,2.356699,1.8524364462709997
2024-06,holdout,12,GradientBoosting,revenue_only,1,2024-07,2.140634,1.7991821767610718
2024-06,holdout,12,GradientBoosting,revenue_only,2,2024-08,2.211638,1.7991821767610718
2024-06,holdout,12,GradientBoosting,revenue_only,3,2024-09,2.269814,1.7627407751329367
2024-06,holdout,12,GradientBoosting,revenue_only,4,2024-10,2.030244,1.5305069645932057
2024-06,holdout,12,GradientBoosting,revenue_only,5,2024-11,2.260922,1.5594269000305148
2024-06,holdout,12,GradientBoosting,revenue_only,6,2024-12,2.018859,1.5594269000305148
2024-06,holdout,12,GradientBoosting,revenue_only,7,2025-01,2.021128,1.5594269000305148
2024-06,holdout,12,GradientBoosting,revenue_only,8,2025-02,2.153377,1.394779089394661
2024-06,holdout,12,GradientBoosting,revenue_only,9,2025-03,2.194287,1.7763062104717746
2024-06,holdout,12,GradientBoosting,revenue_only,10,2025-04,2.328755,1.8029169829943448
2024-06,holdout,12,GradientBoosting,revenue_only,11,2025-05,2.098333,1.8029169829943448
2024-06,holdout,12,GradientBoosting,revenue_only,12,2025-06,2.356699,1.7707357928438223
2024-06,holdout,12,Ridge,quarterly_expanded,1,2024-07,2.140634,1.7617631340762987
2024-06,holdout,12,Ridge,quarterly_expanded,2,2024-08,2.211638,1.7316100011783755
2024-06,holdout,12,Ridge,quarterly_expanded,3,2024-09,2.269814,1.6890164253009028
2024-06,holdout,12,Ridge,quarterly_expanded,4,2024-10,2.030244,1.6466553684013552
2024-06,holdout,12,Ridge,quarterly_expanded,5,2024-11,2.260922,1.6162853561000203
2024-06,holdout,12,Ridge,quarterly_expanded,6,2024-12,2.018859,1.6060230176033066
2024-06,holdout,12,Ridge,quarterly_expanded,7,2025-01,2.021128,1.6190145620255316
2024-06,holdout,12,Ridge,quarterly_expanded,8,2025-02,2.153377,1.6530389780514088
2024-06,holdout,12,Ridge,quarterly_expanded,9,2025-03,2.194287,1.7007254612131242
2024-06,holdout,12,Ridge,quarterly_expanded,10,2025-04,2.328755,1.7506538328364645
2024-06,holdout,12,Ridge,quarterly_expanded,11,2025-05,2.098333,1.789863295029244
2024-06,holdout,12,Ridge,quarterly_expanded,12,2025-06,2.356699,1.8076778713344692
2024-06,holdout,12,GradientBoosting,quarterly_expanded,1,2024-07,2.140634,1.7468542429911722
2024-06,holdout,12,GradientBoosting,quarterly_expanded,2,2024-08,2.211638,1.7062693959131705
2024-06,holdout,12,GradientBoosting,quarterly_expanded,3,2024-09,2.269814,1.6738454304440171
2024-06,holdout,12,GradientBoosting,quarterly_expanded,4,2024-10,2.030244,1.4776584555104737
2024-06,holdout,12,GradientBoosting,quarterly_expanded,5,2024-11,2.260922,1.5365544244337126
2024-06,holdout,12,GradientBoosting,quarterly_expanded,6,2024-12,2.018859,1.5365544244337126
2024-06,holdout,12,GradientBoosting,quarterly_expanded,7,2025-01,2.021128,1.5365544244337126
2024-06,holdout,12,GradientBoosting,quarterly_expanded,8,2025-02,2.153377,1.4054920323558475
2024-06,holdout,12,GradientBoosting,quarterly_expanded,9,2025-03,2.194287,1.7550906405799078
2024-06,holdout,12,GradientBoosting,quarterly_expanded,10,2025-04,2.328755,1.7789504155661848
2024-06,holdout,12,GradientBoosting,quarterly_expanded,11,2025-05,2.098333,1.791626100898468
2024-06,holdout,12,GradientBoosting,quarterly_expanded,12,2025-06,2.356699,1.768159429130092
2024-06,holdout,12,Ridge,peer_fx,1,2024-07,2.140634,1.6330718592344051
2024-06,holdout,12,Ridge,peer_fx,2,2024-08,2.211638,1.6057992271608952
2024-06,holdout,12,Ridge,peer_fx,3,2024-09,2.269814,1.5667902773960545
2024-06,holdout,12,Ridge,peer_fx,4,2024-10,2.030244,1.527727039337303
2024-06,holdout,12,Ridge,peer_fx,5,2024-11,2.260922,1.4995254082637428
2024-06,holdout,12,Ridge,peer_fx,6,2024-12,2.018859,1.489783254495582
2024-06,holdout,12,Ridge,peer_fx,7,2025-01,2.021128,1.5015224852150233
2024-06,holdout,12,Ridge,peer_fx,8,2025-02,2.153377,1.5328036066298227
2024-06,holdout,12,Ridge,peer_fx,9,2025-03,2.194287,1.57691219989026
2024-06,holdout,12,Ridge,peer_fx,10,2025-04,2.328755,1.6233540117037204
2024-06,holdout,12,Ridge,peer_fx,11,2025-05,2.098333,1.6601441440394091
2024-06,holdout,12,Ridge,peer_fx,12,2025-06,2.356699,1.6773247727954597
2024-06,holdout,12,GradientBoosting,peer_fx,1,2024-07,2.140634,1.7558478316167152
2024-06,holdout,12,GradientBoosting,peer_fx,2,2024-08,2.211638,1.728321852369478
2024-06,holdout,12,GradientBoosting,peer_fx,3,2024-09,2.269814,1.7027936021361785
2024-06,holdout,12,GradientBoosting,peer_fx,4,2024-10,2.030244,1.5397396598284117
2024-06,holdout,12,GradientBoosting,peer_fx,5,2024-11,2.260922,1.6546090110241995
2024-06,holdout,12,GradientBoosting,peer_fx,6,2024-12,2.018859,1.6546090110241995
2024-06,holdout,12,GradientBoosting,peer_fx,7,2025-01,2.021128,1.6546090110241995
2024-06,holdout,12,GradientBoosting,peer_fx,8,2025-02,2.153377,1.4671811605536902
2024-06,holdout,12,GradientBoosting,peer_fx,9,2025-03,2.194287,1.6542513989515986
2024-06,holdout,12,GradientBoosting,peer_fx,10,2025-04,2.328755,1.6636493229577063
2024-06,holdout,12,GradientBoosting,peer_fx,11,2025-05,2.098333,1.7033899320804262
2024-06,holdout,12,GradientBoosting,peer_fx,12,2025-06,2.356699,1.696252370416719
2024-06,holdout,12,Ridge,all,1,2024-07,2.140634,1.680518871864766
2024-06,holdout,12,Ridge,all,2,2024-08,2.211638,1.6518318975597757
2024-06,holdout,12,Ridge,all,3,2024-09,2.269814,1.6111980291364736
2024-06,holdout,12,Ridge,all,4,2024-10,2.030244,1.5707193739767955
2024-06,holdout,12,Ridge,all,5,2024-11,2.260922,1.5416415529483534
2024-06,holdout,12,Ridge,all,6,2024-12,2.018859,1.5317412267872434
2024-06,holdout,12,Ridge,all,7,2025-01,2.021128,1.5440519373527948
2024-06,holdout,12,Ridge,all,8,2025-02,2.153377,1.5764819027960155
2024-06,holdout,12,Ridge,all,9,2025-03,2.194287,1.6220172005230404
2024-06,holdout,12,Ridge,all,10,2025-04,2.328755,1.6697648561775629
2024-06,holdout,12,Ridge,all,11,2025-05,2.098333,1.7073401307011429
2024-06,holdout,12,Ridge,all,12,2025-06,2.356699,1.7245174528288976
2024-06,holdout,12,GradientBoosting,all,1,2024-07,2.140634,1.7580752015132803
2024-06,holdout,12,GradientBoosting,all,2,2024-08,2.211638,1.7148270322325456
2024-06,holdout,12,GradientBoosting,all,3,2024-09,2.269814,1.6834114278707977
2024-06,holdout,12,GradientBoosting,all,4,2024-10,2.030244,1.5054673214099878
2024-06,holdout,12,GradientBoosting,all,5,2024-11,2.260922,1.5691051674845944
2024-06,holdout,12,GradientBoosting,all,6,2024-12,2.018859,1.57043370842856
2024-06,holdout,12,GradientBoosting,all,7,2025-01,2.021128,1.57043370842856
2024-06,holdout,12,GradientBoosting,all,8,2025-02,2.153377,1.476742366527794
2024-06,holdout,12,GradientBoosting,all,9,2025-03,2.194287,1.7049845808859032
2024-06,holdout,12,GradientBoosting,all,10,2025-04,2.328755,1.7057098140631717
2024-06,holdout,12,GradientBoosting,all,11,2025-05,2.098333,1.7407493060269594
2024-06,holdout,12,GradientBoosting,all,12,2025-06,2.356699,1.7340607411487958
2024-09,holdout,12,HW_Damped_Add,revenue_only,1,2024-10,2.030244,2.2081590469793637
2024-09,holdout,12,HW_Damped_Add,revenue_only,2,2024-11,2.260922,2.2816827250040204
2024-09,holdout,12,HW_Damped_Add,revenue_only,3,2024-12,2.018859,2.255335788400449
2024-09,holdout,12,HW_Damped_Add,revenue_only,4,2025-01,2.021128,2.2681610041237192
2024-09,holdout,12,HW_Damped_Add,revenue_only,5,2025-02,2.153377,2.0785670537145995
2024-09,holdout,12,HW_Damped_Add,revenue_only,6,2025-03,2.194287,2.347074257390781
2024-09,holdout,12,HW_Damped_Add,revenue_only,7,2025-04,2.328755,2.340881626383416
2024-09,holdout,12,HW_Damped_Add,revenue_only,8,2025-05,2.098333,2.340778022782797
2024-09,holdout,12,HW_Damped_Add,revenue_only,9,2025-06,2.356699,2.259230775300745
2024-09,holdout,12,HW_Damped_Add,revenue_only,10,2025-07,2.667033,2.34511078780383
2024-09,holdout,12,HW_Damped_Add,revenue_only,11,2025-08,2.544064,2.3693712540982754
2024-09,holdout,12,HW_Damped_Add,revenue_only,12,2025-09,2.851779,2.326093881921268
2024-09,holdout,12,Ridge,revenue_only,1,2024-10,2.030244,1.7761988667640818
2024-09,holdout,12,Ridge,revenue_only,2,2024-11,2.260922,1.734421631136982
2024-09,holdout,12,Ridge,revenue_only,3,2024-12,2.018859,1.712847959905935
2024-09,holdout,12,Ridge,revenue_only,4,2025-01,2.021128,1.7178080498732804
2024-09,holdout,12,Ridge,revenue_only,5,2025-02,2.153377,1.7495233798532597
2024-09,holdout,12,Ridge,revenue_only,6,2025-03,2.194287,1.8020190862583916
2024-09,holdout,12,Ridge,revenue_only,7,2025-04,2.328755,1.8637483837395552
2024-09,holdout,12,Ridge,revenue_only,8,2025-05,2.098333,1.9196321139873609
2024-09,holdout,12,Ridge,revenue_only,9,2025-06,2.356699,1.9550041912387308
2024-09,holdout,12,Ridge,revenue_only,10,2025-07,2.667033,1.960585080696844
2024-09,holdout,12,Ridge,revenue_only,11,2025-08,2.544064,1.9361294725869524
2024-09,holdout,12,Ridge,revenue_only,12,2025-09,2.851779,1.8905517926861488
2024-09,holdout,12,GradientBoosting,revenue_only,1,2024-10,2.030244,1.6140403041691231
2024-09,holdout,12,GradientBoosting,revenue_only,2,2024-11,2.260922,1.6421704012146074
2024-09,holdout,12,GradientBoosting,revenue_only,3,2024-12,2.018859,1.5316983086777285
2024-09,holdout,12,GradientBoosting,revenue_only,4,2025-01,2.021128,1.5316983086777285
2024-09,holdout,12,GradientBoosting,revenue_only,5,2025-02,2.153377,1.3638338148323104
2024-09,holdout,12,GradientBoosting,revenue_only,6,2025-03,2.194287,1.856866206926438
2024-09,holdout,12,GradientBoosting,revenue_only,7,2025-04,2.328755,1.856866206926438
2024-09,holdout,12,GradientBoosting,revenue_only,8,2025-05,2.098333,1.856866206926438
2024-09,holdout,12,GradientBoosting,revenue_only,9,2025-06,2.356699,1.893513775931343
2024-09,holdout,12,GradientBoosting,revenue_only,10,2025-07,2.667033,2.0587903968742274
2024-09,holdout,12,GradientBoosting,revenue_only,11,2025-08,2.544064,2.069012941420532
2024-09,holdout,12,GradientBoosting,revenue_only,12,2025-09,2.851779,2.069012941420532
2024-09,holdout,12,Ridge,quarterly_expanded,1,2024-10,2.030244,1.886981295774287
2024-09,holdout,12,Ridge,quarterly_expanded,2,2024-11,2.260922,1.8446460973700705
2024-09,holdout,12,Ridge,quarterly_expanded,3,2024-12,2.018859,1.8232912609489649
2024-09,holdout,12,Ridge,quarterly_expanded,4,2025-01,2.021128,1.8294972246096188
2024-09,holdout,12,Ridge,quarterly_expanded,5,2025-02,2.153377,1.8634807763199093
2024-09,holdout,12,Ridge,quarterly_expanded,6,2025-03,2.194287,1.9189954038584016
2024-09,holdout,12,Ridge,quarterly_expanded,7,2025-04,2.328755,1.9840055310865896
2024-09,holdout,12,Ridge,quarterly_expanded,8,2025-05,2.098333,2.042842886651636
2024-09,holdout,12,Ridge,quarterly_expanded,9,2025-06,2.356699,2.080317027546988
2024-09,holdout,12,Ridge,quarterly_expanded,10,2025-07,2.667033,2.086850652080748
2024-09,holdout,12,Ridge,quarterly_expanded,11,2025-08,2.544064,2.062223623730909
2024-09,holdout,12,Ridge,quarterly_expanded,12,2025-09,2.851779,2.0156925474336567
2024-09,holdout,12,GradientBoosting,quarterly_expanded,1,2024-10,2.030244,1.6130810208937565
2024-09,holdout,12,GradientBoosting,quarterly_expanded,2,2024-11,2.260922,1.639459751582112
2024-09,holdout,12,GradientBoosting,quarterly_expanded,3,2024-12,2.018859,1.533975660211114
2024-09,holdout,12,GradientBoosting,quarterly_expanded,4,2025-01,2.021128,1.5372394630008297
2024-09,holdout,12,GradientBoosting,quarterly_expanded,5,2025-02,2.153377,1.4145240268895105
2024-09,holdout,12,GradientBoosting,quarterly_expanded,6,2025-03,2.194287,1.767184875131939
2024-09,holdout,12,GradientBoosting,quarterly_expanded,7,2025-04,2.328755,1.7663891597229084
2024-09,holdout,12,GradientBoosting,quarterly_expanded,8,2025-05,2.098333,1.7673174479254972
2024-09,holdout,12,GradientBoosting,quarterly_expanded,9,2025-06,2.356699,1.7553498704375117
2024-09,holdout,12,GradientBoosting,quarterly_expanded,10,2025-07,2.667033,1.8979732900930604
2024-09,holdout,12,GradientBoosting,quarterly_expanded,11,2025-08,2.544064,1.9082559512058963
2024-09,holdout,12,GradientBoosting,quarterly_expanded,12,2025-09,2.851779,1.9091155741583987
2024-09,holdout,12,Ridge,peer_fx,1,2024-10,2.030244,1.6599460120514682
2024-09,holdout,12,Ridge,peer_fx,2,2024-11,2.260922,1.6214198783482807
2024-09,holdout,12,Ridge,peer_fx,3,2024-12,2.018859,1.601118073254978
2024-09,holdout,12,Ridge,peer_fx,4,2025-01,2.021128,1.6050858429015176
2024-09,holdout,12,Ridge,peer_fx,5,2025-02,2.153377,1.63375388585939
2024-09,holdout,12,Ridge,peer_fx,6,2025-03,2.194287,1.6818328171771224
2024-09,holdout,12,Ridge,peer_fx,7,2025-04,2.328755,1.7388660946391878
2024-09,holdout,12,Ridge,peer_fx,8,2025-05,2.098333,1.7910604268839614
2024-09,holdout,12,Ridge,peer_fx,9,2025-06,2.356699,1.824853480860156
2024-09,holdout,12,Ridge,peer_fx,10,2025-07,2.667033,1.8314654260554917
2024-09,holdout,12,Ridge,peer_fx,11,2025-08,2.544064,1.8103226448253864
2024-09,holdout,12,Ridge,peer_fx,12,2025-09,2.851779,1.7693160764810223
2024-09,holdout,12,GradientBoosting,peer_fx,1,2024-10,2.030244,1.6184775893289298
2024-09,holdout,12,GradientBoosting,peer_fx,2,2024-11,2.260922,1.6348091635970148
2024-09,holdout,12,GradientBoosting,peer_fx,3,2024-12,2.018859,1.5599062762377447
2024-09,holdout,12,GradientBoosting,peer_fx,4,2025-01,2.021128,1.5599062762377447
2024-09,holdout,12,GradientBoosting,peer_fx,5,2025-02,2.153377,1.4415530993479742
2024-09,holdout,12,GradientBoosting,peer_fx,6,2025-03,2.194287,1.9161863483206636
2024-09,holdout,12,GradientBoosting,peer_fx,7,2025-04,2.328755,1.9215141851034077
2024-09,holdout,12,GradientBoosting,peer_fx,8,2025-05,2.098333,1.912361286273825
2024-09,holdout,12,GradientBoosting,peer_fx,9,2025-06,2.356699,1.9349303253601884
2024-09,holdout,12,GradientBoosting,peer_fx,10,2025-07,2.667033,2.0395613302119115
2024-09,holdout,12,GradientBoosting,peer_fx,11,2025-08,2.544064,2.062707711442488
2024-09,holdout,12,GradientBoosting,peer_fx,12,2025-09,2.851779,2.0569883833718072
2024-09,holdout,12,Ridge,all,1,2024-10,2.030244,1.8776933436193548
2024-09,holdout,12,Ridge,all,2,2024-11,2.260922,1.8361848105820084
2024-09,holdout,12,Ridge,all,3,2024-12,2.018859,1.815321133353856
2024-09,holdout,12,Ridge,all,4,2025-01,2.021128,1.82162670395838
2024-09,holdout,12,Ridge,all,5,2025-02,2.153377,1.8553435030037164
2024-09,holdout,12,Ridge,all,6,2025-03,2.194287,1.910327291039137
2024-09,holdout,12,Ridge,all,7,2025-04,2.328755,1.9747171870512328
2024-09,holdout,12,Ridge,all,8,2025-05,2.098333,2.0330670104386166
2024-09,holdout,12,Ridge,all,9,2025-06,2.356699,2.070394623630833
2024-09,holdout,12,Ridge,all,10,2025-07,2.667033,2.077235431013383
2024-09,holdout,12,Ridge,all,11,2025-08,2.544064,2.053332537138452
2024-09,holdout,12,Ridge,all,12,2025-09,2.851779,2.0077717891512643
2024-09,holdout,12,GradientBoosting,all,1,2024-10,2.030244,1.5780143742377069
2024-09,holdout,12,GradientBoosting,all,2,2024-11,2.260922,1.5938549461825446
2024-09,holdout,12,GradientBoosting,all,3,2024-12,2.018859,1.5166315272599284
2024-09,holdout,12,GradientBoosting,all,4,2025-01,2.021128,1.5203308838672716
2024-09,holdout,12,GradientBoosting,all,5,2025-02,2.153377,1.4056185272862904
2024-09,holdout,12,GradientBoosting,all,6,2025-03,2.194287,1.750902948305855
2024-09,holdout,12,GradientBoosting,all,7,2025-04,2.328755,1.749520338085376
2024-09,holdout,12,GradientBoosting,all,8,2025-05,2.098333,1.7640495701392191
2024-09,holdout,12,GradientBoosting,all,9,2025-06,2.356699,1.7979382767309096
2024-09,holdout,12,GradientBoosting,all,10,2025-07,2.667033,1.891480032110181
2024-09,holdout,12,GradientBoosting,all,11,2025-08,2.544064,1.9080000191788355
2024-09,holdout,12,GradientBoosting,all,12,2025-09,2.851779,1.909507872657165
2024-12,holdout,12,HW_Damped_Add,revenue_only,1,2025-01,2.021128,2.0326079066904774
2024-12,holdout,12,HW_Damped_Add,revenue_only,2,2025-02,2.153377,1.84392315882828
2024-12,holdout,12,HW_Damped_Add,revenue_only,3,2025-03,2.194287,2.11333923923203
2024-12,holdout,12,HW_Damped_Add,revenue_only,4,2025-04,2.328755,2.1080528902931053
2024-12,holdout,12,HW_Damped_Add,revenue_only,5,2025-05,2.098333,2.108854621699752
2024-12,holdout,12,HW_Damped_Add,revenue_only,6,2025-06,2.356699,2.0282127540003683
2024-12,holdout,12,HW_Damped_Add,revenue_only,7,2025-07,2.667033,2.114991626511893
2024-12,holdout,12,HW_Damped_Add,revenue_only,8,2025-08,2.544064,2.1401532358329645
2024-12,holdout,12,HW_Damped_Add,revenue_only,9,2025-09,2.851779,2.097768782965404
2024-12,holdout,12,HW_Damped_Add,revenue_only,10,2025-10,2.853997,2.021902308932092
2024-12,holdout,12,HW_Damped_Add,revenue_only,11,2025-11,3.024742,2.109134897958625
2024-12,holdout,12,HW_Damped_Add,revenue_only,12,2025-12,3.250133,2.065425521596676
2024-12,holdout,12,Ridge,revenue_only,1,2025-01,2.021128,1.6610696230764066
2024-12,holdout,12,Ridge,revenue_only,2,2025-02,2.153377,1.684730569210371
2024-12,holdout,12,Ridge,revenue_only,3,2025-03,2.194287,1.7272124559827708
2024-12,holdout,12,Ridge,revenue_only,4,2025-04,2.328755,1.7796806228373745
2024-12,holdout,12,Ridge,revenue_only,5,2025-05,2.098333,1.8299672165788043
2024-12,holdout,12,Ridge,revenue_only,6,2025-06,2.356699,1.8655772196128004
2024-12,holdout,12,Ridge,revenue_only,7,2025-07,2.667033,1.8776532461720108
2024-12,holdout,12,Ridge,revenue_only,8,2025-08,2.544064,1.864254638055902
2024-12,holdout,12,Ridge,revenue_only,9,2025-09,2.851779,1.831143530570656
2024-12,holdout,12,Ridge,revenue_only,10,2025-10,2.853997,1.7896105702854588
2024-12,holdout,12,Ridge,revenue_only,11,2025-11,3.024742,1.7526280514530803
2024-12,holdout,12,Ridge,revenue_only,12,2025-12,3.250133,1.7312201482510112
2024-12,holdout,12,GradientBoosting,revenue_only,1,2025-01,2.021128,1.8739677986758247
2024-12,holdout,12,GradientBoosting,revenue_only,2,2025-02,2.153377,1.7333195700061454
2024-12,holdout,12,GradientBoosting,revenue_only,3,2025-03,2.194287,1.8042020690433012
2024-12,holdout,12,GradientBoosting,revenue_only,4,2025-04,2.328755,1.8042020690433012
2024-12,holdout,12,GradientBoosting,revenue_only,5,2025-05,2.098333,1.8729112011367093
2024-12,holdout,12,GradientBoosting,revenue_only,6,2025-06,2.356699,1.951343784268992
2024-12,holdout,12,GradientBoosting,revenue_only,7,2025-07,2.667033,2.09254100811764
2024-12,holdout,12,GradientBoosting,revenue_only,8,2025-08,2.544064,2.107853183647552
2024-12,holdout,12,GradientBoosting,revenue_only,9,2025-09,2.851779,2.164504103035202
2024-12,holdout,12,GradientBoosting,revenue_only,10,2025-10,2.853997,2.1094976977485973
2024-12,holdout,12,GradientBoosting,revenue_only,11,2025-11,3.024742,2.200366535092224
2024-12,holdout,12,GradientBoosting,revenue_only,12,2025-12,3.250133,2.0656787033340223
2024-12,holdout,12,Ridge,quarterly_expanded,1,2025-01,2.021128,1.689649308701836
2024-12,holdout,12,Ridge,quarterly_expanded,2,2025-02,2.153377,1.7170618562460014
2024-12,holdout,12,Ridge,quarterly_expanded,3,2025-03,2.194287,1.7631784036845473
2024-12,holdout,12,Ridge,quarterly_expanded,4,2025-04,2.328755,1.8185471496879984
2024-12,holdout,12,Ridge,quarterly_expanded,5,2025-05,2.098333,1.8704839213606024
2024-12,holdout,12,Ridge,quarterly_expanded,6,2025-06,2.356699,1.9062895062763336
2024-12,holdout,12,Ridge,quarterly_expanded,7,2025-07,2.667033,1.9173610012069384
2024-12,holdout,12,Ridge,quarterly_expanded,8,2025-08,2.544064,1.9024199666195551
2024-12,holdout,12,Ridge,quarterly_expanded,9,2025-09,2.851779,1.868047649006076
2024-12,holdout,12,Ridge,quarterly_expanded,10,2025-10,2.853997,1.826213350628644
2024-12,holdout,12,Ridge,quarterly_expanded,11,2025-11,3.024742,1.7902511896875426
2024-12,holdout,12,Ridge,quarterly_expanded,12,2025-12,3.250133,1.7712137077215235
2024-12,holdout,12,GradientBoosting,quarterly_expanded,1,2025-01,2.021128,1.83710522960833
2024-12,holdout,12,GradientBoosting,quarterly_expanded,2,2025-02,2.153377,1.655225135603911
2024-12,holdout,12,GradientBoosting,quarterly_expanded,3,2025-03,2.194287,1.760713189669919
2024-12,holdout,12,GradientBoosting,quarterly_expanded,4,2025-04,2.328755,1.7594833775671532
2024-12,holdout,12,GradientBoosting,quarterly_expanded,5,2025-05,2.098333,1.8095142941322275
2024-12,holdout,12,GradientBoosting,quarterly_expanded,6,2025-06,2.356699,1.9090126507141612
2024-12,holdout,12,GradientBoosting,quarterly_expanded,7,2025-07,2.667033,2.0405259733877488
2024-12,holdout,12,GradientBoosting,quarterly_expanded,8,2025-08,2.544064,2.0949153367695423
2024-12,holdout,12,GradientBoosting,quarterly_expanded,9,2025-09,2.851779,2.18515413945429
2024-12,holdout,12,GradientBoosting,quarterly_expanded,10,2025-10,2.853997,2.110837503250515
2024-12,holdout,12,GradientBoosting,quarterly_expanded,11,2025-11,3.024742,2.2102021937823544
2024-12,holdout,12,GradientBoosting,quarterly_expanded,12,2025-12,3.250133,2.076572591101124
2024-12,holdout,12,Ridge,peer_fx,1,2025-01,2.021128,1.8346892322861068
2024-12,holdout,12,Ridge,peer_fx,2,2025-02,2.153377,1.8613756260344547
2024-12,holdout,12,Ridge,peer_fx,3,2025-03,2.194287,1.9086465844844176
2024-12,holdout,12,Ridge,peer_fx,4,2025-04,2.328755,1.9667420697943243
2024-12,holdout,12,Ridge,peer_fx,5,2025-05,2.098333,2.0222705435785864
2024-12,holdout,12,Ridge,peer_fx,6,2025-06,2.356699,2.06153084089626
2024-12,holdout,12,Ridge,peer_fx,7,2025-07,2.667033,2.074867607069488
2024-12,holdout,12,Ridge,peer_fx,8,2025-08,2.544064,2.060246975986381
2024-12,holdout,12,Ridge,peer_fx,9,2025-09,2.851779,2.02408242536918
2024-12,holdout,12,Ridge,peer_fx,10,2025-10,2.853997,1.9788219140571888
2024-12,holdout,12,Ridge,peer_fx,11,2025-11,3.024742,1.938720793929188
2024-12,holdout,12,Ridge,peer_fx,12,2025-12,3.250133,1.9158658377059208
2024-12,holdout,12,GradientBoosting,peer_fx,1,2025-01,2.021128,1.9378055259772475
2024-12,holdout,12,GradientBoosting,peer_fx,2,2025-02,2.153377,1.7971686269652072
2024-12,holdout,12,GradientBoosting,peer_fx,3,2025-03,2.194287,1.917188806624163
2024-12,holdout,12,GradientBoosting,peer_fx,4,2025-04,2.328755,1.9211275656367224
2024-12,holdout,12,GradientBoosting,peer_fx,5,2025-05,2.098333,1.9377828794057304
2024-12,holdout,12,GradientBoosting,peer_fx,6,2025-06,2.356699,1.9562706020062903
2024-12,holdout,12,GradientBoosting,peer_fx,7,2025-07,2.667033,2.1223061792884983
2024-12,holdout,12,GradientBoosting,peer_fx,8,2025-08,2.544064,2.1617450138432344
2024-12,holdout,12,GradientBoosting,peer_fx,9,2025-09,2.851779,2.226462264679584
2024-12,holdout,12,GradientBoosting,peer_fx,10,2025-10,2.853997,2.104068812444812
2024-12,holdout,12,GradientBoosting,peer_fx,11,2025-11,3.024742,2.22091420924006
2024-12,holdout,12,GradientBoosting,peer_fx,12,2025-12,3.250133,2.08483651457191
2024-12,holdout,12,Ridge,all,1,2025-01,2.021128,1.7695955455087136
2024-12,holdout,12,Ridge,all,2,2025-02,2.153377,1.7986066506452472
2024-12,holdout,12,Ridge,all,3,2025-03,2.194287,1.847094012870732
2024-12,holdout,12,Ridge,all,4,2025-04,2.328755,1.90514967956573
2024-12,holdout,12,Ridge,all,5,2025-05,2.098333,1.9595099296686125
2024-12,holdout,12,Ridge,all,6,2025-06,2.356699,1.996928119134436
2024-12,holdout,12,Ridge,all,7,2025-07,2.667033,2.0084685436196845
2024-12,holdout,12,Ridge,all,8,2025-08,2.544064,1.9928606762397183
2024-12,holdout,12,Ridge,all,9,2025-09,2.851779,1.957033292738964
2024-12,holdout,12,Ridge,all,10,2025-10,2.853997,1.9135164246551053
2024-12,holdout,12,Ridge,all,11,2025-11,3.024742,1.8762379226582644
2024-12,holdout,12,Ridge,all,12,2025-12,3.250133,1.8567226175571416
2024-12,holdout,12,GradientBoosting,all,1,2025-01,2.021128,1.883551167995973
2024-12,holdout,12,GradientBoosting,all,2,2025-02,2.153377,1.7593716877685135
2024-12,holdout,12,GradientBoosting,all,3,2025-03,2.194287,1.8604443671623885
2024-12,holdout,12,GradientBoosting,all,4,2025-04,2.328755,1.8937943456926012
2024-12,holdout,12,GradientBoosting,all,5,2025-05,2.098333,1.8957903010207515
2024-12,holdout,12,GradientBoosting,all,6,2025-06,2.356699,1.9792216750626364
2024-12,holdout,12,GradientBoosting,all,7,2025-07,2.667033,2.125131842149257
2024-12,holdout,12,GradientBoosting,all,8,2025-08,2.544064,2.16679764570144
2024-12,holdout,12,GradientBoosting,all,9,2025-09,2.851779,2.1941733451054173
2024-12,holdout,12,GradientBoosting,all,10,2025-10,2.853997,2.080231643633637
2024-12,holdout,12,GradientBoosting,all,11,2025-11,3.024742,2.225889887130037
2024-12,holdout,12,GradientBoosting,all,12,2025-12,3.250133,2.0971746518304686
2025-03,holdout,12,HW_Damped_Add,revenue_only,1,2025-04,2.328755,2.223983817876588
2025-03,holdout,12,HW_Damped_Add,revenue_only,2,2025-05,2.098333,2.224335226597744
2025-03,holdout,12,HW_Damped_Add,revenue_only,3,2025-06,2.356699,2.143239632548899
2025-03,holdout,12,HW_Damped_Add,revenue_only,4,2025-07,2.667033,2.229573078234893
2025-03,holdout,12,HW_Damped_Add,revenue_only,5,2025-08,2.544064,2.254286166164116
2025-03,holdout,12,HW_Damped_Add,revenue_only,6,2025-09,2.851779,2.211459831701115
2025-03,holdout,12,HW_Damped_Add,revenue_only,7,2025-10,2.853997,2.1351440069879293
2025-03,holdout,12,HW_Damped_Add,revenue_only,8,2025-11,3.024742,2.221929451675812
2025-03,holdout,12,HW_Damped_Add,revenue_only,9,2025-12,3.250133,2.177779463814195
2025-03,holdout,12,HW_Damped_Add,revenue_only,10,2026-01,3.533279,2.190846131002175
2025-03,holdout,12,HW_Damped_Add,revenue_only,11,2026-02,2.740833,2.02617721008138
2025-03,holdout,12,HW_Damped_Add,revenue_only,12,2026-03,3.781706,2.2773456472299483
2025-03,holdout,12,Ridge,revenue_only,1,2025-04,2.328755,1.7198684148833094
2025-03,holdout,12,Ridge,revenue_only,2,2025-05,2.098333,1.762094836994559
2025-03,holdout,12,Ridge,revenue_only,3,2025-06,2.356699,1.789076142322934
2025-03,holdout,12,Ridge,revenue_only,4,2025-07,2.667033,1.794513760874742
2025-03,holdout,12,Ridge,revenue_only,5,2025-08,2.544064,1.7784895351521677
2025-03,holdout,12,Ridge,revenue_only,6,2025-09,2.851779,1.7474608564027116
2025-03,holdout,12,Ridge,revenue_only,7,2025-10,2.853997,1.711924719552042
2025-03,holdout,12,Ridge,revenue_only,8,2025-11,3.024742,1.6830424419278862
2025-03,holdout,12,Ridge,revenue_only,9,2025-12,3.250133,1.669705912258901
2025-03,holdout,12,Ridge,revenue_only,10,2026-01,3.533279,1.6767429116677397
2025-03,holdout,12,Ridge,revenue_only,11,2026-02,2.740833,1.704144513524045
2025-03,holdout,12,Ridge,revenue_only,12,2026-03,3.781706,1.747007386819538
2025-03,holdout,12,GradientBoosting,revenue_only,1,2025-04,2.328755,2.0263764293195994
2025-03,holdout,12,GradientBoosting,revenue_only,2,2025-05,2.098333,2.0189846376006093
2025-03,holdout,12,GradientBoosting,revenue_only,3,2025-06,2.356699,2.010908513865384
2025-03,holdout,12,GradientBoosting,revenue_only,4,2025-07,2.667033,2.09729557773438
2025-03,holdout,12,GradientBoosting,revenue_only,5,2025-08,2.544064,2.118461076359971
2025-03,holdout,12,GradientBoosting,revenue_only,6,2025-09,2.851779,2.132308672809556
2025-03,holdout,12,GradientBoosting,revenue_only,7,2025-10,2.853997,2.114290198870697
2025-03,holdout,12,GradientBoosting,revenue_only,8,2025-11,3.024742,2.160834948023658
2025-03,holdout,12,GradientBoosting,revenue_only,9,2025-12,3.250133,2.085995592890071
2025-03,holdout,12,GradientBoosting,revenue_only,10,2026-01,3.533279,2.0694879718224444
2025-03,holdout,12,GradientBoosting,revenue_only,11,2026-02,2.740833,2.045334688096529
2025-03,holdout,12,GradientBoosting,revenue_only,12,2026-03,3.781706,2.0886770964081185
2025-03,holdout,12,Ridge,quarterly_expanded,1,2025-04,2.328755,1.721881360007443
2025-03,holdout,12,Ridge,quarterly_expanded,2,2025-05,2.098333,1.767556468087257
2025-03,holdout,12,Ridge,quarterly_expanded,3,2025-06,2.356699,1.796964304895419
2025-03,holdout,12,Ridge,quarterly_expanded,4,2025-07,2.667033,1.8033514534163604
2025-03,holdout,12,Ridge,quarterly_expanded,5,2025-08,2.544064,1.7868250578128264
2025-03,holdout,12,Ridge,quarterly_expanded,6,2025-09,2.851779,1.7543435206089304
2025-03,holdout,12,Ridge,quarterly_expanded,7,2025-10,2.853997,1.7171644764905885
2025-03,holdout,12,Ridge,quarterly_expanded,8,2025-11,3.024742,1.6871951802952274
2025-03,holdout,12,Ridge,quarterly_expanded,9,2025-12,3.250133,1.673873661996047
2025-03,holdout,12,Ridge,quarterly_expanded,10,2026-01,3.533279,1.6823070117247052
2025-03,holdout,12,Ridge,quarterly_expanded,11,2026-02,2.740833,1.7124862693411755
2025-03,holdout,12,Ridge,quarterly_expanded,12,2026-03,3.781706,1.7592112679678913
2025-03,holdout,12,GradientBoosting,quarterly_expanded,1,2025-04,2.328755,2.057819784655249
2025-03,holdout,12,GradientBoosting,quarterly_expanded,2,2025-05,2.098333,2.042295588294268
2025-03,holdout,12,GradientBoosting,quarterly_expanded,3,2025-06,2.356699,2.0254710451043247
2025-03,holdout,12,GradientBoosting,quarterly_expanded,4,2025-07,2.667033,2.1344883323924413
2025-03,holdout,12,GradientBoosting,quarterly_expanded,5,2025-08,2.544064,2.1441218091252674
2025-03,holdout,12,GradientBoosting,quarterly_expanded,6,2025-09,2.851779,2.1584353889077788
2025-03,holdout,12,GradientBoosting,quarterly_expanded,7,2025-10,2.853997,2.1432077609548936
2025-03,holdout,12,GradientBoosting,quarterly_expanded,8,2025-11,3.024742,2.1810767933079163
2025-03,holdout,12,GradientBoosting,quarterly_expanded,9,2025-12,3.250133,2.129786560440048
2025-03,holdout,12,GradientBoosting,quarterly_expanded,10,2026-01,3.533279,2.1428301986057656
2025-03,holdout,12,GradientBoosting,quarterly_expanded,11,2026-02,2.740833,2.074856681473978
2025-03,holdout,12,GradientBoosting,quarterly_expanded,12,2026-03,3.781706,2.183682371395911
2025-03,holdout,12,Ridge,peer_fx,1,2025-04,2.328755,2.392544781112592
2025-03,holdout,12,Ridge,peer_fx,2,2025-05,2.098333,2.4559574040090077
2025-03,holdout,12,Ridge,peer_fx,3,2025-06,2.356699,2.498301981466665
2025-03,holdout,12,Ridge,peer_fx,4,2025-07,2.667033,2.509770538382935
2025-03,holdout,12,Ridge,peer_fx,5,2025-08,2.544064,2.4896943123949744
2025-03,holdout,12,Ridge,peer_fx,6,2025-09,2.851779,2.4468451429345666
2025-03,holdout,12,Ridge,peer_fx,7,2025-10,2.853997,2.396219069785739
2025-03,holdout,12,Ridge,peer_fx,8,2025-11,3.024742,2.3541277161277336
2025-03,holdout,12,Ridge,peer_fx,9,2025-12,3.250133,2.33383513448425
2025-03,holdout,12,Ridge,peer_fx,10,2026-01,3.533279,2.3428546421605283
2025-03,holdout,12,Ridge,peer_fx,11,2026-02,2.740833,2.381757763945638
2025-03,holdout,12,Ridge,peer_fx,12,2026-03,3.781706,2.444001047715046
2025-03,holdout,12,GradientBoosting,peer_fx,1,2025-04,2.328755,2.082879443210968
2025-03,holdout,12,GradientBoosting,peer_fx,2,2025-05,2.098333,2.053820402386662
2025-03,holdout,12,GradientBoosting,peer_fx,3,2025-06,2.356699,2.0418329098202785
2025-03,holdout,12,GradientBoosting,peer_fx,4,2025-07,2.667033,2.1070456524597514
2025-03,holdout,12,GradientBoosting,peer_fx,5,2025-08,2.544064,2.1184654804346685
2025-03,holdout,12,GradientBoosting,peer_fx,6,2025-09,2.851779,2.135356783691156
2025-03,holdout,12,GradientBoosting,peer_fx,7,2025-10,2.853997,2.0984592854134805
2025-03,holdout,12,GradientBoosting,peer_fx,8,2025-11,3.024742,2.173337454831472
2025-03,holdout,12,GradientBoosting,peer_fx,9,2025-12,3.250133,2.144936574515954
2025-03,holdout,12,GradientBoosting,peer_fx,10,2026-01,3.533279,2.150038693447057
2025-03,holdout,12,GradientBoosting,peer_fx,11,2026-02,2.740833,2.1086869939280755
2025-03,holdout,12,GradientBoosting,peer_fx,12,2026-03,3.781706,2.2217048662251955
2025-03,holdout,12,Ridge,all,1,2025-04,2.328755,2.069591885351196
2025-03,holdout,12,Ridge,all,2,2025-05,2.098333,2.125893408864128
2025-03,holdout,12,Ridge,all,3,2025-06,2.356699,2.162913698527443
2025-03,holdout,12,Ridge,all,4,2025-07,2.667033,2.1721584470898945
2025-03,holdout,12,Ridge,all,5,2025-08,2.544064,2.153400288120844
2025-03,holdout,12,Ridge,all,6,2025-09,2.851779,2.1148080568567926
2025-03,holdout,12,Ridge,all,7,2025-10,2.853997,2.069937190669622
2025-03,holdout,12,Ridge,all,8,2025-11,3.024742,2.03330111353392
2025-03,holdout,12,Ridge,all,9,2025-12,3.250133,2.016532826717839
2025-03,holdout,12,Ridge,all,10,2026-01,3.533279,2.02606926915354
2025-03,holdout,12,Ridge,all,11,2026-02,2.740833,2.06215985239186
2025-03,holdout,12,Ridge,all,12,2026-03,3.781706,2.118738905531788
2025-03,holdout,12,GradientBoosting,all,1,2025-04,2.328755,2.1146775495720456
2025-03,holdout,12,GradientBoosting,all,2,2025-05,2.098333,2.089058676858167
2025-03,holdout,12,GradientBoosting,all,3,2025-06,2.356699,2.0883996945951977
2025-03,holdout,12,GradientBoosting,all,4,2025-07,2.667033,2.164321677224135
2025-03,holdout,12,GradientBoosting,all,5,2025-08,2.544064,2.1806234300384206
2025-03,holdout,12,GradientBoosting,all,6,2025-09,2.851779,2.160603585985851
2025-03,holdout,12,GradientBoosting,all,7,2025-10,2.853997,2.099094879164001
2025-03,holdout,12,GradientBoosting,all,8,2025-11,3.024742,2.1526067237560795
2025-03,holdout,12,GradientBoosting,all,9,2025-12,3.250133,2.150485792774013
2025-03,holdout,12,GradientBoosting,all,10,2026-01,3.533279,2.150485792774013
2025-03,holdout,12,GradientBoosting,all,11,2026-02,2.740833,2.1117057931113754
2025-03,holdout,12,GradientBoosting,all,12,2026-03,3.781706,2.2387568718293838
2025-06,holdout,12,HW_Damped_Add,revenue_only,1,2025-07,2.667033,2.367490544807818
2025-06,holdout,12,HW_Damped_Add,revenue_only,2,2025-08,2.544064,2.3916763908940712
2025-06,holdout,12,HW_Damped_Add,revenue_only,3,2025-09,2.851779,2.348322332988173
2025-06,holdout,12,HW_Damped_Add,revenue_only,4,2025-10,2.853997,2.271485325198218
2025-06,holdout,12,HW_Damped_Add,revenue_only,5,2025-11,3.024742,2.357751562875027
2025-06,holdout,12,HW_Damped_Add,revenue_only,6,2025-12,3.250133,2.3130743553126183
2025-06,holdout,12,HW_Damped_Add,revenue_only,7,2026-01,3.533279,2.325781506796382
2025-06,holdout,12,HW_Damped_Add,revenue_only,8,2026-02,2.740833,2.160595052553452
2025-06,holdout,12,HW_Damped_Add,revenue_only,9,2026-03,3.781706,2.411249267567872
2025-06,holdout,12,HW_Damped_Add,revenue_only,10,2026-04,4.610166,2.41553162238208
2025-06,holdout,12,HW_Damped_Add,revenue_only,11,2026-05,4.794425,2.3973671460038743
2025-06,holdout,12,HW_Damped_Add,revenue_only,12,2026-06,4.895221,2.341627712242816
2025-06,holdout,12,Ridge,revenue_only,1,2025-07,2.667033,1.8474776874514416
2025-06,holdout,12,Ridge,revenue_only,2,2025-08,2.544064,1.8249710343739147
2025-06,holdout,12,Ridge,revenue_only,3,2025-09,2.851779,1.786743562542655
2025-06,holdout,12,Ridge,revenue_only,4,2025-10,2.853997,1.745218964056038
2025-06,holdout,12,Ridge,revenue_only,5,2025-11,3.024742,1.7129471323980052
2025-06,holdout,12,Ridge,revenue_only,6,2025-12,3.250133,1.6994360745611266
2025-06,holdout,12,Ridge,revenue_only,7,2026-01,3.533279,1.7093955477719849
2025-06,holdout,12,Ridge,revenue_only,8,2026-02,2.740833,1.7420703721233033
2025-06,holdout,12,Ridge,revenue_only,9,2026-03,3.781706,1.7912629549742538
2025-06,holdout,12,Ridge,revenue_only,10,2026-04,4.610166,1.846169393942384
2025-06,holdout,12,Ridge,revenue_only,11,2026-05,4.794425,1.893552763121289
2025-06,holdout,12,Ridge,revenue_only,12,2026-06,4.895221,1.9213940320120315
2025-06,holdout,12,GradientBoosting,revenue_only,1,2025-07,2.667033,2.109219221330941
2025-06,holdout,12,GradientBoosting,revenue_only,2,2025-08,2.544064,2.109219221330941
2025-06,holdout,12,GradientBoosting,revenue_only,3,2025-09,2.851779,2.109219221330941
2025-06,holdout,12,GradientBoosting,revenue_only,4,2025-10,2.853997,2.064942536470602
2025-06,holdout,12,GradientBoosting,revenue_only,5,2025-11,3.024742,2.0840826707071023
2025-06,holdout,12,GradientBoosting,revenue_only,6,2025-12,3.250133,2.079839524602763
2025-06,holdout,12,GradientBoosting,revenue_only,7,2026-01,3.533279,2.0922889656168087
2025-06,holdout,12,GradientBoosting,revenue_only,8,2026-02,2.740833,2.0461426529766378
2025-06,holdout,12,GradientBoosting,revenue_only,9,2026-03,3.781706,2.151956515025572
2025-06,holdout,12,GradientBoosting,revenue_only,10,2026-04,4.610166,2.151956515025572
2025-06,holdout,12,GradientBoosting,revenue_only,11,2026-05,4.794425,2.151956515025572
2025-06,holdout,12,GradientBoosting,revenue_only,12,2026-06,4.895221,2.161148627178288
2025-06,holdout,12,Ridge,quarterly_expanded,1,2025-07,2.667033,1.8727793136132032
2025-06,holdout,12,Ridge,quarterly_expanded,2,2025-08,2.544064,1.851773392096532
2025-06,holdout,12,Ridge,quarterly_expanded,3,2025-09,2.851779,1.813829991038869
2025-06,holdout,12,Ridge,quarterly_expanded,4,2025-10,2.853997,1.7715917006130175
2025-06,holdout,12,Ridge,quarterly_expanded,5,2025-11,3.024742,1.7380911121527352
2025-06,holdout,12,Ridge,quarterly_expanded,6,2025-12,3.250133,1.723401600716696
2025-06,holdout,12,Ridge,quarterly_expanded,7,2026-01,3.533279,1.7327455222277566
2025-06,holdout,12,Ridge,quarterly_expanded,8,2026-02,2.740833,1.7657524212441464
2025-06,holdout,12,Ridge,quarterly_expanded,9,2026-03,3.781706,1.816424422533132
2025-06,holdout,12,Ridge,quarterly_expanded,10,2026-04,4.610166,1.8739005346430335
2025-06,holdout,12,Ridge,quarterly_expanded,11,2026-05,4.794425,1.9245708099166177
2025-06,holdout,12,Ridge,quarterly_expanded,12,2026-06,4.895221,1.9557628953813675
2025-06,holdout,12,GradientBoosting,quarterly_expanded,1,2025-07,2.667033,2.1682758792088164
2025-06,holdout,12,GradientBoosting,quarterly_expanded,2,2025-08,2.544064,2.144360588992225
2025-06,holdout,12,GradientBoosting,quarterly_expanded,3,2025-09,2.851779,2.097528143664248
2025-06,holdout,12,GradientBoosting,quarterly_expanded,4,2025-10,2.853997,2.019600226569184
2025-06,holdout,12,GradientBoosting,quarterly_expanded,5,2025-11,3.024742,2.097890842777261
2025-06,holdout,12,GradientBoosting,quarterly_expanded,6,2025-12,3.250133,2.105978787439137
2025-06,holdout,12,GradientBoosting,quarterly_expanded,7,2026-01,3.533279,2.1182913016882376
2025-06,holdout,12,GradientBoosting,quarterly_expanded,8,2026-02,2.740833,1.9998671433068933
2025-06,holdout,12,GradientBoosting,quarterly_expanded,9,2026-03,3.781706,2.208882476901767
2025-06,holdout,12,GradientBoosting,quarterly_expanded,10,2026-04,4.610166,2.280297205092681
2025-06,holdout,12,GradientBoosting,quarterly_expanded,11,2026-05,4.794425,2.280297205092681
2025-06,holdout,12,GradientBoosting,quarterly_expanded,12,2026-06,4.895221,2.280297205092681
2025-06,holdout,12,Ridge,peer_fx,1,2025-07,2.667033,2.473769780130948
2025-06,holdout,12,Ridge,peer_fx,2,2025-08,2.544064,2.4536342754723504
2025-06,holdout,12,Ridge,peer_fx,3,2025-09,2.851779,2.4112912888797093
2025-06,holdout,12,Ridge,peer_fx,4,2025-10,2.853997,2.3617747260473165
2025-06,holdout,12,Ridge,peer_fx,5,2025-11,3.024742,2.321264705266775
2025-06,holdout,12,Ridge,peer_fx,6,2025-12,3.250133,2.302796168739404
2025-06,holdout,12,Ridge,peer_fx,7,2026-01,3.533279,2.3136328108987776
2025-06,holdout,12,Ridge,peer_fx,8,2026-02,2.740833,2.3541224979029525
2025-06,holdout,12,Ridge,peer_fx,9,2026-03,3.781706,2.4175439802861525
2025-06,holdout,12,Ridge,peer_fx,10,2026-04,4.610166,2.4909829970284783
2025-06,holdout,12,Ridge,peer_fx,11,2026-05,4.794425,2.557818587727936
2025-06,holdout,12,Ridge,peer_fx,12,2026-06,4.895221,2.6021005951072644
2025-06,holdout,12,GradientBoosting,peer_fx,1,2025-07,2.667033,2.193563130950054
2025-06,holdout,12,GradientBoosting,peer_fx,2,2025-08,2.544064,2.193563130950054
2025-06,holdout,12,GradientBoosting,peer_fx,3,2025-09,2.851779,2.193563130950054
2025-06,holdout,12,GradientBoosting,peer_fx,4,2025-10,2.853997,2.100683609945529
2025-06,holdout,12,GradientBoosting,peer_fx,5,2025-11,3.024742,2.1083930824977006
2025-06,holdout,12,GradientBoosting,peer_fx,6,2025-12,3.250133,2.1062085236681938
2025-06,holdout,12,GradientBoosting,peer_fx,7,2026-01,3.533279,2.13368627219431
2025-06,holdout,12,GradientBoosting,peer_fx,8,2026-02,2.740833,2.0886342175212422
2025-06,holdout,12,GradientBoosting,peer_fx,9,2026-03,3.781706,2.2994479526856697
2025-06,holdout,12,GradientBoosting,peer_fx,10,2026-04,4.610166,2.2994479526856697
2025-06,holdout,12,GradientBoosting,peer_fx,11,2026-05,4.794425,2.274086744122277
2025-06,holdout,12,GradientBoosting,peer_fx,12,2026-06,4.895221,2.314361090788568
2025-06,holdout,12,Ridge,all,1,2025-07,2.667033,2.262139237201802
2025-06,holdout,12,Ridge,all,2,2025-08,2.544064,2.241810490791062
2025-06,holdout,12,Ridge,all,3,2025-09,2.851779,2.2007404410023086
2025-06,holdout,12,Ridge,all,4,2025-10,2.853997,2.1532629384276034
2025-06,holdout,12,Ridge,all,5,2025-11,3.024742,2.1146469550482334
2025-06,holdout,12,Ridge,all,6,2025-12,3.250133,2.097072314264859
2025-06,holdout,12,Ridge,all,7,2026-01,3.533279,2.107226135169534
2025-06,holdout,12,Ridge,all,8,2026-02,2.740833,2.1452864839535195
2025-06,holdout,12,Ridge,all,9,2026-03,3.781706,2.204799422723526
2025-06,holdout,12,Ridge,all,10,2026-04,4.610166,2.273497924985322
2025-06,holdout,12,Ridge,all,11,2026-05,4.794425,2.3356484375417623
2025-06,holdout,12,Ridge,all,12,2026-06,4.895221,2.376214571994643
2025-06,holdout,12,GradientBoosting,all,1,2025-07,2.667033,2.1820401433434093
2025-06,holdout,12,GradientBoosting,all,2,2025-08,2.544064,2.146847168676469
2025-06,holdout,12,GradientBoosting,all,3,2025-09,2.851779,2.09741905640709
2025-06,holdout,12,GradientBoosting,all,4,2025-10,2.853997,2.003017716306724
2025-06,holdout,12,GradientBoosting,all,5,2025-11,3.024742,2.063635722898134
2025-06,holdout,12,GradientBoosting,all,6,2025-12,3.250133,2.0615654530635674
2025-06,holdout,12,GradientBoosting,all,7,2026-01,3.533279,2.088384565161501
2025-06,holdout,12,GradientBoosting,all,8,2026-02,2.740833,2.0267808482005347
2025-06,holdout,12,GradientBoosting,all,9,2026-03,3.781706,2.2562554720490184
2025-06,holdout,12,GradientBoosting,all,10,2026-04,4.610166,2.32748605086442
2025-06,holdout,12,GradientBoosting,all,11,2026-05,4.794425,2.32228704021958
2025-06,holdout,12,GradientBoosting,all,12,2026-06,4.895221,2.32228704021958
2025-09,holdout,12,HW_Damped_Add,revenue_only,1,2025-10,2.853997,2.6932905579464035
2025-09,holdout,12,HW_Damped_Add,revenue_only,2,2025-11,3.024742,2.7779481808064594
2025-09,holdout,12,HW_Damped_Add,revenue_only,3,2025-12,3.250133,2.731662423887269
2025-09,holdout,12,HW_Damped_Add,revenue_only,4,2026-01,3.533279,2.742663879601472
2025-09,holdout,12,HW_Damped_Add,revenue_only,5,2026-02,2.740833,2.575890810930925
2025-09,holdout,12,HW_Damped_Add,revenue_only,6,2026-03,3.781706,2.82496939698041
2025-09,holdout,12,HW_Damped_Add,revenue_only,7,2026-04,4.610166,2.827675459117021
2025-09,holdout,12,HW_Damped_Add,revenue_only,8,2026-05,4.794425,2.807936952720293
2025-09,holdout,12,HW_Damped_Add,revenue_only,9,2026-06,4.895221,2.7506247972455053
2025-09,holdout,12,HW_Damped_Add,revenue_only,10,2026-07,5.908074,2.8518604739401625
2025-09,holdout,12,HW_Damped_Add,revenue_only,11,2026-08,5.91454,2.8628951863515715
2025-09,holdout,12,HW_Damped_Add,revenue_only,12,2026-09,6.12557,2.8447237312259563
2025-09,holdout,12,Ridge,revenue_only,1,2025-10,2.853997,2.0127757266193904
2025-09,holdout,12,Ridge,revenue_only,2,2025-11,3.024742,1.962298464814282
2025-09,holdout,12,Ridge,revenue_only,3,2025-12,3.250133,1.9318844298119584
2025-09,holdout,12,Ridge,revenue_only,4,2026-01,3.533279,1.9305613477599477
2025-09,holdout,12,Ridge,revenue_only,5,2026-02,2.740833,1.960534195745073
2025-09,holdout,12,Ridge,revenue_only,6,2026-03,3.781706,2.016893786225438
2025-09,holdout,12,Ridge,revenue_only,7,2026-04,4.610166,2.088014855108976
2025-09,holdout,12,Ridge,revenue_only,8,2026-05,4.794425,2.157324846039704
2025-09,holdout,12,Ridge,revenue_only,9,2026-06,4.895221,2.207247868132549
2025-09,holdout,12,Ridge,revenue_only,10,2026-07,5.908074,2.224847665669581
2025-09,holdout,12,Ridge,revenue_only,11,2026-08,5.91454,2.2067904935739597
2025-09,holdout,12,Ridge,revenue_only,12,2026-09,6.12557,2.160748086450386
2025-09,holdout,12,GradientBoosting,revenue_only,1,2025-10,2.853997,2.353809968296157
2025-09,holdout,12,GradientBoosting,revenue_only,2,2025-11,3.024742,2.362595394570648
2025-09,holdout,12,GradientBoosting,revenue_only,3,2025-12,3.250133,2.17348264582725
2025-09,holdout,12,GradientBoosting,revenue_only,4,2026-01,3.533279,2.141407690223565
2025-09,holdout,12,GradientBoosting,revenue_only,5,2026-02,2.740833,2.0535087663302045
2025-09,holdout,12,GradientBoosting,revenue_only,6,2026-03,3.781706,2.2689723792815983
2025-09,holdout,12,GradientBoosting,revenue_only,7,2026-04,4.610166,2.295027326162052
2025-09,holdout,12,GradientBoosting,revenue_only,8,2026-05,4.794425,2.323405184404203
2025-09,holdout,12,GradientBoosting,revenue_only,9,2026-06,4.895221,2.385961019191388
2025-09,holdout,12,GradientBoosting,revenue_only,10,2026-07,5.908074,2.5935613180022146
2025-09,holdout,12,GradientBoosting,revenue_only,11,2026-08,5.91454,2.5935613180022146
2025-09,holdout,12,GradientBoosting,revenue_only,12,2026-09,6.12557,2.6814391426345185
2025-09,holdout,12,Ridge,quarterly_expanded,1,2025-10,2.853997,2.0994520378983794
2025-09,holdout,12,Ridge,quarterly_expanded,2,2025-11,3.024742,2.049526100830524
2025-09,holdout,12,Ridge,quarterly_expanded,3,2025-12,3.250133,2.019885214397162
2025-09,holdout,12,Ridge,quarterly_expanded,4,2026-01,3.533279,2.0197620150135034
2025-09,holdout,12,Ridge,quarterly_expanded,5,2026-02,2.740833,2.051447293193006
2025-09,holdout,12,Ridge,quarterly_expanded,6,2026-03,3.781706,2.109964170139174
2025-09,holdout,12,Ridge,quarterly_expanded,7,2026-04,4.610166,2.1834874981856887
2025-09,holdout,12,Ridge,quarterly_expanded,8,2026-05,4.794425,2.255176926692493
2025-09,holdout,12,Ridge,quarterly_expanded,9,2026-06,4.895221,2.3071975852278506
2025-09,holdout,12,Ridge,quarterly_expanded,10,2026-07,5.908074,2.3264230065002893
2025-09,holdout,12,Ridge,quarterly_expanded,11,2026-08,5.91454,2.3094359749513256
2025-09,holdout,12,Ridge,quarterly_expanded,12,2026-09,6.12557,2.263959300606896
2025-09,holdout,12,GradientBoosting,quarterly_expanded,1,2025-10,2.853997,2.251216722277145
2025-09,holdout,12,GradientBoosting,quarterly_expanded,2,2025-11,3.024742,2.2851746467798333
2025-09,holdout,12,GradientBoosting,quarterly_expanded,3,2025-12,3.250133,2.1135760035033586
2025-09,holdout,12,GradientBoosting,quarterly_expanded,4,2026-01,3.533279,2.088906075739943
2025-09,holdout,12,GradientBoosting,quarterly_expanded,5,2026-02,2.740833,1.9785985788301563
2025-09,holdout,12,GradientBoosting,quarterly_expanded,6,2026-03,3.781706,2.2500682218100474
2025-09,holdout,12,GradientBoosting,quarterly_expanded,7,2026-04,4.610166,2.2761418509482665
2025-09,holdout,12,GradientBoosting,quarterly_expanded,8,2026-05,4.794425,2.3014777357417966
2025-09,holdout,12,GradientBoosting,quarterly_expanded,9,2026-06,4.895221,2.3813361977317884
2025-09,holdout,12,GradientBoosting,quarterly_expanded,10,2026-07,5.908074,2.5993638299595783
2025-09,holdout,12,GradientBoosting,quarterly_expanded,11,2026-08,5.91454,2.5993638299595783
2025-09,holdout,12,GradientBoosting,quarterly_expanded,12,2026-09,6.12557,2.701752957803148
2025-09,holdout,12,Ridge,peer_fx,1,2025-10,2.853997,2.2986078171225675
2025-09,holdout,12,Ridge,peer_fx,2,2025-11,3.024742,2.254951702898984
2025-09,holdout,12,Ridge,peer_fx,3,2025-12,3.250133,2.2313653786433383
2025-09,holdout,12,Ridge,peer_fx,4,2026-01,3.533279,2.2368938351321006
2025-09,holdout,12,Ridge,peer_fx,5,2026-02,2.740833,2.2736828293580382
2025-09,holdout,12,Ridge,peer_fx,6,2026-03,3.781706,2.3365898254354915
2025-09,holdout,12,Ridge,peer_fx,7,2026-04,4.610166,2.4137029818055087
2025-09,holdout,12,Ridge,peer_fx,8,2026-05,4.794425,2.488353207851463
2025-09,holdout,12,Ridge,peer_fx,9,2026-06,4.895221,2.5431919748559824
2025-09,holdout,12,Ridge,peer_fx,10,2026-07,5.908074,2.5656949923495183
2025-09,holdout,12,Ridge,peer_fx,11,2026-08,5.91454,2.5528252181629787
2025-09,holdout,12,Ridge,peer_fx,12,2026-09,6.12557,2.51228581657703
2025-09,holdout,12,GradientBoosting,peer_fx,1,2025-10,2.853997,2.3028159182027506
2025-09,holdout,12,GradientBoosting,peer_fx,2,2025-11,3.024742,2.3208475706498057
2025-09,holdout,12,GradientBoosting,peer_fx,3,2025-12,3.250133,2.137891522640182
2025-09,holdout,12,GradientBoosting,peer_fx,4,2026-01,3.533279,2.112762037960918
2025-09,holdout,12,GradientBoosting,peer_fx,5,2026-02,2.740833,2.0169552394907067
2025-09,holdout,12,GradientBoosting,peer_fx,6,2026-03,3.781706,2.2585772000649484
2025-09,holdout,12,GradientBoosting,peer_fx,7,2026-04,4.610166,2.284998231285722
2025-09,holdout,12,GradientBoosting,peer_fx,8,2026-05,4.794425,2.3059632340255924
2025-09,holdout,12,GradientBoosting,peer_fx,9,2026-06,4.895221,2.360147547969193
2025-09,holdout,12,GradientBoosting,peer_fx,10,2026-07,5.908074,2.562123777129218
2025-09,holdout,12,GradientBoosting,peer_fx,11,2026-08,5.91454,2.562123777129218
2025-09,holdout,12,GradientBoosting,peer_fx,12,2026-09,6.12557,2.6538700130696005
2025-09,holdout,12,Ridge,all,1,2025-10,2.853997,2.472008251425752
2025-09,holdout,12,Ridge,all,2,2025-11,3.024742,2.423065964201674
2025-09,holdout,12,Ridge,all,3,2025-12,3.250133,2.3962934735158927
2025-09,holdout,12,Ridge,all,4,2026-01,3.533279,2.4015742237170885
2025-09,holdout,12,Ridge,all,5,2026-02,2.740833,2.441214715108912
2025-09,holdout,12,Ridge,all,6,2026-03,3.781706,2.509537383024932
2025-09,holdout,12,Ridge,all,7,2026-04,4.610166,2.593438001567437
2025-09,holdout,12,Ridge,all,8,2026-05,4.794425,2.6745736082147227
2025-09,holdout,12,Ridge,all,9,2026-06,4.895221,2.7338444026612763
2025-09,holdout,12,Ridge,all,10,2026-07,5.908074,2.757476310280885
2025-09,holdout,12,Ridge,all,11,2026-08,5.91454,2.742179187557439
2025-09,holdout,12,Ridge,all,12,2026-09,6.12557,2.696510686387484
2025-09,holdout,12,GradientBoosting,all,1,2025-10,2.853997,2.265437403650094
2025-09,holdout,12,GradientBoosting,all,2,2025-11,3.024742,2.2979982717405805
2025-09,holdout,12,GradientBoosting,all,3,2025-12,3.250133,2.105054209923755
2025-09,holdout,12,GradientBoosting,all,4,2026-01,3.533279,2.0954766461151406
2025-09,holdout,12,GradientBoosting,all,5,2026-02,2.740833,2.0216533876030547
2025-09,holdout,12,GradientBoosting,all,6,2026-03,3.781706,2.2176983369619205
2025-09,holdout,12,GradientBoosting,all,7,2026-04,4.610166,2.231784011609068
2025-09,holdout,12,GradientBoosting,all,8,2026-05,4.794425,2.26729052758415
2025-09,holdout,12,GradientBoosting,all,9,2026-06,4.895221,2.306061257707845
2025-09,holdout,12,GradientBoosting,all,10,2026-07,5.908074,2.5467769553303183
2025-09,holdout,12,GradientBoosting,all,11,2026-08,5.91454,2.5467769553303183
2025-09,holdout,12,GradientBoosting,all,12,2026-09,6.12557,2.654050366435451
2020-12,validation,24,HW_Damped_Add,revenue_only,1,2021-01,1.54903,1.4400720705554075
2020-12,validation,24,HW_Damped_Add,revenue_only,2,2021-02,1.415693,1.2390320796877534
2020-12,validation,24,HW_Damped_Add,revenue_only,3,2021-03,1.728671,1.4954228184519451
2020-12,validation,24,HW_Damped_Add,revenue_only,4,2021-04,1.770181,1.5025438374631783
2020-12,validation,24,HW_Damped_Add,revenue_only,5,2021-05,1.8031,1.4677704278318373
2020-12,validation,24,HW_Damped_Add,revenue_only,6,2021-06,1.869965,1.380332844664651
2020-12,validation,24,HW_Damped_Add,revenue_only,7,2021-07,1.928594,1.4640034487042646
2020-12,validation,24,HW_Damped_Add,revenue_only,8,2021-08,1.945708,1.4902839549489988
2020-12,validation,24,HW_Damped_Add,revenue_only,9,2021-09,1.795957,1.4260677296570037
2020-12,validation,24,HW_Damped_Add,revenue_only,10,2021-10,1.704222,1.3889607631373158
2020-12,validation,24,HW_Damped_Add,revenue_only,11,2021-11,1.801408,1.4427979938907347
2020-12,validation,24,HW_Damped_Add,revenue_only,12,2021-12,1.81951,1.442283364981963
2020-12,validation,24,HW_Damped_Add,revenue_only,13,2022-01,1.822394,1.4747327828526855
2020-12,validation,24,HW_Damped_Add,revenue_only,14,2022-02,1.464984,1.2734695857608715
2020-12,validation,24,HW_Damped_Add,revenue_only,15,2022-03,1.736445,1.5296385556925554
2020-12,validation,24,HW_Damped_Add,revenue_only,16,2022-04,1.641441,1.5365392340064936
2020-12,validation,24,HW_Damped_Add,revenue_only,17,2022-05,1.658904,1.501546902616241
2020-12,validation,24,HW_Damped_Add,revenue_only,18,2022-06,1.489451,1.413891807490922
2020-12,validation,24,HW_Damped_Add,revenue_only,19,2022-07,1.541013,1.4973463002944212
2020-12,validation,24,HW_Damped_Add,revenue_only,20,2022-08,1.483968,1.5234120870047634
2020-12,validation,24,HW_Damped_Add,revenue_only,21,2022-09,1.490297,1.458982524917892
2020-12,validation,24,HW_Damped_Add,revenue_only,22,2022-10,1.327315,1.4216635954383503
2020-12,validation,24,HW_Damped_Add,revenue_only,23,2022-11,1.473019,1.4752902282197875
2020-12,validation,24,HW_Damped_Add,revenue_only,24,2022-12,1.342897,1.4745663575367298
2020-12,validation,24,Ridge,revenue_only,1,2021-01,1.54903,1.4423880425365505
2020-12,validation,24,Ridge,revenue_only,2,2021-02,1.415693,1.4869031394908296
2020-12,validation,24,Ridge,revenue_only,3,2021-03,1.728671,1.5386221076982542
2020-12,validation,24,Ridge,revenue_only,4,2021-04,1.770181,1.584018925057035
2020-12,validation,24,Ridge,revenue_only,5,2021-05,1.8031,1.610250122308595
2020-12,validation,24,Ridge,revenue_only,6,2021-06,1.869965,1.6096403715519612
2020-12,validation,24,Ridge,revenue_only,7,2021-07,1.928594,1.5827787963861406
2020-12,validation,24,Ridge,revenue_only,8,2021-08,1.945708,1.5382786902432355
2020-12,validation,24,Ridge,revenue_only,9,2021-09,1.795957,1.489364847102868
2020-12,validation,24,Ridge,revenue_only,10,2021-10,1.704222,1.449399364780604
2020-12,validation,24,Ridge,revenue_only,11,2021-11,1.801408,1.4284678063597098
2020-12,validation,24,Ridge,revenue_only,12,2021-12,1.81951,1.431694336509599
2020-12,validation,24,Ridge,revenue_only,13,2022-01,1.822394,1.4587279510418771
2020-12,validation,24,Ridge,revenue_only,14,2022-02,1.464984,1.503747331579969
2020-12,validation,24,Ridge,revenue_only,15,2022-03,1.736445,1.5560521915055563
2020-12,validation,24,Ridge,revenue_only,16,2022-04,1.641441,1.6019632809050088
2020-12,validation,24,Ridge,revenue_only,17,2022-05,1.658904,1.6284916349205154
2020-12,validation,24,Ridge,revenue_only,18,2022-06,1.489451,1.6278749766804026
2020-12,validation,24,Ridge,revenue_only,19,2022-07,1.541013,1.6007091035950385
2020-12,validation,24,Ridge,revenue_only,20,2022-08,1.483968,1.5557048836898109
2020-12,validation,24,Ridge,revenue_only,21,2022-09,1.490297,1.506236926331918
2020-12,validation,24,Ridge,revenue_only,22,2022-10,1.327315,1.4658187001534524
2020-12,validation,24,Ridge,revenue_only,23,2022-11,1.473019,1.444650021249453
2020-12,validation,24,Ridge,revenue_only,24,2022-12,1.342897,1.4479131027335774
2020-12,validation,24,GradientBoosting,revenue_only,1,2021-01,1.54903,1.412304666083693
2020-12,validation,24,GradientBoosting,revenue_only,2,2021-02,1.415693,1.247457691327826
2020-12,validation,24,GradientBoosting,revenue_only,3,2021-03,1.728671,1.5440759596702631
2020-12,validation,24,GradientBoosting,revenue_only,4,2021-04,1.770181,1.6795247236441275
2020-12,validation,24,GradientBoosting,revenue_only,5,2021-05,1.8031,1.6552791871951142
2020-12,validation,24,GradientBoosting,revenue_only,6,2021-06,1.869965,1.557599463132982
2020-12,validation,24,GradientBoosting,revenue_only,7,2021-07,1.928594,1.5802403793191295
2020-12,validation,24,GradientBoosting,revenue_only,8,2021-08,1.945708,1.5664473525806577
2020-12,validation,24,GradientBoosting,revenue_only,9,2021-09,1.795957,1.387701714790402
2020-12,validation,24,GradientBoosting,revenue_only,10,2021-10,1.704222,1.354323279387471
2020-12,validation,24,GradientBoosting,revenue_only,11,2021-11,1.801408,1.412304666083693
2020-12,validation,24,GradientBoosting,revenue_only,12,2021-12,1.81951,1.412304666083693
2020-12,validation,24,GradientBoosting,revenue_only,13,2022-01,1.822394,1.412304666083693
2020-12,validation,24,GradientBoosting,revenue_only,14,2022-02,1.464984,1.247457691327826
2020-12,validation,24,GradientBoosting,revenue_only,15,2022-03,1.736445,1.5440759596702631
2020-12,validation,24,GradientBoosting,revenue_only,16,2022-04,1.641441,1.6806473393814514
2020-12,validation,24,GradientBoosting,revenue_only,17,2022-05,1.658904,1.6563855969067725
2020-12,validation,24,GradientBoosting,revenue_only,18,2022-06,1.489451,1.5622460296456513
2020-12,validation,24,GradientBoosting,revenue_only,19,2022-07,1.541013,1.5904368630968797
2020-12,validation,24,GradientBoosting,revenue_only,20,2022-08,1.483968,1.5791481389189594
2020-12,validation,24,GradientBoosting,revenue_only,21,2022-09,1.490297,1.3989532279368937
2020-12,validation,24,GradientBoosting,revenue_only,22,2022-10,1.327315,1.3712830585451097
2020-12,validation,24,GradientBoosting,revenue_only,23,2022-11,1.473019,1.4299905285396015
2020-12,validation,24,GradientBoosting,revenue_only,24,2022-12,1.342897,1.4299905285396015
2020-12,validation,24,Ridge,quarterly_expanded,1,2021-01,1.54903,1.4116343170393495
2020-12,validation,24,Ridge,quarterly_expanded,2,2021-02,1.415693,1.453446953510025
2020-12,validation,24,Ridge,quarterly_expanded,3,2021-03,1.728671,1.502613669291164
2020-12,validation,24,Ridge,quarterly_expanded,4,2021-04,1.770181,1.546253507172372
2020-12,validation,24,Ridge,quarterly_expanded,5,2021-05,1.8031,1.572002294774767
2020-12,validation,24,Ridge,quarterly_expanded,6,2021-06,1.869965,1.5722743214885997
2020-12,validation,24,Ridge,quarterly_expanded,7,2021-07,1.928594,1.547288907182477
2020-12,validation,24,Ridge,quarterly_expanded,8,2021-08,1.945708,1.5049842581783648
2020-12,validation,24,Ridge,quarterly_expanded,9,2021-09,1.795957,1.457878501243326
2020-12,validation,24,Ridge,quarterly_expanded,10,2021-10,1.704222,1.4188140906477755
2020-12,validation,24,Ridge,quarterly_expanded,11,2021-11,1.801408,1.397624607823244
2020-12,validation,24,Ridge,quarterly_expanded,12,2021-12,1.81951,1.399435596023675
2020-12,validation,24,Ridge,quarterly_expanded,13,2022-01,1.822394,1.4241225053937137
2020-12,validation,24,Ridge,quarterly_expanded,14,2022-02,1.464984,1.46630504225115
2020-12,validation,24,Ridge,quarterly_expanded,15,2022-03,1.736445,1.5159067171431784
2020-12,validation,24,Ridge,quarterly_expanded,16,2022-04,1.641441,1.5599326199624772
2020-12,validation,24,Ridge,quarterly_expanded,17,2022-05,1.658904,1.585909197230789
2020-12,validation,24,Ridge,quarterly_expanded,18,2022-06,1.489451,1.5861836304608126
2020-12,validation,24,Ridge,quarterly_expanded,19,2022-07,1.541013,1.5609771797600656
2020-12,validation,24,Ridge,quarterly_expanded,20,2022-08,1.483968,1.5182982777226772
2020-12,validation,24,Ridge,quarterly_expanded,21,2022-09,1.490297,1.470775794190616
2020-12,validation,24,Ridge,quarterly_expanded,22,2022-10,1.327315,1.4313657957104553
2020-12,validation,24,Ridge,quarterly_expanded,23,2022-11,1.473019,1.4099888576438326
2020-12,validation,24,Ridge,quarterly_expanded,24,2022-12,1.342897,1.4118158669635308
2020-12,validation,24,GradientBoosting,quarterly_expanded,1,2021-01,1.54903,1.425602630929976
2020-12,validation,24,GradientBoosting,quarterly_expanded,2,2021-02,1.415693,1.274540141992281
2020-12,validation,24,GradientBoosting,quarterly_expanded,3,2021-03,1.728671,1.5677858970422462
2020-12,validation,24,GradientBoosting,quarterly_expanded,4,2021-04,1.770181,1.6919423365379516
2020-12,validation,24,GradientBoosting,quarterly_expanded,5,2021-05,1.8031,1.6686253219060632
2020-12,validation,24,GradientBoosting,quarterly_expanded,6,2021-06,1.869965,1.570688855633758
2020-12,validation,24,GradientBoosting,quarterly_expanded,7,2021-07,1.928594,1.591440095606876
2020-12,validation,24,GradientBoosting,quarterly_expanded,8,2021-08,1.945708,1.5489084806592472
2020-12,validation,24,GradientBoosting,quarterly_expanded,9,2021-09,1.795957,1.379455950378459
2020-12,validation,24,GradientBoosting,quarterly_expanded,10,2021-10,1.704222,1.339071479664829
2020-12,validation,24,GradientBoosting,quarterly_expanded,11,2021-11,1.801408,1.421118456485372
2020-12,validation,24,GradientBoosting,quarterly_expanded,12,2021-12,1.81951,1.4238414813126985
2020-12,validation,24,GradientBoosting,quarterly_expanded,13,2022-01,1.822394,1.4238414813126985
2020-12,validation,24,GradientBoosting,quarterly_expanded,14,2022-02,1.464984,1.2729656107487393
2020-12,validation,24,GradientBoosting,quarterly_expanded,15,2022-03,1.736445,1.5658490981947666
2020-12,validation,24,GradientBoosting,quarterly_expanded,16,2022-04,1.641441,1.6910037068446606
2020-12,validation,24,GradientBoosting,quarterly_expanded,17,2022-05,1.658904,1.6689206951697777
2020-12,validation,24,GradientBoosting,quarterly_expanded,18,2022-06,1.489451,1.570966892582783
2020-12,validation,24,GradientBoosting,quarterly_expanded,19,2022-07,1.541013,1.59172180585595
2020-12,validation,24,GradientBoosting,quarterly_expanded,20,2022-08,1.483968,1.553218802785456
2020-12,validation,24,GradientBoosting,quarterly_expanded,21,2022-09,1.490297,1.3850057151814816
2020-12,validation,24,GradientBoosting,quarterly_expanded,22,2022-10,1.327315,1.342691101020003
2020-12,validation,24,GradientBoosting,quarterly_expanded,23,2022-11,1.473019,1.4281996261629843
2020-12,validation,24,GradientBoosting,quarterly_expanded,24,2022-12,1.342897,1.4309362193179544
2020-12,validation,24,Ridge,peer_fx,1,2021-01,1.54903,1.3981102576235855
2020-12,validation,24,Ridge,peer_fx,2,2021-02,1.415693,1.4399713126504234
2020-12,validation,24,Ridge,peer_fx,3,2021-03,1.728671,1.488832301694137
2020-12,validation,24,Ridge,peer_fx,4,2021-04,1.770181,1.5318767404536726
2020-12,validation,24,Ridge,peer_fx,5,2021-05,1.8031,1.556900825953475
2020-12,validation,24,Ridge,peer_fx,6,2021-06,1.869965,1.5565434482317102
2020-12,validation,24,Ridge,peer_fx,7,2021-07,1.928594,1.5312323988880523
2020-12,validation,24,Ridge,peer_fx,8,2021-08,1.945708,1.4890114812150417
2020-12,validation,24,Ridge,peer_fx,9,2021-09,1.795957,1.442365941041902
2020-12,validation,24,Ridge,peer_fx,10,2021-10,1.704222,1.4039989216754067
2020-12,validation,24,Ridge,peer_fx,11,2021-11,1.801408,1.3835631998303894
2020-12,validation,24,Ridge,peer_fx,12,2021-12,1.81951,1.3860154078784763
2020-12,validation,24,Ridge,peer_fx,13,2022-01,1.822394,1.4110992180665278
2020-12,validation,24,Ridge,peer_fx,14,2022-02,1.464984,1.4533491777486882
2020-12,validation,24,Ridge,peer_fx,15,2022-03,1.736445,1.5026641034189523
2020-12,validation,24,Ridge,peer_fx,16,2022-04,1.641441,1.5461084409055643
2020-12,validation,24,Ridge,peer_fx,17,2022-05,1.658904,1.5713650093979674
2020-12,validation,24,Ridge,peer_fx,18,2022-06,1.489451,1.571004311505232
2020-12,validation,24,Ridge,peer_fx,19,2022-07,1.541013,1.545458113168924
2020-12,validation,24,Ridge,peer_fx,20,2022-08,1.483968,1.502844947583755
2020-12,validation,24,Ridge,peer_fx,21,2022-09,1.490297,1.455766053121964
2020-12,validation,24,Ridge,peer_fx,22,2022-10,1.327315,1.4170425899813477
2020-12,validation,24,Ridge,peer_fx,23,2022-11,1.473019,1.3964170127359994
2020-12,validation,24,Ridge,peer_fx,24,2022-12,1.342897,1.3988920027021512
2020-12,validation,24,GradientBoosting,peer_fx,1,2021-01,1.54903,1.3830273863828968
2020-12,validation,24,GradientBoosting,peer_fx,2,2021-02,1.415693,1.2258450700990844
2020-12,validation,24,GradientBoosting,peer_fx,3,2021-03,1.728671,1.515730392564665
2020-12,validation,24,GradientBoosting,peer_fx,4,2021-04,1.770181,1.638781383908425
2020-12,validation,24,GradientBoosting,peer_fx,5,2021-05,1.8031,1.615100439713352
2020-12,validation,24,GradientBoosting,peer_fx,6,2021-06,1.869965,1.51041660889804
2020-12,validation,24,GradientBoosting,peer_fx,7,2021-07,1.928594,1.57253732286533
2020-12,validation,24,GradientBoosting,peer_fx,8,2021-08,1.945708,1.57253732286533
2020-12,validation,24,GradientBoosting,peer_fx,9,2021-09,1.795957,1.401522133733018
2020-12,validation,24,GradientBoosting,peer_fx,10,2021-10,1.704222,1.3685353847729431
2020-12,validation,24,GradientBoosting,peer_fx,11,2021-11,1.801408,1.4105207536534856
2020-12,validation,24,GradientBoosting,peer_fx,12,2021-12,1.81951,1.3860672463080832
2020-12,validation,24,GradientBoosting,peer_fx,13,2022-01,1.822394,1.3860672463080832
2020-12,validation,24,GradientBoosting,peer_fx,14,2022-02,1.464984,1.2285394471879052
2020-12,validation,24,GradientBoosting,peer_fx,15,2022-03,1.736445,1.5190619304091866
2020-12,validation,24,GradientBoosting,peer_fx,16,2022-04,1.641441,1.644329454739298
2020-12,validation,24,GradientBoosting,peer_fx,17,2022-05,1.658904,1.6235010660203355
2020-12,validation,24,GradientBoosting,peer_fx,18,2022-06,1.489451,1.519368505058862
2020-12,validation,24,GradientBoosting,peer_fx,19,2022-07,1.541013,1.586924478459919
2020-12,validation,24,GradientBoosting,peer_fx,20,2022-08,1.483968,1.5878095239572243
2020-12,validation,24,GradientBoosting,peer_fx,21,2022-09,1.490297,1.4151334659092936
2020-12,validation,24,GradientBoosting,peer_fx,22,2022-10,1.327315,1.38291103703179
2020-12,validation,24,GradientBoosting,peer_fx,23,2022-11,1.473019,1.4253374373023142
2020-12,validation,24,GradientBoosting,peer_fx,24,2022-12,1.342897,1.3975552685204862
2020-12,validation,24,Ridge,all,1,2021-01,1.54903,1.40566953099782
2020-12,validation,24,Ridge,all,2,2021-02,1.415693,1.4472917525835651
2020-12,validation,24,Ridge,all,3,2021-03,1.728671,1.496216453531558
2020-12,validation,24,Ridge,all,4,2021-04,1.770181,1.53962117615571
2020-12,validation,24,Ridge,all,5,2021-05,1.8031,1.565204267404412
2020-12,validation,24,Ridge,all,6,2021-06,1.869965,1.5654257946111416
2020-12,validation,24,Ridge,all,7,2021-07,1.928594,1.5405158219402315
2020-12,validation,24,Ridge,all,8,2021-08,1.945708,1.4983837169686165
2020-12,validation,24,Ridge,all,9,2021-09,1.795957,1.4514913220851966
2020-12,validation,24,Ridge,all,10,2021-10,1.704222,1.4126179872585416
2020-12,validation,24,Ridge,all,11,2021-11,1.801408,1.391545214881589
2020-12,validation,24,Ridge,all,12,2021-12,1.81951,1.3933672469546847
2020-12,validation,24,Ridge,all,13,2022-01,1.822394,1.4179524195257838
2020-12,validation,24,Ridge,all,14,2022-02,1.464984,1.45993834047098
2020-12,validation,24,Ridge,all,15,2022-03,1.736445,1.5092905506128171
2020-12,validation,24,Ridge,all,16,2022-04,1.641441,1.55307454827838
2020-12,validation,24,Ridge,all,17,2022-05,1.658904,1.5788811872750264
2020-12,validation,24,Ridge,all,18,2022-06,1.489451,1.579104650209839
2020-12,validation,24,Ridge,all,19,2022-07,1.541013,1.553977011572068
2020-12,validation,24,Ridge,all,20,2022-08,1.483968,1.511476751826231
2020-12,validation,24,Ridge,all,21,2022-09,1.490297,1.464174606253577
2020-12,validation,24,Ridge,all,22,2022-10,1.327315,1.4249615921297212
2020-12,validation,24,Ridge,all,23,2022-11,1.473019,1.4037046836465403
2020-12,validation,24,Ridge,all,24,2022-12,1.342897,1.405542636827944
2020-12,validation,24,GradientBoosting,all,1,2021-01,1.54903,1.4024069827229906
2020-12,validation,24,GradientBoosting,all,2,2021-02,1.415693,1.2529102770921374
2020-12,validation,24,GradientBoosting,all,3,2021-03,1.728671,1.541938734048615
2020-12,validation,24,GradientBoosting,all,4,2021-04,1.770181,1.6568115132020036
2020-12,validation,24,GradientBoosting,all,5,2021-05,1.8031,1.6366214054390804
2020-12,validation,24,GradientBoosting,all,6,2021-06,1.869965,1.5391329993691012
2020-12,validation,24,GradientBoosting,all,7,2021-07,1.928594,1.5792658946470028
2020-12,validation,24,GradientBoosting,all,8,2021-08,1.945708,1.5569351965135128
2020-12,validation,24,GradientBoosting,all,9,2021-09,1.795957,1.3926482579210702
2020-12,validation,24,GradientBoosting,all,10,2021-10,1.704222,1.3516095062244395
2020-12,validation,24,GradientBoosting,all,11,2021-11,1.801408,1.415589380946443
2020-12,validation,24,GradientBoosting,all,12,2021-12,1.81951,1.4006616065832416
2020-12,validation,24,GradientBoosting,all,13,2022-01,1.822394,1.4006616065832416
2020-12,validation,24,GradientBoosting,all,14,2022-02,1.464984,1.2513509581998163
2020-12,validation,24,GradientBoosting,all,15,2022-03,1.736445,1.5400197026201363
2020-12,validation,24,GradientBoosting,all,16,2022-04,1.641441,1.6558491164620266
2020-12,validation,24,GradientBoosting,all,17,2022-05,1.658904,1.6356707365834984
2020-12,validation,24,GradientBoosting,all,18,2022-06,1.489451,1.5382389588767578
2020-12,validation,24,GradientBoosting,all,19,2022-07,1.541013,1.5783485420474743
2020-12,validation,24,GradientBoosting,all,20,2022-08,1.483968,1.5617252412287428
2020-12,validation,24,GradientBoosting,all,21,2022-09,1.490297,1.398673589491272
2020-12,validation,24,GradientBoosting,all,22,2022-10,1.327315,1.358552849019852
2020-12,validation,24,GradientBoosting,all,23,2022-11,1.473019,1.4236854619100323
2020-12,validation,24,GradientBoosting,all,24,2022-12,1.342897,1.4086723121749347
2021-03,validation,24,HW_Damped_Add,revenue_only,1,2021-04,1.770181,1.7350910247211755
2021-03,validation,24,HW_Damped_Add,revenue_only,2,2021-05,1.8031,1.6996148227074392
2021-03,validation,24,HW_Damped_Add,revenue_only,3,2021-06,1.869965,1.611479493268658
2021-03,validation,24,HW_Damped_Add,revenue_only,4,2021-07,1.928594,1.694454519008895
2021-03,validation,24,HW_Damped_Add,revenue_only,5,2021-08,1.945708,1.7200336127414195
2021-03,validation,24,HW_Damped_Add,revenue_only,6,2021-09,1.795957,1.655109907330531
2021-03,validation,24,HW_Damped_Add,revenue_only,7,2021-10,1.704222,1.617291710492778
2021-03,validation,24,HW_Damped_Add,revenue_only,8,2021-11,1.801408,1.6704147580392033
2021-03,validation,24,HW_Damped_Add,revenue_only,9,2021-12,1.81951,1.6691881656049594
2021-03,validation,24,HW_Damped_Add,revenue_only,10,2022-01,1.822394,1.7145498825994447
2021-03,validation,24,HW_Damped_Add,revenue_only,11,2022-02,1.464984,1.5201453577356765
2021-03,validation,24,HW_Damped_Add,revenue_only,12,2022-03,1.736445,1.7819324590593382
2021-03,validation,24,HW_Damped_Add,revenue_only,13,2022-04,1.641441,1.7880861772402383
2021-03,validation,24,HW_Damped_Add,revenue_only,14,2022-05,1.658904,1.7523449994639066
2021-03,validation,24,HW_Damped_Add,revenue_only,15,2022-06,1.489451,1.663946019141343
2021-03,validation,24,HW_Damped_Add,revenue_only,16,2022-07,1.541013,1.746658712252217
2021-03,validation,24,HW_Damped_Add,revenue_only,17,2022-08,1.483968,1.7719767850185246
2021-03,validation,24,HW_Damped_Add,revenue_only,18,2022-09,1.490297,1.7067933637462505
2021-03,validation,24,HW_Damped_Add,revenue_only,19,2022-10,1.327315,1.668716749626419
2021-03,validation,24,HW_Damped_Add,revenue_only,20,2022-11,1.473019,1.721582671977176
2021-03,validation,24,HW_Damped_Add,revenue_only,21,2022-12,1.342897,1.7201002399732424
2021-03,validation,24,HW_Damped_Add,revenue_only,22,2023-01,1.083168,1.7652073965958863
2021-03,validation,24,HW_Damped_Add,revenue_only,23,2023-02,1.255319,1.5705495841621355
2021-03,validation,24,HW_Damped_Add,revenue_only,24,2023-03,1.314268,1.832084664353665
2021-03,validation,24,Ridge,revenue_only,1,2021-04,1.770181,1.6301910344231032
2021-03,validation,24,Ridge,revenue_only,2,2021-05,1.8031,1.6538485400714864
2021-03,validation,24,Ridge,revenue_only,3,2021-06,1.869965,1.6488393963913428
2021-03,validation,24,Ridge,revenue_only,4,2021-07,1.928594,1.6173434708960457
2021-03,validation,24,Ridge,revenue_only,5,2021-08,1.945708,1.569548422722252
2021-03,validation,24,Ridge,revenue_only,6,2021-09,1.795957,1.5196702330758525
2021-03,validation,24,Ridge,revenue_only,7,2021-10,1.704222,1.4813141187533627
2021-03,validation,24,Ridge,revenue_only,8,2021-11,1.801408,1.4642184128934614
2021-03,validation,24,Ridge,revenue_only,9,2021-12,1.81951,1.4727844090343325
2021-03,validation,24,Ridge,revenue_only,10,2022-01,1.822394,1.5056748965759077
2021-03,validation,24,Ridge,revenue_only,11,2022-02,1.464984,1.5558749410433614
2021-03,validation,24,Ridge,revenue_only,12,2022-03,1.736445,1.6114468424945207
2021-03,validation,24,Ridge,revenue_only,13,2022-04,1.641441,1.657807552777768
2021-03,validation,24,Ridge,revenue_only,14,2022-05,1.658904,1.681865832277294
2021-03,validation,24,Ridge,revenue_only,15,2022-06,1.489451,1.6767718303777988
2021-03,validation,24,Ridge,revenue_only,16,2022-07,1.541013,1.6447423429954766
2021-03,validation,24,Ridge,revenue_only,17,2022-08,1.483968,1.5961376149760196
2021-03,validation,24,Ridge,revenue_only,18,2022-09,1.490297,1.5454144556844795
2021-03,validation,24,Ridge,revenue_only,19,2022-10,1.327315,1.506408563321973
2021-03,validation,24,Ridge,revenue_only,20,2022-11,1.473019,1.4890232448555143
2021-03,validation,24,Ridge,revenue_only,21,2022-12,1.342897,1.4977343546577015
2021-03,validation,24,Ridge,revenue_only,22,2023-01,1.083168,1.5311820288931708
2021-03,validation,24,Ridge,revenue_only,23,2023-02,1.255319,1.5822324954401026
2021-03,validation,24,Ridge,revenue_only,24,2023-03,1.314268,1.6387458217942474
2021-03,validation,24,GradientBoosting,revenue_only,1,2021-04,1.770181,1.7026630093422137
2021-03,validation,24,GradientBoosting,revenue_only,2,2021-05,1.8031,1.6887862569807672
2021-03,validation,24,GradientBoosting,revenue_only,3,2021-06,1.869965,1.569897234704155
2021-03,validation,24,GradientBoosting,revenue_only,4,2021-07,1.928594,1.5543749106892129
2021-03,validation,24,GradientBoosting,revenue_only,5,2021-08,1.945708,1.5206576669038867
2021-03,validation,24,GradientBoosting,revenue_only,6,2021-09,1.795957,1.3874310765551032
2021-03,validation,24,GradientBoosting,revenue_only,7,2021-10,1.704222,1.33626635618372
2021-03,validation,24,GradientBoosting,revenue_only,8,2021-11,1.801408,1.43877395327573
2021-03,validation,24,GradientBoosting,revenue_only,9,2021-12,1.81951,1.4531905962631138
2021-03,validation,24,GradientBoosting,revenue_only,10,2022-01,1.822394,1.491250339663925
2021-03,validation,24,GradientBoosting,revenue_only,11,2022-02,1.464984,1.3628118857029077
2021-03,validation,24,GradientBoosting,revenue_only,12,2022-03,1.736445,1.654159428471503
2021-03,validation,24,GradientBoosting,revenue_only,13,2022-04,1.641441,1.7040911030865162
2021-03,validation,24,GradientBoosting,revenue_only,14,2022-05,1.658904,1.6902027117200935
2021-03,validation,24,GradientBoosting,revenue_only,15,2022-06,1.489451,1.572338043623391
2021-03,validation,24,GradientBoosting,revenue_only,16,2022-07,1.541013,1.559228463212366
2021-03,validation,24,GradientBoosting,revenue_only,17,2022-08,1.483968,1.531097923639915
2021-03,validation,24,GradientBoosting,revenue_only,18,2022-09,1.490297,1.3995364347460584
2021-03,validation,24,GradientBoosting,revenue_only,19,2022-10,1.327315,1.349747188413253
2021-03,validation,24,GradientBoosting,revenue_only,20,2022-11,1.473019,1.455856698234331
2021-03,validation,24,GradientBoosting,revenue_only,21,2022-12,1.342897,1.4704445118456697
2021-03,validation,24,GradientBoosting,revenue_only,22,2023-01,1.083168,1.4944034593103943
2021-03,validation,24,GradientBoosting,revenue_only,23,2023-02,1.255319,1.3627193188323317
2021-03,validation,24,GradientBoosting,revenue_only,24,2023-03,1.314268,1.654047072273753
2021-03,validation,24,Ridge,quarterly_expanded,1,2021-04,1.770181,1.6819986078684568
2021-03,validation,24,Ridge,quarterly_expanded,2,2021-05,1.8031,1.7063522258833392
2021-03,validation,24,Ridge,quarterly_expanded,3,2021-06,1.869965,1.701409547828277
2021-03,validation,24,Ridge,quarterly_expanded,4,2021-07,1.928594,1.6692936109649836
2021-03,validation,24,Ridge,quarterly_expanded,5,2021-08,1.945708,1.620342594783275
2021-03,validation,24,Ridge,quarterly_expanded,6,2021-09,1.795957,1.5690749283741154
2021-03,validation,24,Ridge,quarterly_expanded,7,2021-10,1.704222,1.5294442052362112
2021-03,validation,24,Ridge,quarterly_expanded,8,2021-11,1.801408,1.511480773846558
2021-03,validation,24,Ridge,quarterly_expanded,9,2021-12,1.81951,1.519758164610591
2021-03,validation,24,Ridge,quarterly_expanded,10,2022-01,1.822394,1.5529685471882793
2021-03,validation,24,Ridge,quarterly_expanded,11,2022-02,1.464984,1.6039860343386327
2021-03,validation,24,Ridge,quarterly_expanded,12,2022-03,1.736445,1.6606411237556609
2021-03,validation,24,Ridge,quarterly_expanded,13,2022-04,1.641441,1.708039356325144
2021-03,validation,24,Ridge,quarterly_expanded,14,2022-05,1.658904,1.732770017720306
2021-03,validation,24,Ridge,quarterly_expanded,15,2022-06,1.489451,1.7277508169883924
2021-03,validation,24,Ridge,quarterly_expanded,16,2022-07,1.541013,1.695137660312077
2021-03,validation,24,Ridge,quarterly_expanded,17,2022-08,1.483968,1.645428783158829
2021-03,validation,24,Ridge,quarterly_expanded,18,2022-09,1.490297,1.5933673893359386
2021-03,validation,24,Ridge,quarterly_expanded,19,2022-10,1.327315,1.5531231022583478
2021-03,validation,24,Ridge,quarterly_expanded,20,2022-11,1.473019,1.5348815605325454
2021-03,validation,24,Ridge,quarterly_expanded,21,2022-12,1.342897,1.5432871020868084
2021-03,validation,24,Ridge,quarterly_expanded,22,2023-01,1.083168,1.5770116487160066
2021-03,validation,24,Ridge,quarterly_expanded,23,2023-02,1.255319,1.6288189899979628
2021-03,validation,24,Ridge,quarterly_expanded,24,2023-03,1.314268,1.6863512150590978
2021-03,validation,24,GradientBoosting,quarterly_expanded,1,2021-04,1.770181,1.7026369367912892
2021-03,validation,24,GradientBoosting,quarterly_expanded,2,2021-05,1.8031,1.6917436701943456
2021-03,validation,24,GradientBoosting,quarterly_expanded,3,2021-06,1.869965,1.597110432279972
2021-03,validation,24,GradientBoosting,quarterly_expanded,4,2021-07,1.928594,1.581411008551752
2021-03,validation,24,GradientBoosting,quarterly_expanded,5,2021-08,1.945708,1.5387598579816553
2021-03,validation,24,GradientBoosting,quarterly_expanded,6,2021-09,1.795957,1.3815356081050638
2021-03,validation,24,GradientBoosting,quarterly_expanded,7,2021-10,1.704222,1.3635104835858831
2021-03,validation,24,GradientBoosting,quarterly_expanded,8,2021-11,1.801408,1.475035776267159
2021-03,validation,24,GradientBoosting,quarterly_expanded,9,2021-12,1.81951,1.4867385067882328
2021-03,validation,24,GradientBoosting,quarterly_expanded,10,2022-01,1.822394,1.500736616861842
2021-03,validation,24,GradientBoosting,quarterly_expanded,11,2022-02,1.464984,1.3660452516107386
2021-03,validation,24,GradientBoosting,quarterly_expanded,12,2022-03,1.736445,1.656295403160761
2021-03,validation,24,GradientBoosting,quarterly_expanded,13,2022-04,1.641441,1.691194755371261
2021-03,validation,24,GradientBoosting,quarterly_expanded,14,2022-05,1.658904,1.6803746944765816
2021-03,validation,24,GradientBoosting,quarterly_expanded,15,2022-06,1.489451,1.5863774175549383
2021-03,validation,24,GradientBoosting,quarterly_expanded,16,2022-07,1.541013,1.571850469574805
2021-03,validation,24,GradientBoosting,quarterly_expanded,17,2022-08,1.483968,1.5316619035288142
2021-03,validation,24,GradientBoosting,quarterly_expanded,18,2022-09,1.490297,1.377270026822904
2021-03,validation,24,GradientBoosting,quarterly_expanded,19,2022-10,1.327315,1.3621189311336162
2021-03,validation,24,GradientBoosting,quarterly_expanded,20,2022-11,1.473019,1.4735304048920537
2021-03,validation,24,GradientBoosting,quarterly_expanded,21,2022-12,1.342897,1.4852211920041467
2021-03,validation,24,GradientBoosting,quarterly_expanded,22,2023-01,1.083168,1.4828358814219982
2021-03,validation,24,GradientBoosting,quarterly_expanded,23,2023-02,1.255319,1.3518684943955763
2021-03,validation,24,GradientBoosting,quarterly_expanded,24,2023-03,1.314268,1.647611563805151
2021-03,validation,24,Ridge,peer_fx,1,2021-04,1.770181,1.6471096555081115
2021-03,validation,24,Ridge,peer_fx,2,2021-05,1.8031,1.670812344333079
2021-03,validation,24,Ridge,peer_fx,3,2021-06,1.869965,1.6657657490207989
2021-03,validation,24,Ridge,peer_fx,4,2021-07,1.928594,1.6341242018315545
2021-03,validation,24,Ridge,peer_fx,5,2021-08,1.945708,1.5860780817906592
2021-03,validation,24,Ridge,peer_fx,6,2021-09,1.795957,1.5358788536626145
2021-03,validation,24,Ridge,peer_fx,7,2021-10,1.704222,1.4971890263077046
2021-03,validation,24,Ridge,peer_fx,8,2021-11,1.801408,1.4798044334106812
2021-03,validation,24,Ridge,peer_fx,9,2021-12,1.81951,1.4881644387344437
2021-03,validation,24,Ridge,peer_fx,10,2022-01,1.822394,1.520941952727087
2021-03,validation,24,Ridge,peer_fx,11,2022-02,1.464984,1.5711078148916204
2021-03,validation,24,Ridge,peer_fx,12,2022-03,1.736445,1.6266961639317543
2021-03,validation,24,Ridge,peer_fx,13,2022-04,1.641441,1.6730912165160812
2021-03,validation,24,Ridge,peer_fx,14,2022-05,1.658904,1.6971677923216144
2021-03,validation,24,Ridge,peer_fx,15,2022-06,1.489451,1.6920415918515663
2021-03,validation,24,Ridge,peer_fx,16,2022-07,1.541013,1.6599009298730083
2021-03,validation,24,Ridge,peer_fx,17,2022-08,1.483968,1.611096928779772
2021-03,validation,24,Ridge,peer_fx,18,2022-09,1.490297,1.560105856402742
2021-03,validation,24,Ridge,peer_fx,19,2022-10,1.327315,1.5208057344590975
2021-03,validation,24,Ridge,peer_fx,20,2022-11,1.473019,1.503146916431135
2021-03,validation,24,Ridge,peer_fx,21,2022-12,1.342897,1.5116387927494122
2021-03,validation,24,Ridge,peer_fx,22,2023-01,1.083168,1.5449333403084862
2021-03,validation,24,Ridge,peer_fx,23,2023-02,1.255319,1.5958905204062162
2021-03,validation,24,Ridge,peer_fx,24,2023-03,1.314268,1.652355721862999
2021-03,validation,24,GradientBoosting,peer_fx,1,2021-04,1.770181,1.6956082660002867
2021-03,validation,24,GradientBoosting,peer_fx,2,2021-05,1.8031,1.682445779530458
2021-03,validation,24,GradientBoosting,peer_fx,3,2021-06,1.869965,1.5638654107168726
2021-03,validation,24,GradientBoosting,peer_fx,4,2021-07,1.928594,1.5479429394806263
2021-03,validation,24,GradientBoosting,peer_fx,5,2021-08,1.945708,1.513184413905741
2021-03,validation,24,GradientBoosting,peer_fx,6,2021-09,1.795957,1.3916559653729534
2021-03,validation,24,GradientBoosting,peer_fx,7,2021-10,1.704222,1.3373006406649444
2021-03,validation,24,GradientBoosting,peer_fx,8,2021-11,1.801408,1.4394811462713002
2021-03,validation,24,GradientBoosting,peer_fx,9,2021-12,1.81951,1.445345278243318
2021-03,validation,24,GradientBoosting,peer_fx,10,2022-01,1.822394,1.492557910776108
2021-03,validation,24,GradientBoosting,peer_fx,11,2022-02,1.464984,1.3626611924097565
2021-03,validation,24,GradientBoosting,peer_fx,12,2022-03,1.736445,1.6606021187582116
2021-03,validation,24,GradientBoosting,peer_fx,13,2022-04,1.641441,1.6997227732260345
2021-03,validation,24,GradientBoosting,peer_fx,14,2022-05,1.658904,1.686528347099638
2021-03,validation,24,GradientBoosting,peer_fx,15,2022-06,1.489451,1.5687694827841796
2021-03,validation,24,GradientBoosting,peer_fx,16,2022-07,1.541013,1.5552165872794916
2021-03,validation,24,GradientBoosting,peer_fx,17,2022-08,1.483968,1.5259007013096846
2021-03,validation,24,GradientBoosting,peer_fx,18,2022-09,1.490297,1.405156126989711
2021-03,validation,24,GradientBoosting,peer_fx,19,2022-10,1.327315,1.3528783306169438
2021-03,validation,24,GradientBoosting,peer_fx,20,2022-11,1.473019,1.4571219069367651
2021-03,validation,24,GradientBoosting,peer_fx,21,2022-12,1.342897,1.4630579035170117
2021-03,validation,24,GradientBoosting,peer_fx,22,2023-01,1.083168,1.522180077689688
2021-03,validation,24,GradientBoosting,peer_fx,23,2023-02,1.255319,1.3933764619894964
2021-03,validation,24,GradientBoosting,peer_fx,24,2023-03,1.314268,1.6952360590767095
2021-03,validation,24,Ridge,all,1,2021-04,1.770181,1.6891152792218918
2021-03,validation,24,Ridge,all,2,2021-05,1.8031,1.7135829225037724
2021-03,validation,24,Ridge,all,3,2021-06,1.869965,1.7086350366411884
2021-03,validation,24,Ridge,all,4,2021-07,1.928594,1.676397919387404
2021-03,validation,24,Ridge,all,5,2021-08,1.945708,1.6272483896280878
2021-03,validation,24,Ridge,all,6,2021-09,1.795957,1.575763649865128
2021-03,validation,24,Ridge,all,7,2021-10,1.704222,1.5359564061760511
2021-03,validation,24,Ridge,all,8,2021-11,1.801408,1.5179014235961366
2021-03,validation,24,Ridge,all,9,2021-12,1.81951,1.5261945542713338
2021-03,validation,24,Ridge,all,10,2022-01,1.822394,1.559525956886758
2021-03,validation,24,Ridge,all,11,2022-02,1.464984,1.6107434866550363
2021-03,validation,24,Ridge,all,12,2022-03,1.736445,1.6676298874985482
2021-03,validation,24,Ridge,all,13,2022-04,1.641441,1.7152300304863313
2021-03,validation,24,Ridge,all,14,2022-05,1.658904,1.740075958439598
2021-03,validation,24,Ridge,all,15,2022-06,1.489451,1.735051575247213
2021-03,validation,24,Ridge,all,16,2022-07,1.541013,1.702316052521096
2021-03,validation,24,Ridge,all,17,2022-08,1.483968,1.6524066410886828
2021-03,validation,24,Ridge,all,18,2022-09,1.490297,1.6001259158833063
2021-03,validation,24,Ridge,all,19,2022-10,1.327315,1.559703227955313
2021-03,validation,24,Ridge,all,20,2022-11,1.473019,1.5413691043452045
2021-03,validation,24,Ridge,all,21,2022-12,1.342897,1.5497904518730052
2021-03,validation,24,Ridge,all,22,2023-01,1.083168,1.5836371782791163
2021-03,validation,24,Ridge,all,23,2023-02,1.255319,1.6356465622605034
2021-03,validation,24,Ridge,all,24,2023-03,1.314268,1.6934124615175528
2021-03,validation,24,GradientBoosting,all,1,2021-04,1.770181,1.700756030539468
2021-03,validation,24,GradientBoosting,all,2,2021-05,1.8031,1.6927234923800312
2021-03,validation,24,GradientBoosting,all,3,2021-06,1.869965,1.5989403731494658
2021-03,validation,24,GradientBoosting,all,4,2021-07,1.928594,1.5823269283912444
2021-03,validation,24,GradientBoosting,all,5,2021-08,1.945708,1.5396510751759953
2021-03,validation,24,GradientBoosting,all,6,2021-09,1.795957,1.3785514553402385
2021-03,validation,24,GradientBoosting,all,7,2021-10,1.704222,1.3641279972524247
2021-03,validation,24,GradientBoosting,all,8,2021-11,1.801408,1.47562703846911
2021-03,validation,24,GradientBoosting,all,9,2021-12,1.81951,1.4873344599829907
2021-03,validation,24,GradientBoosting,all,10,2022-01,1.822394,1.5013381811431366
2021-03,validation,24,GradientBoosting,all,11,2022-02,1.464984,1.3666639132361085
2021-03,validation,24,GradientBoosting,all,12,2022-03,1.736445,1.6557794071479166
2021-03,validation,24,GradientBoosting,all,13,2022-04,1.641441,1.689326489318946
2021-03,validation,24,GradientBoosting,all,14,2022-05,1.658904,1.6813479319917684
2021-03,validation,24,GradientBoosting,all,15,2022-06,1.489451,1.5881950607261006
2021-03,validation,24,GradientBoosting,all,16,2022-07,1.541013,1.5727608521521448
2021-03,validation,24,GradientBoosting,all,17,2022-08,1.483968,1.5325490097379213
2021-03,validation,24,GradientBoosting,all,18,2022-09,1.490297,1.3742950878243412
2021-03,validation,24,GradientBoosting,all,19,2022-10,1.327315,1.3627358145866997
2021-03,validation,24,GradientBoosting,all,20,2022-11,1.473019,1.4741210636718989
2021-03,validation,24,GradientBoosting,all,21,2022-12,1.342897,1.4858165369893312
2021-03,validation,24,GradientBoosting,all,22,2023-01,1.083168,1.51918809245939
2021-03,validation,24,GradientBoosting,all,23,2023-02,1.255319,1.3850820425848236
2021-03,validation,24,GradientBoosting,all,24,2023-03,1.314268,1.686801283346921
2021-06,validation,24,HW_Damped_Add,revenue_only,1,2021-07,1.928594,1.9518561862862307
2021-06,validation,24,HW_Damped_Add,revenue_only,2,2021-08,1.945708,1.976356679774448
2021-06,validation,24,HW_Damped_Add,revenue_only,3,2021-09,1.795957,1.9103607813367849
2021-06,validation,24,HW_Damped_Add,revenue_only,4,2021-10,1.704222,1.87147325693665
2021-06,validation,24,HW_Damped_Add,revenue_only,5,2021-11,1.801408,1.9235307332099043
2021-06,validation,24,HW_Damped_Add,revenue_only,6,2021-12,1.81951,1.9212366263106817
2021-06,validation,24,HW_Damped_Add,revenue_only,7,2022-01,1.822394,1.9655297877153703
2021-06,validation,24,HW_Damped_Add,revenue_only,8,2022-02,1.464984,1.770069171686439
2021-06,validation,24,HW_Damped_Add,revenue_only,9,2022-03,1.736445,2.03080598886092
2021-06,validation,24,HW_Damped_Add,revenue_only,10,2022-04,1.641441,2.039811983902028
2021-06,validation,24,HW_Damped_Add,revenue_only,11,2022-05,1.658904,2.010626776506276
2021-06,validation,24,HW_Damped_Add,revenue_only,12,2022-06,1.489451,1.938407072347585
2021-06,validation,24,HW_Damped_Add,revenue_only,13,2022-07,1.541013,2.019956050329139
2021-06,validation,24,HW_Damped_Add,revenue_only,14,2022-08,1.483968,2.044116044497142
2021-06,validation,24,HW_Damped_Add,revenue_only,15,2022-09,1.490297,1.9777813492358651
2021-06,validation,24,HW_Damped_Add,revenue_only,16,2022-10,1.327315,1.938556721996235
2021-06,validation,24,HW_Damped_Add,revenue_only,17,2022-11,1.473019,1.990278780944192
2021-06,validation,24,HW_Damped_Add,revenue_only,18,2022-12,1.342897,1.987650933806297
2021-06,validation,24,HW_Damped_Add,revenue_only,19,2023-01,1.083168,2.031612023673508
2021-06,validation,24,HW_Damped_Add,revenue_only,20,2023-02,1.255319,1.8358209964647856
2021-06,validation,24,HW_Damped_Add,revenue_only,21,2023-03,1.314268,2.0962290545153746
2021-06,validation,24,HW_Damped_Add,revenue_only,22,2023-04,1.202371,2.1049079342282107
2021-06,validation,24,HW_Damped_Add,revenue_only,23,2023-05,1.347897,2.075397247080828
2021-06,validation,24,HW_Damped_Add,revenue_only,24,2023-06,1.206388,2.0028536905692644
2021-06,validation,24,Ridge,revenue_only,1,2021-07,1.928594,1.6978121733997995
2021-06,validation,24,Ridge,revenue_only,2,2021-08,1.945708,1.6395272303558364
2021-06,validation,24,Ridge,revenue_only,3,2021-09,1.795957,1.5781827738179397
2021-06,validation,24,Ridge,revenue_only,4,2021-10,1.704222,1.530752271982344
2021-06,validation,24,Ridge,revenue_only,5,2021-11,1.801408,1.5092949599275476
2021-06,validation,24,Ridge,revenue_only,6,2021-12,1.81951,1.5193902872090104
2021-06,validation,24,Ridge,revenue_only,7,2022-01,1.822394,1.559827207496755
2021-06,validation,24,Ridge,revenue_only,8,2022-02,1.464984,1.622559764206043
2021-06,validation,24,Ridge,revenue_only,9,2022-03,1.736445,1.6932272126492287
2021-06,validation,24,Ridge,revenue_only,10,2022-04,1.641441,1.753560795931347
2021-06,validation,24,Ridge,revenue_only,11,2022-05,1.658904,1.786507403340394
2021-06,validation,24,Ridge,revenue_only,12,2022-06,1.489451,1.7826365145338925
2021-06,validation,24,Ridge,revenue_only,13,2022-07,1.541013,1.7442504935204948
2021-06,validation,24,Ridge,revenue_only,14,2022-08,1.483968,1.6843713489001153
2021-06,validation,24,Ridge,revenue_only,15,2022-09,1.490297,1.6213490074024046
2021-06,validation,24,Ridge,revenue_only,16,2022-10,1.327315,1.572621193141892
2021-06,validation,24,Ridge,revenue_only,17,2022-11,1.473019,1.550576983701306
2021-06,validation,24,Ridge,revenue_only,18,2022-12,1.342897,1.5609484369567517
2021-06,validation,24,Ridge,revenue_only,19,2023-01,1.083168,1.602491382209117
2021-06,validation,24,Ridge,revenue_only,20,2023-02,1.255319,1.666939790999158
2021-06,validation,24,Ridge,revenue_only,21,2023-03,1.314268,1.7395401255674006
2021-06,validation,24,Ridge,revenue_only,22,2023-04,1.202371,1.8015239445460112
2021-06,validation,24,Ridge,revenue_only,23,2023-05,1.347897,1.835371702933784
2021-06,validation,24,Ridge,revenue_only,24,2023-06,1.206388,1.831394938120287
2021-06,validation,24,GradientBoosting,revenue_only,1,2021-07,1.928594,1.6397642951318585
2021-06,validation,24,GradientBoosting,revenue_only,2,2021-08,1.945708,1.585305244862601
2021-06,validation,24,GradientBoosting,revenue_only,3,2021-09,1.795957,1.414080663670902
2021-06,validation,24,GradientBoosting,revenue_only,4,2021-10,1.704222,1.34873361886859
2021-06,validation,24,GradientBoosting,revenue_only,5,2021-11,1.801408,1.460198609001998
2021-06,validation,24,GradientBoosting,revenue_only,6,2021-12,1.81951,1.510018119855627
2021-06,validation,24,GradientBoosting,revenue_only,7,2022-01,1.822394,1.50777538312298
2021-06,validation,24,GradientBoosting,revenue_only,8,2022-02,1.464984,1.3851038756533731
2021-06,validation,24,GradientBoosting,revenue_only,9,2022-03,1.736445,1.6885930381789531
2021-06,validation,24,GradientBoosting,revenue_only,10,2022-04,1.641441,1.7769072159971604
2021-06,validation,24,GradientBoosting,revenue_only,11,2022-05,1.658904,1.7769072159971604
2021-06,validation,24,GradientBoosting,revenue_only,12,2022-06,1.489451,1.759070658029325
2021-06,validation,24,GradientBoosting,revenue_only,13,2022-07,1.541013,1.6457575075624198
2021-06,validation,24,GradientBoosting,revenue_only,14,2022-08,1.483968,1.5923021321285156
2021-06,validation,24,GradientBoosting,revenue_only,15,2022-09,1.490297,1.4175331146276076
2021-06,validation,24,GradientBoosting,revenue_only,16,2022-10,1.327315,1.3569869502023446
2021-06,validation,24,GradientBoosting,revenue_only,17,2022-11,1.473019,1.4747139002637302
2021-06,validation,24,GradientBoosting,revenue_only,18,2022-12,1.342897,1.527809613424162
2021-06,validation,24,GradientBoosting,revenue_only,19,2023-01,1.083168,1.5264313707299575
2021-06,validation,24,GradientBoosting,revenue_only,20,2023-02,1.255319,1.402242025690711
2021-06,validation,24,GradientBoosting,revenue_only,21,2023-03,1.314268,1.709486316545288
2021-06,validation,24,GradientBoosting,revenue_only,22,2023-04,1.202371,1.8040973454706684
2021-06,validation,24,GradientBoosting,revenue_only,23,2023-05,1.347897,1.8040973454706684
2021-06,validation,24,GradientBoosting,revenue_only,24,2023-06,1.206388,1.7847000594575313
2021-06,validation,24,Ridge,quarterly_expanded,1,2021-07,1.928594,1.814670004975556
2021-06,validation,24,Ridge,quarterly_expanded,2,2021-08,1.945708,1.7536705146171396
2021-06,validation,24,Ridge,quarterly_expanded,3,2021-09,1.795957,1.6890598592655823
2021-06,validation,24,Ridge,quarterly_expanded,4,2021-10,1.704222,1.6388114218995804
2021-06,validation,24,Ridge,quarterly_expanded,5,2021-11,1.801408,1.615794385598803
2021-06,validation,24,Ridge,quarterly_expanded,6,2021-12,1.81951,1.6260511178432873
2021-06,validation,24,Ridge,quarterly_expanded,7,2022-01,1.822394,1.66843297073527
2021-06,validation,24,Ridge,quarterly_expanded,8,2022-02,1.464984,1.7345523814718555
2021-06,validation,24,Ridge,quarterly_expanded,9,2022-03,1.736445,1.80933662294299
2021-06,validation,24,Ridge,quarterly_expanded,10,2022-04,1.641441,1.873546290920624
2021-06,validation,24,Ridge,quarterly_expanded,11,2022-05,1.658904,1.9091335538909604
2021-06,validation,24,Ridge,quarterly_expanded,12,2022-06,1.489451,1.905975028514008
2021-06,validation,24,Ridge,quarterly_expanded,13,2022-07,1.541013,1.8662577848920656
2021-06,validation,24,Ridge,quarterly_expanded,14,2022-08,1.483968,1.80352418955864
2021-06,validation,24,Ridge,quarterly_expanded,15,2022-09,1.490297,1.7370767703550325
2021-06,validation,24,Ridge,quarterly_expanded,16,2022-10,1.327315,1.685399860968841
2021-06,validation,24,Ridge,quarterly_expanded,17,2022-11,1.473019,1.6617284920347146
2021-06,validation,24,Ridge,quarterly_expanded,18,2022-12,1.342897,1.6722768045909029
2021-06,validation,24,Ridge,quarterly_expanded,19,2023-01,1.083168,1.71586349676135
2021-06,validation,24,Ridge,quarterly_expanded,20,2023-02,1.255319,1.7838625625315978
2021-06,validation,24,Ridge,quarterly_expanded,21,2023-03,1.314268,1.860772784472822
2021-06,validation,24,Ridge,quarterly_expanded,22,2023-04,1.202371,1.9268078169580856
2021-06,validation,24,Ridge,quarterly_expanded,23,2023-05,1.347897,1.963406761327746
2021-06,validation,24,Ridge,quarterly_expanded,24,2023-06,1.206388,1.9601584447978235
2021-06,validation,24,GradientBoosting,quarterly_expanded,1,2021-07,1.928594,1.6426639223268154
2021-06,validation,24,GradientBoosting,quarterly_expanded,2,2021-08,1.945708,1.5850887114411694
2021-06,validation,24,GradientBoosting,quarterly_expanded,3,2021-09,1.795957,1.417391715224553
2021-06,validation,24,GradientBoosting,quarterly_expanded,4,2021-10,1.704222,1.34817434780419
2021-06,validation,24,GradientBoosting,quarterly_expanded,5,2021-11,1.801408,1.4628041627405208
2021-06,validation,24,GradientBoosting,quarterly_expanded,6,2021-12,1.81951,1.509094465900341
2021-06,validation,24,GradientBoosting,quarterly_expanded,7,2022-01,1.822394,1.509094465900341
2021-06,validation,24,GradientBoosting,quarterly_expanded,8,2022-02,1.464984,1.3832703971945717
2021-06,validation,24,GradientBoosting,quarterly_expanded,9,2022-03,1.736445,1.6841889907069485
2021-06,validation,24,GradientBoosting,quarterly_expanded,10,2022-04,1.641441,1.7724384471940733
2021-06,validation,24,GradientBoosting,quarterly_expanded,11,2022-05,1.658904,1.7724384471940733
2021-06,validation,24,GradientBoosting,quarterly_expanded,12,2022-06,1.489451,1.7509619745050085
2021-06,validation,24,GradientBoosting,quarterly_expanded,13,2022-07,1.541013,1.6445691115796133
2021-06,validation,24,GradientBoosting,quarterly_expanded,14,2022-08,1.483968,1.5890340380490935
2021-06,validation,24,GradientBoosting,quarterly_expanded,15,2022-09,1.490297,1.4184726849953222
2021-06,validation,24,GradientBoosting,quarterly_expanded,16,2022-10,1.327315,1.3527903799686996
2021-06,validation,24,GradientBoosting,quarterly_expanded,17,2022-11,1.473019,1.473321033511782
2021-06,validation,24,GradientBoosting,quarterly_expanded,18,2022-12,1.342897,1.520912726250459
2021-06,validation,24,GradientBoosting,quarterly_expanded,19,2023-01,1.083168,1.5236213391236215
2021-06,validation,24,GradientBoosting,quarterly_expanded,20,2023-02,1.255319,1.4002825489150128
2021-06,validation,24,GradientBoosting,quarterly_expanded,21,2023-03,1.314268,1.7049019899108004
2021-06,validation,24,GradientBoosting,quarterly_expanded,22,2023-04,1.202371,1.800308883659284
2021-06,validation,24,GradientBoosting,quarterly_expanded,23,2023-05,1.347897,1.800308883659284
2021-06,validation,24,GradientBoosting,quarterly_expanded,24,2023-06,1.206388,1.7784947074699793
2021-06,validation,24,Ridge,peer_fx,1,2021-07,1.928594,1.7950806798482557
2021-06,validation,24,Ridge,peer_fx,2,2021-08,1.945708,1.7346771634357172
2021-06,validation,24,Ridge,peer_fx,3,2021-09,1.795957,1.6707367987668855
2021-06,validation,24,Ridge,peer_fx,4,2021-10,1.704222,1.6210543228508898
2021-06,validation,24,Ridge,peer_fx,5,2021-11,1.801408,1.5983623406460072
2021-06,validation,24,Ridge,peer_fx,6,2021-12,1.81951,1.6086314958199155
2021-06,validation,24,Ridge,peer_fx,7,2022-01,1.822394,1.650712148551756
2021-06,validation,24,Ridge,peer_fx,8,2022-02,1.464984,1.7162858953342062
2021-06,validation,24,Ridge,peer_fx,9,2022-03,1.736445,1.7904130333069253
2021-06,validation,24,Ridge,peer_fx,10,2022-04,1.641441,1.8540296474018163
2021-06,validation,24,Ridge,peer_fx,11,2022-05,1.658904,1.8892610850057976
2021-06,validation,24,Ridge,peer_fx,12,2022-06,1.489451,1.8860952628188576
2021-06,validation,24,Ridge,peer_fx,13,2022-07,1.541013,1.8467232575487451
2021-06,validation,24,Ridge,peer_fx,14,2022-08,1.483968,1.7845819956829048
2021-06,validation,24,Ridge,peer_fx,15,2022-09,1.490297,1.7188021341671196
2021-06,validation,24,Ridge,peer_fx,16,2022-10,1.327315,1.6676903458243078
2021-06,validation,24,Ridge,peer_fx,17,2022-11,1.473019,1.6443455392269903
2021-06,validation,24,Ridge,peer_fx,18,2022-12,1.342897,1.654910127163303
2021-06,validation,24,Ridge,peer_fx,19,2023-01,1.083168,1.6982013958873872
2021-06,validation,24,Ridge,peer_fx,20,2023-02,1.255319,1.7656616301973007
2021-06,validation,24,Ridge,peer_fx,21,2023-03,1.314268,1.8419213277398745
2021-06,validation,24,Ridge,peer_fx,22,2023-04,1.202371,1.9073681247192005
2021-06,validation,24,Ridge,peer_fx,23,2023-05,1.347897,1.9436131336207776
2021-06,validation,24,Ridge,peer_fx,24,2023-06,1.206388,1.9403562340688425
2021-06,validation,24,GradientBoosting,peer_fx,1,2021-07,1.928594,1.641896921651394
2021-06,validation,24,GradientBoosting,peer_fx,2,2021-08,1.945708,1.5746354616109597
2021-06,validation,24,GradientBoosting,peer_fx,3,2021-09,1.795957,1.4081648760886407
2021-06,validation,24,GradientBoosting,peer_fx,4,2021-10,1.704222,1.3393401126252031
2021-06,validation,24,GradientBoosting,peer_fx,5,2021-11,1.801408,1.4617805233759211
2021-06,validation,24,GradientBoosting,peer_fx,6,2021-12,1.81951,1.5116419918588313
2021-06,validation,24,GradientBoosting,peer_fx,7,2022-01,1.822394,1.5091697353441094
2021-06,validation,24,GradientBoosting,peer_fx,8,2022-02,1.464984,1.3878526384278036
2021-06,validation,24,GradientBoosting,peer_fx,9,2022-03,1.736445,1.6893368041160992
2021-06,validation,24,GradientBoosting,peer_fx,10,2022-04,1.641441,1.777784361492608
2021-06,validation,24,GradientBoosting,peer_fx,11,2022-05,1.658904,1.777784361492608
2021-06,validation,24,GradientBoosting,peer_fx,12,2022-06,1.489451,1.7555363386326952
2021-06,validation,24,GradientBoosting,peer_fx,13,2022-07,1.541013,1.6480148397918837
2021-06,validation,24,GradientBoosting,peer_fx,14,2022-08,1.483968,1.582637048503246
2021-06,validation,24,GradientBoosting,peer_fx,15,2022-09,1.490297,1.4125821339187346
2021-06,validation,24,GradientBoosting,peer_fx,16,2022-10,1.327315,1.3484617404014223
2021-06,validation,24,GradientBoosting,peer_fx,17,2022-11,1.473019,1.4773169468090832
2021-06,validation,24,GradientBoosting,peer_fx,18,2022-12,1.342897,1.5295330960725997
2021-06,validation,24,GradientBoosting,peer_fx,19,2023-01,1.083168,1.5288416071578472
2021-06,validation,24,GradientBoosting,peer_fx,20,2023-02,1.255319,1.4059431543983514
2021-06,validation,24,GradientBoosting,peer_fx,21,2023-03,1.314268,1.7113571350851826
2021-06,validation,24,GradientBoosting,peer_fx,22,2023-04,1.202371,1.8061159071608957
2021-06,validation,24,GradientBoosting,peer_fx,23,2023-05,1.347897,1.8061159071608957
2021-06,validation,24,GradientBoosting,peer_fx,24,2023-06,1.206388,1.7809739949995402
2021-06,validation,24,Ridge,all,1,2021-07,1.928594,1.820316051357236
2021-06,validation,24,Ridge,all,2,2021-08,1.945708,1.759217099048644
2021-06,validation,24,Ridge,all,3,2021-09,1.795957,1.6944784452880466
2021-06,validation,24,Ridge,all,4,2021-10,1.704222,1.6441162660335773
2021-06,validation,24,Ridge,all,5,2021-11,1.801408,1.6210362279015953
2021-06,validation,24,Ridge,all,6,2021-12,1.81951,1.6313027261751791
2021-06,validation,24,Ridge,all,7,2022-01,1.822394,1.673771421609843
2021-06,validation,24,Ridge,all,8,2022-02,1.464984,1.7400411336631416
2021-06,validation,24,Ridge,all,9,2022-03,1.736445,1.8150095279404777
2021-06,validation,24,Ridge,all,10,2022-04,1.641441,1.8793966023789457
2021-06,validation,24,Ridge,all,11,2022-05,1.658904,1.915112311012323
2021-06,validation,24,Ridge,all,12,2022-06,1.489451,1.912002309084739
2021-06,validation,24,Ridge,all,13,2022-07,1.541013,1.8722456557064289
2021-06,validation,24,Ridge,all,14,2022-08,1.483968,1.809403684971356
2021-06,validation,24,Ridge,all,15,2022-09,1.490297,1.742818180124992
2021-06,validation,24,Ridge,all,16,2022-10,1.327315,1.6910192789117735
2021-06,validation,24,Ridge,all,17,2022-11,1.473019,1.6672808181681449
2021-06,validation,24,Ridge,all,18,2022-12,1.342897,1.677840197006618
2021-06,validation,24,Ridge,all,19,2023-01,1.083168,1.721520430706576
2021-06,validation,24,Ridge,all,20,2023-02,1.255319,1.7896806715637583
2021-06,validation,24,Ridge,all,21,2023-03,1.314268,1.8667877488739744
2021-06,validation,24,Ridge,all,22,2023-04,1.202371,1.9330116446151488
2021-06,validation,24,Ridge,all,23,2023-05,1.347897,1.9697462436862605
2021-06,validation,24,Ridge,all,24,2023-06,1.206388,1.966547520259185
2021-06,validation,24,GradientBoosting,all,1,2021-07,1.928594,1.6426639223268154
2021-06,validation,24,GradientBoosting,all,2,2021-08,1.945708,1.5850887114411694
2021-06,validation,24,GradientBoosting,all,3,2021-09,1.795957,1.417391715224553
2021-06,validation,24,GradientBoosting,all,4,2021-10,1.704222,1.34817434780419
2021-06,validation,24,GradientBoosting,all,5,2021-11,1.801408,1.4628041627405208
2021-06,validation,24,GradientBoosting,all,6,2021-12,1.81951,1.509094465900341
2021-06,validation,24,GradientBoosting,all,7,2022-01,1.822394,1.509094465900341
2021-06,validation,24,GradientBoosting,all,8,2022-02,1.464984,1.3832703971945717
2021-06,validation,24,GradientBoosting,all,9,2022-03,1.736445,1.6841889907069485
2021-06,validation,24,GradientBoosting,all,10,2022-04,1.641441,1.7724384471940733
2021-06,validation,24,GradientBoosting,all,11,2022-05,1.658904,1.7724384471940733
2021-06,validation,24,GradientBoosting,all,12,2022-06,1.489451,1.7509619745050085
2021-06,validation,24,GradientBoosting,all,13,2022-07,1.541013,1.6445691115796133
2021-06,validation,24,GradientBoosting,all,14,2022-08,1.483968,1.5890340380490935
2021-06,validation,24,GradientBoosting,all,15,2022-09,1.490297,1.4184726849953222
2021-06,validation,24,GradientBoosting,all,16,2022-10,1.327315,1.3527903799686996
2021-06,validation,24,GradientBoosting,all,17,2022-11,1.473019,1.473321033511782
2021-06,validation,24,GradientBoosting,all,18,2022-12,1.342897,1.520912726250459
2021-06,validation,24,GradientBoosting,all,19,2023-01,1.083168,1.5236213391236215
2021-06,validation,24,GradientBoosting,all,20,2023-02,1.255319,1.4002825489150128
2021-06,validation,24,GradientBoosting,all,21,2023-03,1.314268,1.7049019899108004
2021-06,validation,24,GradientBoosting,all,22,2023-04,1.202371,1.800308883659284
2021-06,validation,24,GradientBoosting,all,23,2023-05,1.347897,1.800308883659284
2021-06,validation,24,GradientBoosting,all,24,2023-06,1.206388,1.7784947074699793
2021-09,validation,24,HW_Damped_Add,revenue_only,1,2021-10,1.704222,1.7575420252154017
2021-09,validation,24,HW_Damped_Add,revenue_only,2,2021-11,1.801408,1.8100692900094244
2021-09,validation,24,HW_Damped_Add,revenue_only,3,2021-12,1.81951,1.8082480808299657
2021-09,validation,24,HW_Damped_Add,revenue_only,4,2022-01,1.822394,1.8530155398942867
2021-09,validation,24,HW_Damped_Add,revenue_only,5,2022-02,1.464984,1.658022755328904
2021-09,validation,24,HW_Damped_Add,revenue_only,6,2022-03,1.736445,1.919226681879153
2021-09,validation,24,HW_Damped_Add,revenue_only,7,2022-04,1.641441,1.928696240941858
2021-09,validation,24,HW_Damped_Add,revenue_only,8,2022-05,1.658904,1.899978885368428
2021-09,validation,24,HW_Damped_Add,revenue_only,9,2022-06,1.489451,1.828227198703233
2021-09,validation,24,HW_Damped_Add,revenue_only,10,2022-07,1.541013,1.9076623022556372
2021-09,validation,24,HW_Damped_Add,revenue_only,11,2022-08,1.483968,1.9314709029771335
2021-09,validation,24,HW_Damped_Add,revenue_only,12,2022-09,1.490297,1.856292405140609
2021-09,validation,24,HW_Damped_Add,revenue_only,13,2022-10,1.327315,1.8175757522201517
2021-09,validation,24,HW_Damped_Add,revenue_only,14,2022-11,1.473019,1.8698028483791505
2021-09,validation,24,HW_Damped_Add,revenue_only,15,2022-12,1.342897,1.867682971407843
2021-09,validation,24,HW_Damped_Add,revenue_only,16,2023-01,1.083168,1.9121532560192749
2021-09,validation,24,HW_Damped_Add,revenue_only,17,2023-02,1.255319,1.716864782873267
2021-09,validation,24,HW_Damped_Add,revenue_only,18,2023-03,1.314268,1.9777744992857944
2021-09,validation,24,HW_Damped_Add,revenue_only,19,2023-04,1.202371,1.9869513192614656
2021-09,validation,24,HW_Damped_Add,revenue_only,20,2023-05,1.347897,1.9579426882964377
2021-09,validation,24,HW_Damped_Add,revenue_only,21,2023-06,1.206388,1.885901182616603
2021-09,validation,24,HW_Damped_Add,revenue_only,22,2023-07,1.296055,1.9650479162494403
2021-09,validation,24,HW_Damped_Add,revenue_only,23,2023-08,1.382764,1.988569588900968
2021-09,validation,24,HW_Damped_Add,revenue_only,24,2023-09,1.499206,1.913105597634824
2021-09,validation,24,Ridge,revenue_only,1,2021-10,1.704222,1.6284867784013957
2021-09,validation,24,Ridge,revenue_only,2,2021-11,1.801408,1.5940328545009768
2021-09,validation,24,Ridge,revenue_only,3,2021-12,1.81951,1.5917501993052987
2021-09,validation,24,Ridge,revenue_only,4,2022-01,1.822394,1.623586142974386
2021-09,validation,24,Ridge,revenue_only,5,2022-02,1.464984,1.6841682165639889
2021-09,validation,24,Ridge,revenue_only,6,2022-03,1.736445,1.7608955879167574
2021-09,validation,24,Ridge,revenue_only,7,2022-04,1.641441,1.835383564450376
2021-09,validation,24,Ridge,revenue_only,8,2022-05,1.658904,1.887710101803521
2021-09,validation,24,Ridge,revenue_only,9,2022-06,1.489451,1.9031768587098088
2021-09,validation,24,Ridge,revenue_only,10,2022-07,1.541013,1.8784525025898335
2021-09,validation,24,Ridge,revenue_only,11,2022-08,1.483968,1.8231045717227
2021-09,validation,24,Ridge,revenue_only,12,2022-09,1.490297,1.755435735142894
2021-09,validation,24,Ridge,revenue_only,13,2022-10,1.327315,1.6955601263365565
2021-09,validation,24,Ridge,revenue_only,14,2022-11,1.473019,1.6596871304140897
2021-09,validation,24,Ridge,revenue_only,15,2022-12,1.342897,1.6573104582892069
2021-09,validation,24,Ridge,revenue_only,16,2023-01,1.083168,1.690457645841193
2021-09,validation,24,Ridge,revenue_only,17,2023-02,1.255319,1.7535349454003295
2021-09,validation,24,Ridge,revenue_only,18,2023-03,1.314268,1.8334225276575715
2021-09,validation,24,Ridge,revenue_only,19,2023-04,1.202371,1.910978479954512
2021-09,validation,24,Ridge,revenue_only,20,2023-05,1.347897,1.9654602181313163
2021-09,validation,24,Ridge,revenue_only,21,2023-06,1.206388,1.981564012550689
2021-09,validation,24,Ridge,revenue_only,22,2023-07,1.296055,1.9558213212728837
2021-09,validation,24,Ridge,revenue_only,23,2023-08,1.382764,1.898193745846285
2021-09,validation,24,Ridge,revenue_only,24,2023-09,1.499206,1.82773779703414
2021-09,validation,24,GradientBoosting,revenue_only,1,2021-10,1.704222,1.4356754439066413
2021-09,validation,24,GradientBoosting,revenue_only,2,2021-11,1.801408,1.5238733637518322
2021-09,validation,24,GradientBoosting,revenue_only,3,2021-12,1.81951,1.4959998528251286
2021-09,validation,24,GradientBoosting,revenue_only,4,2022-01,1.822394,1.477269033663699
2021-09,validation,24,GradientBoosting,revenue_only,5,2022-02,1.464984,1.3708293511271423
2021-09,validation,24,GradientBoosting,revenue_only,6,2022-03,1.736445,1.7752147872198367
2021-09,validation,24,GradientBoosting,revenue_only,7,2022-04,1.641441,1.8309942960884824
2021-09,validation,24,GradientBoosting,revenue_only,8,2022-05,1.658904,1.8309942960884824
2021-09,validation,24,GradientBoosting,revenue_only,9,2022-06,1.489451,1.8350218726349012
2021-09,validation,24,GradientBoosting,revenue_only,10,2022-07,1.541013,1.8778094285660525
2021-09,validation,24,GradientBoosting,revenue_only,11,2022-08,1.483968,1.864082020584079
2021-09,validation,24,GradientBoosting,revenue_only,12,2022-09,1.490297,1.7553279672141913
2021-09,validation,24,GradientBoosting,revenue_only,13,2022-10,1.327315,1.4667233975589242
2021-09,validation,24,GradientBoosting,revenue_only,14,2022-11,1.473019,1.5568286878611388
2021-09,validation,24,GradientBoosting,revenue_only,15,2022-12,1.342897,1.529511686696622
2021-09,validation,24,GradientBoosting,revenue_only,16,2023-01,1.083168,1.514374885345508
2021-09,validation,24,GradientBoosting,revenue_only,17,2023-02,1.255319,1.4061590375552182
2021-09,validation,24,GradientBoosting,revenue_only,18,2023-03,1.314268,1.819319672303049
2021-09,validation,24,GradientBoosting,revenue_only,19,2023-04,1.202371,1.881627262974746
2021-09,validation,24,GradientBoosting,revenue_only,20,2023-05,1.347897,1.8923980869186128
2021-09,validation,24,GradientBoosting,revenue_only,21,2023-06,1.206388,1.8909281398442808
2021-09,validation,24,GradientBoosting,revenue_only,22,2023-07,1.296055,1.9313463415667256
2021-09,validation,24,GradientBoosting,revenue_only,23,2023-08,1.382764,1.9091378280705016
2021-09,validation,24,GradientBoosting,revenue_only,24,2023-09,1.499206,1.7856558750120557
2021-09,validation,24,Ridge,quarterly_expanded,1,2021-10,1.704222,1.6728704988646812
2021-09,validation,24,Ridge,quarterly_expanded,2,2021-11,1.801408,1.639582460254248
2021-09,validation,24,Ridge,quarterly_expanded,3,2021-12,1.81951,1.6388926671071022
2021-09,validation,24,Ridge,quarterly_expanded,4,2022-01,1.822394,1.6726376639957
2021-09,validation,24,Ridge,quarterly_expanded,5,2022-02,1.464984,1.7352196803058204
2021-09,validation,24,Ridge,quarterly_expanded,6,2022-03,1.736445,1.8137300241816128
2021-09,validation,24,Ridge,quarterly_expanded,7,2022-04,1.641441,1.88949499487456
2021-09,validation,24,Ridge,quarterly_expanded,8,2022-05,1.658904,1.942452120984888
2021-09,validation,24,Ridge,quarterly_expanded,9,2022-06,1.489451,1.957981538865429
2021-09,validation,24,Ridge,quarterly_expanded,10,2022-07,1.541013,1.9330039927987812
2021-09,validation,24,Ridge,quarterly_expanded,11,2022-08,1.483968,1.877395085044618
2021-09,validation,24,Ridge,quarterly_expanded,12,2022-09,1.490297,1.8097267971636173
2021-09,validation,24,Ridge,quarterly_expanded,13,2022-10,1.327315,1.7503118451362916
2021-09,validation,24,Ridge,quarterly_expanded,14,2022-11,1.473019,1.715482820223283
2021-09,validation,24,Ridge,quarterly_expanded,15,2022-12,1.342897,1.7147610948315308
2021-09,validation,24,Ridge,quarterly_expanded,16,2023-01,1.083168,1.7500682317607104
2021-09,validation,24,Ridge,quarterly_expanded,17,2023-02,1.255319,1.815547325638244
2021-09,validation,24,Ridge,quarterly_expanded,18,2023-03,1.314268,1.8976921090777168
2021-09,validation,24,Ridge,quarterly_expanded,19,2023-04,1.202371,1.9769644291648176
2021-09,validation,24,Ridge,quarterly_expanded,20,2023-05,1.347897,2.0323730726779825
2021-09,validation,24,Ridge,quarterly_expanded,21,2023-06,1.206388,2.0486213860308875
2021-09,validation,24,Ridge,quarterly_expanded,22,2023-07,1.296055,2.022487567081625
2021-09,validation,24,Ridge,quarterly_expanded,23,2023-08,1.382764,1.9643043843407852
2021-09,validation,24,Ridge,quarterly_expanded,24,2023-09,1.499206,1.8935035627000256
2021-09,validation,24,GradientBoosting,quarterly_expanded,1,2021-10,1.704222,1.4365683726192249
2021-09,validation,24,GradientBoosting,quarterly_expanded,2,2021-11,1.801408,1.5248905329609044
2021-09,validation,24,GradientBoosting,quarterly_expanded,3,2021-12,1.81951,1.4971486978091837
2021-09,validation,24,GradientBoosting,quarterly_expanded,4,2022-01,1.822394,1.47834320196493
2021-09,validation,24,GradientBoosting,quarterly_expanded,5,2022-02,1.464984,1.3717998686632848
2021-09,validation,24,GradientBoosting,quarterly_expanded,6,2022-03,1.736445,1.7752436908682798
2021-09,validation,24,GradientBoosting,quarterly_expanded,7,2022-04,1.641441,1.8302083138680896
2021-09,validation,24,GradientBoosting,quarterly_expanded,8,2022-05,1.658904,1.8302083138680896
2021-09,validation,24,GradientBoosting,quarterly_expanded,9,2022-06,1.489451,1.835763869787453
2021-09,validation,24,GradientBoosting,quarterly_expanded,10,2022-07,1.541013,1.882238351881532
2021-09,validation,24,GradientBoosting,quarterly_expanded,11,2022-08,1.483968,1.866385423546814
2021-09,validation,24,GradientBoosting,quarterly_expanded,12,2022-09,1.490297,1.75815492553244
2021-09,validation,24,GradientBoosting,quarterly_expanded,13,2022-10,1.327315,1.467672560172013
2021-09,validation,24,GradientBoosting,quarterly_expanded,14,2022-11,1.473019,1.5579070478993542
2021-09,validation,24,GradientBoosting,quarterly_expanded,15,2022-12,1.342897,1.530702835433457
2021-09,validation,24,GradientBoosting,quarterly_expanded,16,2023-01,1.083168,1.516671999808757
2021-09,validation,24,GradientBoosting,quarterly_expanded,17,2023-02,1.255319,1.4112208475194103
2021-09,validation,24,GradientBoosting,quarterly_expanded,18,2023-03,1.314268,1.8270513826545167
2021-09,validation,24,GradientBoosting,quarterly_expanded,19,2023-04,1.202371,1.8888619898517345
2021-09,validation,24,GradientBoosting,quarterly_expanded,20,2023-05,1.347897,1.8996742268698088
2021-09,validation,24,GradientBoosting,quarterly_expanded,21,2023-06,1.206388,1.8962288918532972
2021-09,validation,24,GradientBoosting,quarterly_expanded,22,2023-07,1.296055,1.936565987600579
2021-09,validation,24,GradientBoosting,quarterly_expanded,23,2023-08,1.382764,1.9141449256028955
2021-09,validation,24,GradientBoosting,quarterly_expanded,24,2023-09,1.499206,1.791089025083657
2021-09,validation,24,Ridge,peer_fx,1,2021-10,1.704222,1.6996135442721902
2021-09,validation,24,Ridge,peer_fx,2,2021-11,1.801408,1.665810469623048
2021-09,validation,24,Ridge,peer_fx,3,2021-12,1.81951,1.6651645466111795
2021-09,validation,24,Ridge,peer_fx,4,2022-01,1.822394,1.6995434194563994
2021-09,validation,24,Ridge,peer_fx,5,2022-02,1.464984,1.7632548204250706
2021-09,validation,24,Ridge,peer_fx,6,2022-03,1.736445,1.843169454008373
2021-09,validation,24,Ridge,peer_fx,7,2022-04,1.641441,1.920290757182304
2021-09,validation,24,Ridge,peer_fx,8,2022-05,1.658904,1.9742063638288228
2021-09,validation,24,Ridge,peer_fx,9,2022-06,1.489451,1.9900406104714636
2021-09,validation,24,Ridge,peer_fx,10,2022-07,1.541013,1.964661751872245
2021-09,validation,24,Ridge,peer_fx,11,2022-08,1.483968,1.9081211034592775
2021-09,validation,24,Ridge,peer_fx,12,2022-09,1.490297,1.839317530250828
2021-09,validation,24,Ridge,peer_fx,13,2022-10,1.327315,1.7789180545357923
2021-09,validation,24,Ridge,peer_fx,14,2022-11,1.473019,1.74353771763813
2021-09,validation,24,Ridge,peer_fx,15,2022-12,1.342897,1.7428616556524366
2021-09,validation,24,Ridge,peer_fx,16,2023-01,1.083168,1.7788446576737225
2021-09,validation,24,Ridge,peer_fx,17,2023-02,1.255319,1.8455288529396952
2021-09,validation,24,Ridge,peer_fx,18,2023-03,1.314268,1.929172328823988
2021-09,validation,24,Ridge,peer_fx,19,2023-04,1.202371,2.0098921366107536
2021-09,validation,24,Ridge,peer_fx,20,2023-05,1.347897,2.066323462666003
2021-09,validation,24,Ridge,peer_fx,21,2023-06,1.206388,2.0828965403091497
2021-09,validation,24,Ridge,peer_fx,22,2023-07,1.296055,2.0563334960701765
2021-09,validation,24,Ridge,peer_fx,23,2023-08,1.382764,1.997154642962096
2021-09,validation,24,Ridge,peer_fx,24,2023-09,1.499206,1.9251406730749008
2021-09,validation,24,GradientBoosting,peer_fx,1,2021-10,1.704222,1.4356754439066413
2021-09,validation,24,GradientBoosting,peer_fx,2,2021-11,1.801408,1.5238733637518322
2021-09,validation,24,GradientBoosting,peer_fx,3,2021-12,1.81951,1.4959998528251286
2021-09,validation,24,GradientBoosting,peer_fx,4,2022-01,1.822394,1.477269033663699
2021-09,validation,24,GradientBoosting,peer_fx,5,2022-02,1.464984,1.3708293511271423
2021-09,validation,24,GradientBoosting,peer_fx,6,2022-03,1.736445,1.7752147872198367
2021-09,validation,24,GradientBoosting,peer_fx,7,2022-04,1.641441,1.8309942960884824
2021-09,validation,24,GradientBoosting,peer_fx,8,2022-05,1.658904,1.8309942960884824
2021-09,validation,24,GradientBoosting,peer_fx,9,2022-06,1.489451,1.8350218726349012
2021-09,validation,24,GradientBoosting,peer_fx,10,2022-07,1.541013,1.8778094285660525
2021-09,validation,24,GradientBoosting,peer_fx,11,2022-08,1.483968,1.864082020584079
2021-09,validation,24,GradientBoosting,peer_fx,12,2022-09,1.490297,1.7553279672141913
2021-09,validation,24,GradientBoosting,peer_fx,13,2022-10,1.327315,1.4667233975589242
2021-09,validation,24,GradientBoosting,peer_fx,14,2022-11,1.473019,1.5568286878611388
2021-09,validation,24,GradientBoosting,peer_fx,15,2022-12,1.342897,1.529511686696622
2021-09,validation,24,GradientBoosting,peer_fx,16,2023-01,1.083168,1.514374885345508
2021-09,validation,24,GradientBoosting,peer_fx,17,2023-02,1.255319,1.4061590375552182
2021-09,validation,24,GradientBoosting,peer_fx,18,2023-03,1.314268,1.819319672303049
2021-09,validation,24,GradientBoosting,peer_fx,19,2023-04,1.202371,1.881627262974746
2021-09,validation,24,GradientBoosting,peer_fx,20,2023-05,1.347897,1.8923980869186128
2021-09,validation,24,GradientBoosting,peer_fx,21,2023-06,1.206388,1.8909281398442808
2021-09,validation,24,GradientBoosting,peer_fx,22,2023-07,1.296055,1.9313463415667256
2021-09,validation,24,GradientBoosting,peer_fx,23,2023-08,1.382764,1.9091378280705016
2021-09,validation,24,GradientBoosting,peer_fx,24,2023-09,1.499206,1.7856558750120557
2021-09,validation,24,Ridge,all,1,2021-10,1.704222,1.6908857328653528
2021-09,validation,24,Ridge,all,2,2021-11,1.801408,1.6572946933699206
2021-09,validation,24,Ridge,all,3,2021-12,1.81951,1.656626046035036
2021-09,validation,24,Ridge,all,4,2022-01,1.822394,1.690739225281641
2021-09,validation,24,Ridge,all,5,2022-02,1.464984,1.7539831540401056
2021-09,validation,24,Ridge,all,6,2022-03,1.736445,1.833321203790968
2021-09,validation,24,Ridge,all,7,2022-04,1.641441,1.9098932145116971
2021-09,validation,24,Ridge,all,8,2022-05,1.658904,1.96343517144675
2021-09,validation,24,Ridge,all,9,2022-06,1.489451,1.9791776659638831
2021-09,validation,24,Ridge,all,10,2022-07,1.541013,1.9540046770354715
2021-09,validation,24,Ridge,all,11,2022-08,1.483968,1.8978844611504773
2021-09,validation,24,Ridge,all,12,2022-09,1.490297,1.8295723454458224
2021-09,validation,24,Ridge,all,13,2022-10,1.327315,1.7695874248959624
2021-09,validation,24,Ridge,all,14,2022-11,1.473019,1.7344329020769835
2021-09,validation,24,Ridge,all,15,2022-12,1.342897,1.733733132782995
2021-09,validation,24,Ridge,all,16,2023-01,1.083168,1.7694340981674024
2021-09,validation,24,Ridge,all,17,2023-02,1.255319,1.8356216937315004
2021-09,validation,24,Ridge,all,18,2023-03,1.314268,1.9186525055871209
2021-09,validation,24,Ridge,all,19,2023-04,1.202371,1.998788534081952
2021-09,validation,24,Ridge,all,20,2023-05,1.347897,2.054822582897322
2021-09,validation,24,Ridge,all,21,2023-06,1.206388,2.071297806380819
2021-09,validation,24,Ridge,all,22,2023-07,1.296055,2.044953149383048
2021-09,validation,24,Ridge,all,23,2023-08,1.382764,1.986220837446012
2021-09,validation,24,Ridge,all,24,2023-09,1.499206,1.914729157925985
2021-09,validation,24,GradientBoosting,all,1,2021-10,1.704222,1.4365683726192249
2021-09,validation,24,GradientBoosting,all,2,2021-11,1.801408,1.5248905329609044
2021-09,validation,24,GradientBoosting,all,3,2021-12,1.81951,1.4971486978091837
2021-09,validation,24,GradientBoosting,all,4,2022-01,1.822394,1.47834320196493
2021-09,validation,24,GradientBoosting,all,5,2022-02,1.464984,1.3717998686632848
2021-09,validation,24,GradientBoosting,all,6,2022-03,1.736445,1.7752436908682798
2021-09,validation,24,GradientBoosting,all,7,2022-04,1.641441,1.8302083138680896
2021-09,validation,24,GradientBoosting,all,8,2022-05,1.658904,1.8302083138680896
2021-09,validation,24,GradientBoosting,all,9,2022-06,1.489451,1.835763869787453
2021-09,validation,24,GradientBoosting,all,10,2022-07,1.541013,1.882238351881532
2021-09,validation,24,GradientBoosting,all,11,2022-08,1.483968,1.866385423546814
2021-09,validation,24,GradientBoosting,all,12,2022-09,1.490297,1.75815492553244
2021-09,validation,24,GradientBoosting,all,13,2022-10,1.327315,1.467672560172013
2021-09,validation,24,GradientBoosting,all,14,2022-11,1.473019,1.5579070478993542
2021-09,validation,24,GradientBoosting,all,15,2022-12,1.342897,1.530702835433457
2021-09,validation,24,GradientBoosting,all,16,2023-01,1.083168,1.516671999808757
2021-09,validation,24,GradientBoosting,all,17,2023-02,1.255319,1.4112208475194103
2021-09,validation,24,GradientBoosting,all,18,2023-03,1.314268,1.8270513826545167
2021-09,validation,24,GradientBoosting,all,19,2023-04,1.202371,1.8888619898517345
2021-09,validation,24,GradientBoosting,all,20,2023-05,1.347897,1.8996742268698088
2021-09,validation,24,GradientBoosting,all,21,2023-06,1.206388,1.8962288918532972
2021-09,validation,24,GradientBoosting,all,22,2023-07,1.296055,1.936565987600579
2021-09,validation,24,GradientBoosting,all,23,2023-08,1.382764,1.9141449256028955
2021-09,validation,24,GradientBoosting,all,24,2023-09,1.499206,1.791089025083657
2021-12,validation,24,HW_Damped_Add,revenue_only,1,2022-01,1.822394,1.8642351009225544
2021-12,validation,24,HW_Damped_Add,revenue_only,2,2022-02,1.464984,1.6691908860567817
2021-12,validation,24,HW_Damped_Add,revenue_only,3,2022-03,1.736445,1.9303459526176845
2021-12,validation,24,HW_Damped_Add,revenue_only,4,2022-04,1.641441,1.939766811937325
2021-12,validation,24,HW_Damped_Add,revenue_only,5,2022-05,1.658904,1.911007073825644
2021-12,validation,24,HW_Damped_Add,revenue_only,6,2022-06,1.489451,1.8392011492587748
2021-12,validation,24,HW_Damped_Add,revenue_only,7,2022-07,1.541013,1.918594303876604
2021-12,validation,24,HW_Damped_Add,revenue_only,8,2022-08,1.483968,1.942351475908324
2021-12,validation,24,HW_Damped_Add,revenue_only,9,2022-09,1.490297,1.8671292213409296
2021-12,validation,24,HW_Damped_Add,revenue_only,10,2022-10,1.327315,1.822447248200604
2021-12,validation,24,HW_Damped_Add,revenue_only,11,2022-11,1.473019,1.879595929265229
2021-12,validation,24,HW_Damped_Add,revenue_only,12,2022-12,1.342897,1.87964287371195
2021-12,validation,24,HW_Damped_Add,revenue_only,13,2023-01,1.083168,1.9240673105291608
2021-12,validation,24,HW_Damped_Add,revenue_only,14,2023-02,1.255319,1.728723934615355
2021-12,validation,24,HW_Damped_Add,revenue_only,15,2023-03,1.314268,1.9895813359334644
2021-12,validation,24,HW_Damped_Add,revenue_only,16,2023-04,1.202371,1.9987060183365264
2021-12,validation,24,HW_Damped_Add,revenue_only,17,2023-05,1.347897,1.9696515841928492
2021-12,validation,24,HW_Damped_Add,revenue_only,18,2023-06,1.206388,1.897552437074144
2021-12,validation,24,HW_Damped_Add,revenue_only,19,2023-07,1.296055,1.976653835252896
2021-12,validation,24,HW_Damped_Add,revenue_only,20,2023-08,1.382764,2.0001207096277347
2021-12,validation,24,HW_Damped_Add,revenue_only,21,2023-09,1.499206,1.924609608891744
2021-12,validation,24,HW_Damped_Add,revenue_only,22,2023-10,1.40599,1.879640233813664
2021-12,validation,24,HW_Damped_Add,revenue_only,23,2023-11,1.574501,1.936502949950223
2021-12,validation,24,HW_Damped_Add,revenue_only,24,2023-12,1.434115,1.9362653592935195
2021-12,validation,24,Ridge,revenue_only,1,2022-01,1.822394,1.674690024042128
2021-12,validation,24,Ridge,revenue_only,2,2022-02,1.464984,1.7285324149529444
2021-12,validation,24,Ridge,revenue_only,3,2022-03,1.736445,1.7963959580242106
2021-12,validation,24,Ridge,revenue_only,4,2022-04,1.641441,1.8625741997074696
2021-12,validation,24,Ridge,revenue_only,5,2022-05,1.658904,1.9102448414711584
2021-12,validation,24,Ridge,revenue_only,6,2022-06,1.489451,1.9269676224631451
2021-12,validation,24,Ridge,revenue_only,7,2022-07,1.541013,1.9095995014855445
2021-12,validation,24,Ridge,revenue_only,8,2022-08,1.483968,1.865662680641729
2021-12,validation,24,Ridge,revenue_only,9,2022-09,1.490297,1.8102664805406097
2021-12,validation,24,Ridge,revenue_only,10,2022-10,1.327315,1.760617129744226
2021-12,validation,24,Ridge,revenue_only,11,2022-11,1.473019,1.731104944604303
2021-12,validation,24,Ridge,revenue_only,12,2022-12,1.342897,1.7305013462911245
2021-12,validation,24,Ridge,revenue_only,13,2023-01,1.083168,1.760913378735571
2021-12,validation,24,Ridge,revenue_only,14,2023-02,1.255319,1.8175279074763129
2021-12,validation,24,Ridge,revenue_only,15,2023-03,1.314268,1.888885483628916
2021-12,validation,24,Ridge,revenue_only,16,2023-04,1.202371,1.9584709887004592
2021-12,validation,24,Ridge,revenue_only,17,2023-05,1.347897,2.008596008644137
2021-12,validation,24,Ridge,revenue_only,18,2023-06,1.206388,2.02617978137563
2021-12,validation,24,Ridge,revenue_only,19,2023-07,1.296055,2.0079174425822472
2021-12,validation,24,Ridge,revenue_only,20,2023-08,1.382764,1.9617184836511845
2021-12,validation,24,Ridge,revenue_only,21,2023-09,1.499206,1.903470146055116
2021-12,validation,24,Ridge,revenue_only,22,2023-10,1.40599,1.851264540953424
2021-12,validation,24,Ridge,revenue_only,23,2023-11,1.574501,1.8202328867950155
2021-12,validation,24,Ridge,revenue_only,24,2023-12,1.434115,1.819598211523891
2021-12,validation,24,GradientBoosting,revenue_only,1,2022-01,1.822394,1.6371695771192492
2021-12,validation,24,GradientBoosting,revenue_only,2,2022-02,1.464984,1.5154624678388435
2021-12,validation,24,GradientBoosting,revenue_only,3,2022-03,1.736445,1.7006578424784542
2021-12,validation,24,GradientBoosting,revenue_only,4,2022-04,1.641441,1.7920246489303464
2021-12,validation,24,GradientBoosting,revenue_only,5,2022-05,1.658904,1.81046161267682
2021-12,validation,24,GradientBoosting,revenue_only,6,2022-06,1.489451,1.869910823169452
2021-12,validation,24,GradientBoosting,revenue_only,7,2022-07,1.541013,1.8798445650553453
2021-12,validation,24,GradientBoosting,revenue_only,8,2022-08,1.483968,1.8901826973276048
2021-12,validation,24,GradientBoosting,revenue_only,9,2022-09,1.490297,1.7763809394188212
2021-12,validation,24,GradientBoosting,revenue_only,10,2022-10,1.327315,1.7411015476089289
2021-12,validation,24,GradientBoosting,revenue_only,11,2022-11,1.473019,1.7839844640658495
2021-12,validation,24,GradientBoosting,revenue_only,12,2022-12,1.342897,1.7991140627213151
2021-12,validation,24,GradientBoosting,revenue_only,13,2023-01,1.083168,1.725782751436796
2021-12,validation,24,GradientBoosting,revenue_only,14,2023-02,1.255319,1.5993527459073515
2021-12,validation,24,GradientBoosting,revenue_only,15,2023-03,1.314268,1.7994298831311797
2021-12,validation,24,GradientBoosting,revenue_only,16,2023-04,1.202371,1.897024150529486
2021-12,validation,24,GradientBoosting,revenue_only,17,2023-05,1.347897,1.904269936816697
2021-12,validation,24,GradientBoosting,revenue_only,18,2023-06,1.206388,1.9650863194467336
2021-12,validation,24,GradientBoosting,revenue_only,19,2023-07,1.296055,1.973987452983116
2021-12,validation,24,GradientBoosting,revenue_only,20,2023-08,1.382764,1.985676366820296
2021-12,validation,24,GradientBoosting,revenue_only,21,2023-09,1.499206,1.8797613489703944
2021-12,validation,24,GradientBoosting,revenue_only,22,2023-10,1.40599,1.8341794989005624
2021-12,validation,24,GradientBoosting,revenue_only,23,2023-11,1.574501,1.865676999411713
2021-12,validation,24,GradientBoosting,revenue_only,24,2023-12,1.434115,1.865676999411713
2021-12,validation,24,Ridge,quarterly_expanded,1,2022-01,1.822394,1.7289093122724648
2021-12,validation,24,Ridge,quarterly_expanded,2,2022-02,1.464984,1.7872807418884176
2021-12,validation,24,Ridge,quarterly_expanded,3,2022-03,1.736445,1.8597980626846635
2021-12,validation,24,Ridge,quarterly_expanded,4,2022-04,1.641441,1.9298382998381491
2021-12,validation,24,Ridge,quarterly_expanded,5,2022-05,1.658904,1.9797673610327884
2021-12,validation,24,Ridge,quarterly_expanded,6,2022-06,1.489451,1.9967837600939988
2021-12,validation,24,Ridge,quarterly_expanded,7,2022-07,1.541013,1.978033158118956
2021-12,validation,24,Ridge,quarterly_expanded,8,2022-08,1.483968,1.9318687657758724
2021-12,validation,24,Ridge,quarterly_expanded,9,2022-09,1.490297,1.87442997869922
2021-12,validation,24,Ridge,quarterly_expanded,10,2022-10,1.327315,1.823806281070999
2021-12,validation,24,Ridge,quarterly_expanded,11,2022-11,1.473019,1.794940612074996
2021-12,validation,24,Ridge,quarterly_expanded,12,2022-12,1.342897,1.796792077122088
2021-12,validation,24,Ridge,quarterly_expanded,13,2023-01,1.083168,1.831301740178083
2021-12,validation,24,Ridge,quarterly_expanded,14,2023-02,1.255319,1.8931301425549976
2021-12,validation,24,Ridge,quarterly_expanded,15,2023-03,1.314268,1.969942208303353
2021-12,validation,24,Ridge,quarterly_expanded,16,2023-04,1.202371,2.044130488319657
2021-12,validation,24,Ridge,quarterly_expanded,17,2023-05,1.347897,2.0970165338757534
2021-12,validation,24,Ridge,quarterly_expanded,18,2023-06,1.206388,2.115040707261343
2021-12,validation,24,Ridge,quarterly_expanded,19,2023-07,1.296055,2.0951796250272787
2021-12,validation,24,Ridge,quarterly_expanded,20,2023-08,1.382764,2.0462812059881488
2021-12,validation,24,Ridge,quarterly_expanded,21,2023-09,1.499206,1.9854406807040696
2021-12,validation,24,Ridge,quarterly_expanded,22,2023-10,1.40599,1.9318188597660155
2021-12,validation,24,Ridge,quarterly_expanded,23,2023-11,1.574501,1.90124365869066
2021-12,validation,24,Ridge,quarterly_expanded,24,2023-12,1.434115,1.903204774371252
2021-12,validation,24,GradientBoosting,quarterly_expanded,1,2022-01,1.822394,1.6371695771192492
2021-12,validation,24,GradientBoosting,quarterly_expanded,2,2022-02,1.464984,1.5154624678388435
2021-12,validation,24,GradientBoosting,quarterly_expanded,3,2022-03,1.736445,1.7006578424784542
2021-12,validation,24,GradientBoosting,quarterly_expanded,4,2022-04,1.641441,1.7920246489303464
2021-12,validation,24,GradientBoosting,quarterly_expanded,5,2022-05,1.658904,1.81046161267682
2021-12,validation,24,GradientBoosting,quarterly_expanded,6,2022-06,1.489451,1.869910823169452
2021-12,validation,24,GradientBoosting,quarterly_expanded,7,2022-07,1.541013,1.8798445650553453
2021-12,validation,24,GradientBoosting,quarterly_expanded,8,2022-08,1.483968,1.8901826973276048
2021-12,validation,24,GradientBoosting,quarterly_expanded,9,2022-09,1.490297,1.7763809394188212
2021-12,validation,24,GradientBoosting,quarterly_expanded,10,2022-10,1.327315,1.7411015476089289
2021-12,validation,24,GradientBoosting,quarterly_expanded,11,2022-11,1.473019,1.7839844640658495
2021-12,validation,24,GradientBoosting,quarterly_expanded,12,2022-12,1.342897,1.7991140627213151
2021-12,validation,24,GradientBoosting,quarterly_expanded,13,2023-01,1.083168,1.725782751436796
2021-12,validation,24,GradientBoosting,quarterly_expanded,14,2023-02,1.255319,1.5993527459073515
2021-12,validation,24,GradientBoosting,quarterly_expanded,15,2023-03,1.314268,1.7994298831311797
2021-12,validation,24,GradientBoosting,quarterly_expanded,16,2023-04,1.202371,1.897024150529486
2021-12,validation,24,GradientBoosting,quarterly_expanded,17,2023-05,1.347897,1.904269936816697
2021-12,validation,24,GradientBoosting,quarterly_expanded,18,2023-06,1.206388,1.9650863194467336
2021-12,validation,24,GradientBoosting,quarterly_expanded,19,2023-07,1.296055,1.973987452983116
2021-12,validation,24,GradientBoosting,quarterly_expanded,20,2023-08,1.382764,1.985676366820296
2021-12,validation,24,GradientBoosting,quarterly_expanded,21,2023-09,1.499206,1.8797613489703944
2021-12,validation,24,GradientBoosting,quarterly_expanded,22,2023-10,1.40599,1.8341794989005624
2021-12,validation,24,GradientBoosting,quarterly_expanded,23,2023-11,1.574501,1.865676999411713
2021-12,validation,24,GradientBoosting,quarterly_expanded,24,2023-12,1.434115,1.865676999411713
2021-12,validation,24,Ridge,peer_fx,1,2022-01,1.822394,1.7535712276012974
2021-12,validation,24,Ridge,peer_fx,2,2022-02,1.464984,1.8130021309360904
2021-12,validation,24,Ridge,peer_fx,3,2022-03,1.736445,1.886871282007364
2021-12,validation,24,Ridge,peer_fx,4,2022-04,1.641441,1.958254868122071
2021-12,validation,24,Ridge,peer_fx,5,2022-05,1.658904,2.009181443393594
2021-12,validation,24,Ridge,peer_fx,6,2022-06,1.489451,2.026589138177664
2021-12,validation,24,Ridge,peer_fx,7,2022-07,1.541013,2.0075492561419086
2021-12,validation,24,Ridge,peer_fx,8,2022-08,1.483968,1.9605609005436384
2021-12,validation,24,Ridge,peer_fx,9,2022-09,1.490297,1.902065237063528
2021-12,validation,24,Ridge,peer_fx,10,2022-10,1.327315,1.8504932239646212
2021-12,validation,24,Ridge,peer_fx,11,2022-11,1.473019,1.8210697767994133
2021-12,validation,24,Ridge,peer_fx,12,2022-12,1.342897,1.8229261105189571
2021-12,validation,24,Ridge,peer_fx,13,2023-01,1.083168,1.858050859799987
2021-12,validation,24,Ridge,peer_fx,14,2023-02,1.255319,1.921022719341132
2021-12,validation,24,Ridge,peer_fx,15,2023-03,1.314268,1.999293072720745
2021-12,validation,24,Ridge,peer_fx,16,2023-04,1.202371,2.074929768549444
2021-12,validation,24,Ridge,peer_fx,17,2023-05,1.347897,2.128890603148309
2021-12,validation,24,Ridge,peer_fx,18,2023-06,1.206388,2.147335466836521
2021-12,validation,24,Ridge,peer_fx,19,2023-07,1.296055,2.127161168450354
2021-12,validation,24,Ridge,peer_fx,20,2023-08,1.382764,2.0773731968266524
2021-12,validation,24,Ridge,peer_fx,21,2023-09,1.499206,2.015392299721912
2021-12,validation,24,Ridge,peer_fx,22,2023-10,1.40599,1.960747571425864
2021-12,validation,24,Ridge,peer_fx,23,2023-11,1.574501,1.9295710440951908
2021-12,validation,24,Ridge,peer_fx,24,2023-12,1.434115,1.931537980145112
2021-12,validation,24,GradientBoosting,peer_fx,1,2022-01,1.822394,1.6371695771192492
2021-12,validation,24,GradientBoosting,peer_fx,2,2022-02,1.464984,1.5154624678388435
2021-12,validation,24,GradientBoosting,peer_fx,3,2022-03,1.736445,1.7006578424784542
2021-12,validation,24,GradientBoosting,peer_fx,4,2022-04,1.641441,1.7920246489303464
2021-12,validation,24,GradientBoosting,peer_fx,5,2022-05,1.658904,1.81046161267682
2021-12,validation,24,GradientBoosting,peer_fx,6,2022-06,1.489451,1.869910823169452
2021-12,validation,24,GradientBoosting,peer_fx,7,2022-07,1.541013,1.8798445650553453
2021-12,validation,24,GradientBoosting,peer_fx,8,2022-08,1.483968,1.8901826973276048
2021-12,validation,24,GradientBoosting,peer_fx,9,2022-09,1.490297,1.7763809394188212
2021-12,validation,24,GradientBoosting,peer_fx,10,2022-10,1.327315,1.7411015476089289
2021-12,validation,24,GradientBoosting,peer_fx,11,2022-11,1.473019,1.7839844640658495
2021-12,validation,24,GradientBoosting,peer_fx,12,2022-12,1.342897,1.7991140627213151
2021-12,validation,24,GradientBoosting,peer_fx,13,2023-01,1.083168,1.725782751436796
2021-12,validation,24,GradientBoosting,peer_fx,14,2023-02,1.255319,1.5993527459073515
2021-12,validation,24,GradientBoosting,peer_fx,15,2023-03,1.314268,1.7994298831311797
2021-12,validation,24,GradientBoosting,peer_fx,16,2023-04,1.202371,1.897024150529486
2021-12,validation,24,GradientBoosting,peer_fx,17,2023-05,1.347897,1.904269936816697
2021-12,validation,24,GradientBoosting,peer_fx,18,2023-06,1.206388,1.9650863194467336
2021-12,validation,24,GradientBoosting,peer_fx,19,2023-07,1.296055,1.973987452983116
2021-12,validation,24,GradientBoosting,peer_fx,20,2023-08,1.382764,1.985676366820296
2021-12,validation,24,GradientBoosting,peer_fx,21,2023-09,1.499206,1.8797613489703944
2021-12,validation,24,GradientBoosting,peer_fx,22,2023-10,1.40599,1.8341794989005624
2021-12,validation,24,GradientBoosting,peer_fx,23,2023-11,1.574501,1.865676999411713
2021-12,validation,24,GradientBoosting,peer_fx,24,2023-12,1.434115,1.865676999411713
2021-12,validation,24,Ridge,all,1,2022-01,1.822394,1.7521172905125832
2021-12,validation,24,Ridge,all,2,2022-02,1.464984,1.811421448847268
2021-12,validation,24,Ridge,all,3,2022-03,1.736445,1.88513330912574
2021-12,validation,24,Ridge,all,4,2022-04,1.641441,1.9563673226836955
2021-12,validation,24,Ridge,all,5,2022-05,1.658904,2.00719421682297
2021-12,validation,24,Ridge,all,6,2022-06,1.489451,2.0245825046865824
2021-12,validation,24,Ridge,all,7,2022-07,1.541013,2.0056077317900103
2021-12,validation,24,Ridge,all,8,2022-08,1.483968,1.9587446574052028
2021-12,validation,24,Ridge,all,9,2022-09,1.490297,1.9003930074642292
2021-12,validation,24,Ridge,all,10,2022-10,1.327315,1.848941842935106
2021-12,validation,24,Ridge,all,11,2022-11,1.473019,1.819585277754654
2021-12,validation,24,Ridge,all,12,2022-12,1.342897,1.8214384153020755
2021-12,validation,24,Ridge,all,13,2023-01,1.083168,1.856487957639756
2021-12,validation,24,Ridge,all,14,2023-02,1.255319,1.9193247645033504
2021-12,validation,24,Ridge,all,15,2023-03,1.314268,1.997427515776453
2021-12,validation,24,Ridge,all,16,2023-04,1.202371,2.072904819185749
2021-12,validation,24,Ridge,all,17,2023-05,1.347897,2.126759385546537
2021-12,validation,24,Ridge,all,18,2023-06,1.206388,2.145183464343982
2021-12,validation,24,Ridge,all,19,2023-07,1.296055,2.1250783962802284
2021-12,validation,24,Ridge,all,20,2023-08,1.382764,2.075423767720562
2021-12,validation,24,Ridge,all,21,2023-09,1.499206,2.013596208566611
2021-12,validation,24,Ridge,all,22,2023-10,1.40599,1.9590801850834367
2021-12,validation,24,Ridge,all,23,2023-11,1.574501,1.927974898907514
2021-12,validation,24,Ridge,all,24,2023-12,1.434115,1.9299384247281124
2021-12,validation,24,GradientBoosting,all,1,2022-01,1.822394,1.6371695771192492
2021-12,validation,24,GradientBoosting,all,2,2022-02,1.464984,1.5154624678388435
2021-12,validation,24,GradientBoosting,all,3,2022-03,1.736445,1.7006578424784542
2021-12,validation,24,GradientBoosting,all,4,2022-04,1.641441,1.7920246489303464
2021-12,validation,24,GradientBoosting,all,5,2022-05,1.658904,1.81046161267682
2021-12,validation,24,GradientBoosting,all,6,2022-06,1.489451,1.869910823169452
2021-12,validation,24,GradientBoosting,all,7,2022-07,1.541013,1.8798445650553453
2021-12,validation,24,GradientBoosting,all,8,2022-08,1.483968,1.8901826973276048
2021-12,validation,24,GradientBoosting,all,9,2022-09,1.490297,1.7763809394188212
2021-12,validation,24,GradientBoosting,all,10,2022-10,1.327315,1.7411015476089289
2021-12,validation,24,GradientBoosting,all,11,2022-11,1.473019,1.7839844640658495
2021-12,validation,24,GradientBoosting,all,12,2022-12,1.342897,1.7991140627213151
2021-12,validation,24,GradientBoosting,all,13,2023-01,1.083168,1.725782751436796
2021-12,validation,24,GradientBoosting,all,14,2023-02,1.255319,1.5993527459073515
2021-12,validation,24,GradientBoosting,all,15,2023-03,1.314268,1.7994298831311797
2021-12,validation,24,GradientBoosting,all,16,2023-04,1.202371,1.897024150529486
2021-12,validation,24,GradientBoosting,all,17,2023-05,1.347897,1.904269936816697
2021-12,validation,24,GradientBoosting,all,18,2023-06,1.206388,1.9650863194467336
2021-12,validation,24,GradientBoosting,all,19,2023-07,1.296055,1.973987452983116
2021-12,validation,24,GradientBoosting,all,20,2023-08,1.382764,1.985676366820296
2021-12,validation,24,GradientBoosting,all,21,2023-09,1.499206,1.8797613489703944
2021-12,validation,24,GradientBoosting,all,22,2023-10,1.40599,1.8341794989005624
2021-12,validation,24,GradientBoosting,all,23,2023-11,1.574501,1.865676999411713
2021-12,validation,24,GradientBoosting,all,24,2023-12,1.434115,1.865676999411713
2022-03,validation,24,HW_Damped_Add,revenue_only,1,2022-04,1.641441,1.7466667994707794
2022-03,validation,24,HW_Damped_Add,revenue_only,2,2022-05,1.658904,1.718696677221948
2022-03,validation,24,HW_Damped_Add,revenue_only,3,2022-06,1.489451,1.64768761817592
2022-03,validation,24,HW_Damped_Add,revenue_only,4,2022-07,1.541013,1.7278614228648297
2022-03,validation,24,HW_Damped_Add,revenue_only,5,2022-08,1.483968,1.7524068541108035
2022-03,validation,24,HW_Damped_Add,revenue_only,6,2022-09,1.490297,1.677968107200674
2022-03,validation,24,HW_Damped_Add,revenue_only,7,2022-10,1.327315,1.6340701881394115
2022-03,validation,24,HW_Damped_Add,revenue_only,8,2022-11,1.473019,1.6920010440033402
2022-03,validation,24,HW_Damped_Add,revenue_only,9,2022-12,1.342897,1.6928321758713494
2022-03,validation,24,HW_Damped_Add,revenue_only,10,2023-01,1.083168,1.7333859225028003
2022-03,validation,24,HW_Damped_Add,revenue_only,11,2023-02,1.255319,1.5225839769874991
2022-03,validation,24,HW_Damped_Add,revenue_only,12,2023-03,1.314268,1.7852473545382548
2022-03,validation,24,HW_Damped_Add,revenue_only,13,2023-04,1.202371,1.795225142363146
2022-03,validation,24,HW_Damped_Add,revenue_only,14,2023-05,1.347897,1.7670122283998526
2022-03,validation,24,HW_Damped_Add,revenue_only,15,2023-06,1.206388,1.6957615915979356
2022-03,validation,24,HW_Damped_Add,revenue_only,16,2023-07,1.296055,1.7756950264197349
2022-03,validation,24,HW_Damped_Add,revenue_only,17,2023-08,1.382764,1.8000012896479345
2022-03,validation,24,HW_Damped_Add,revenue_only,18,2023-09,1.499206,1.725324570560119
2022-03,validation,24,HW_Damped_Add,revenue_only,19,2023-10,1.40599,1.6811898691820593
2022-03,validation,24,HW_Damped_Add,revenue_only,20,2023-11,1.574501,1.7388851266407748
2022-03,validation,24,HW_Damped_Add,revenue_only,21,2023-12,1.434115,1.7394818380955968
2022-03,validation,24,HW_Damped_Add,revenue_only,22,2024-01,1.496705,1.7798023364159268
2022-03,validation,24,HW_Damped_Add,revenue_only,23,2024-02,1.185857,1.5687683088310596
2022-03,validation,24,HW_Damped_Add,revenue_only,24,2024-03,1.750773,1.8312007647225976
2022-03,validation,24,Ridge,revenue_only,1,2022-04,1.641441,1.7994621918023803
2022-03,validation,24,Ridge,revenue_only,2,2022-05,1.658904,1.8481463737015589
2022-03,validation,24,Ridge,revenue_only,3,2022-06,1.489451,1.8685443178747687
2022-03,validation,24,Ridge,revenue_only,4,2022-07,1.541013,1.8562862205040789
2022-03,validation,24,Ridge,revenue_only,5,2022-08,1.483968,1.817210864916924
2022-03,validation,24,Ridge,revenue_only,6,2022-09,1.490297,1.764975681489438
2022-03,validation,24,Ridge,revenue_only,7,2022-10,1.327315,1.7160011432851214
2022-03,validation,24,Ridge,revenue_only,8,2022-11,1.473019,1.6845927893146273
2022-03,validation,24,Ridge,revenue_only,9,2022-12,1.342897,1.6799598477924536
2022-03,validation,24,Ridge,revenue_only,10,2023-01,1.083168,1.7050156386278426
2022-03,validation,24,Ridge,revenue_only,11,2023-02,1.255319,1.7560585247874612
2022-03,validation,24,Ridge,revenue_only,12,2023-03,1.314268,1.8229576833265215
2022-03,validation,24,Ridge,revenue_only,13,2023-04,1.202371,1.89046544410906
2022-03,validation,24,Ridge,revenue_only,14,2023-05,1.347897,1.9416117054611424
2022-03,validation,24,Ridge,revenue_only,15,2023-06,1.206388,1.963041224106208
2022-03,validation,24,Ridge,revenue_only,16,2023-07,1.296055,1.950163204442676
2022-03,validation,24,Ridge,revenue_only,17,2023-08,1.382764,1.9091117115075569
2022-03,validation,24,Ridge,revenue_only,18,2023-09,1.499206,1.8542348656998369
2022-03,validation,24,Ridge,revenue_only,19,2023-10,1.40599,1.8027835640063432
2022-03,validation,24,Ridge,revenue_only,20,2023-11,1.574501,1.7697868119167135
2022-03,validation,24,Ridge,revenue_only,21,2023-12,1.434115,1.7649195710865662
2022-03,validation,24,Ridge,revenue_only,22,2024-01,1.496705,1.7912424952162938
2022-03,validation,24,Ridge,revenue_only,23,2024-02,1.185857,1.8448667463352908
2022-03,validation,24,Ridge,revenue_only,24,2024-03,1.750773,1.9151491607334457
2022-03,validation,24,GradientBoosting,revenue_only,1,2022-04,1.641441,1.753634826846289
2022-03,validation,24,GradientBoosting,revenue_only,2,2022-05,1.658904,1.8706915980444088
2022-03,validation,24,GradientBoosting,revenue_only,3,2022-06,1.489451,1.8329812014898592
2022-03,validation,24,GradientBoosting,revenue_only,4,2022-07,1.541013,1.8359243617006265
2022-03,validation,24,GradientBoosting,revenue_only,5,2022-08,1.483968,1.8399885938380551
2022-03,validation,24,GradientBoosting,revenue_only,6,2022-09,1.490297,1.7673075446010535
2022-03,validation,24,GradientBoosting,revenue_only,7,2022-10,1.327315,1.7082750775155433
2022-03,validation,24,GradientBoosting,revenue_only,8,2022-11,1.473019,1.7528662914989337
2022-03,validation,24,GradientBoosting,revenue_only,9,2022-12,1.342897,1.7528662914989337
2022-03,validation,24,GradientBoosting,revenue_only,10,2023-01,1.083168,1.7571490302586028
2022-03,validation,24,GradientBoosting,revenue_only,11,2023-02,1.255319,1.4986969821662428
2022-03,validation,24,GradientBoosting,revenue_only,12,2023-03,1.314268,1.731461973796875
2022-03,validation,24,GradientBoosting,revenue_only,13,2023-04,1.202371,1.8070917769766903
2022-03,validation,24,GradientBoosting,revenue_only,14,2023-05,1.347897,1.931702004150481
2022-03,validation,24,GradientBoosting,revenue_only,15,2023-06,1.206388,1.894242208636224
2022-03,validation,24,GradientBoosting,revenue_only,16,2023-07,1.296055,1.8988924487022525
2022-03,validation,24,GradientBoosting,revenue_only,17,2023-08,1.382764,1.8971427767078064
2022-03,validation,24,GradientBoosting,revenue_only,18,2023-09,1.499206,1.8188200764083304
2022-03,validation,24,GradientBoosting,revenue_only,19,2023-10,1.40599,1.7600736076664834
2022-03,validation,24,GradientBoosting,revenue_only,20,2023-11,1.574501,1.812531636192734
2022-03,validation,24,GradientBoosting,revenue_only,21,2023-12,1.434115,1.8237201053509564
2022-03,validation,24,GradientBoosting,revenue_only,22,2024-01,1.496705,1.8222668493120475
2022-03,validation,24,GradientBoosting,revenue_only,23,2024-02,1.185857,1.5462725813997629
2022-03,validation,24,GradientBoosting,revenue_only,24,2024-03,1.750773,1.7791310355773766
2022-03,validation,24,Ridge,quarterly_expanded,1,2022-04,1.641441,1.7853409326790752
2022-03,validation,24,Ridge,quarterly_expanded,2,2022-05,1.658904,1.8351523772906428
2022-03,validation,24,Ridge,quarterly_expanded,3,2022-06,1.489451,1.8566142117741808
2022-03,validation,24,Ridge,quarterly_expanded,4,2022-07,1.541013,1.8451842798001357
2022-03,validation,24,Ridge,quarterly_expanded,5,2022-08,1.483968,1.8066247713276669
2022-03,validation,24,Ridge,quarterly_expanded,6,2022-09,1.490297,1.7546353372504582
2022-03,validation,24,Ridge,quarterly_expanded,7,2022-10,1.327315,1.7057577385986735
2022-03,validation,24,Ridge,quarterly_expanded,8,2022-11,1.473019,1.674441539519942
2022-03,validation,24,Ridge,quarterly_expanded,9,2022-12,1.342897,1.6700291709963702
2022-03,validation,24,Ridge,quarterly_expanded,10,2023-01,1.083168,1.6955460497500043
2022-03,validation,24,Ridge,quarterly_expanded,11,2023-02,1.255319,1.7473704307225997
2022-03,validation,24,Ridge,quarterly_expanded,12,2023-03,1.314268,1.8153889141352857
2022-03,validation,24,Ridge,quarterly_expanded,13,2023-04,1.202371,1.8842685869359668
2022-03,validation,24,Ridge,quarterly_expanded,14,2023-05,1.347897,1.9368401370715675
2022-03,validation,24,Ridge,quarterly_expanded,15,2023-06,1.206388,1.9594911948024096
2022-03,validation,24,Ridge,quarterly_expanded,16,2023-07,1.296055,1.94742791804933
2022-03,validation,24,Ridge,quarterly_expanded,17,2023-08,1.382764,1.9067317858919075
2022-03,validation,24,Ridge,quarterly_expanded,18,2023-09,1.499206,1.851861561560434
2022-03,validation,24,Ridge,quarterly_expanded,19,2023-10,1.40599,1.800275602789961
2022-03,validation,24,Ridge,quarterly_expanded,20,2023-11,1.574501,1.7672241395617363
2022-03,validation,24,Ridge,quarterly_expanded,21,2023-12,1.434115,1.7625672769699643
2022-03,validation,24,Ridge,quarterly_expanded,22,2024-01,1.496705,1.7894980733193078
2022-03,validation,24,Ridge,quarterly_expanded,23,2024-02,1.185857,1.8441940987767695
2022-03,validation,24,Ridge,quarterly_expanded,24,2024-03,1.750773,1.9159815592441805
2022-03,validation,24,GradientBoosting,quarterly_expanded,1,2022-04,1.641441,1.753634826846289
2022-03,validation,24,GradientBoosting,quarterly_expanded,2,2022-05,1.658904,1.8706915980444088
2022-03,validation,24,GradientBoosting,quarterly_expanded,3,2022-06,1.489451,1.8329812014898592
2022-03,validation,24,GradientBoosting,quarterly_expanded,4,2022-07,1.541013,1.8359243617006265
2022-03,validation,24,GradientBoosting,quarterly_expanded,5,2022-08,1.483968,1.8399885938380551
2022-03,validation,24,GradientBoosting,quarterly_expanded,6,2022-09,1.490297,1.7673075446010535
2022-03,validation,24,GradientBoosting,quarterly_expanded,7,2022-10,1.327315,1.7082750775155433
2022-03,validation,24,GradientBoosting,quarterly_expanded,8,2022-11,1.473019,1.7528662914989337
2022-03,validation,24,GradientBoosting,quarterly_expanded,9,2022-12,1.342897,1.7528662914989337
2022-03,validation,24,GradientBoosting,quarterly_expanded,10,2023-01,1.083168,1.7571490302586028
2022-03,validation,24,GradientBoosting,quarterly_expanded,11,2023-02,1.255319,1.4986969821662428
2022-03,validation,24,GradientBoosting,quarterly_expanded,12,2023-03,1.314268,1.731461973796875
2022-03,validation,24,GradientBoosting,quarterly_expanded,13,2023-04,1.202371,1.8070917769766903
2022-03,validation,24,GradientBoosting,quarterly_expanded,14,2023-05,1.347897,1.931702004150481
2022-03,validation,24,GradientBoosting,quarterly_expanded,15,2023-06,1.206388,1.894242208636224
2022-03,validation,24,GradientBoosting,quarterly_expanded,16,2023-07,1.296055,1.8988924487022525
2022-03,validation,24,GradientBoosting,quarterly_expanded,17,2023-08,1.382764,1.8971427767078064
2022-03,validation,24,GradientBoosting,quarterly_expanded,18,2023-09,1.499206,1.8188200764083304
2022-03,validation,24,GradientBoosting,quarterly_expanded,19,2023-10,1.40599,1.7600736076664834
2022-03,validation,24,GradientBoosting,quarterly_expanded,20,2023-11,1.574501,1.812531636192734
2022-03,validation,24,GradientBoosting,quarterly_expanded,21,2023-12,1.434115,1.8237201053509564
2022-03,validation,24,GradientBoosting,quarterly_expanded,22,2024-01,1.496705,1.8222668493120475
2022-03,validation,24,GradientBoosting,quarterly_expanded,23,2024-02,1.185857,1.5462725813997629
2022-03,validation,24,GradientBoosting,quarterly_expanded,24,2024-03,1.750773,1.7791310355773766
2022-03,validation,24,Ridge,peer_fx,1,2022-04,1.641441,1.835372574802182
2022-03,validation,24,Ridge,peer_fx,2,2022-05,1.658904,1.887046203803196
2022-03,validation,24,Ridge,peer_fx,3,2022-06,1.489451,1.9095524088055664
2022-03,validation,24,Ridge,peer_fx,4,2022-07,1.541013,1.8981045293292849
2022-03,validation,24,Ridge,peer_fx,5,2022-08,1.483968,1.8585588901352128
2022-03,validation,24,Ridge,peer_fx,6,2022-09,1.490297,1.8050061454553104
2022-03,validation,24,Ridge,peer_fx,7,2022-10,1.327315,1.7545184865757095
2022-03,validation,24,Ridge,peer_fx,8,2022-11,1.473019,1.722042535400832
2022-03,validation,24,Ridge,peer_fx,9,2022-12,1.342897,1.7172718387310004
2022-03,validation,24,Ridge,peer_fx,10,2023-01,1.083168,1.7433907076475628
2022-03,validation,24,Ridge,peer_fx,11,2023-02,1.255319,1.7967297036544891
2022-03,validation,24,Ridge,peer_fx,12,2023-03,1.314268,1.8669152849159028
2022-03,validation,24,Ridge,peer_fx,13,2023-04,1.202371,1.9381597473653456
2022-03,validation,24,Ridge,peer_fx,14,2023-05,1.347897,1.9927272771982727
2022-03,validation,24,Ridge,peer_fx,15,2023-06,1.206388,2.01649390703704
2022-03,validation,24,Ridge,peer_fx,16,2023-07,1.296055,2.0044049069624856
2022-03,validation,24,Ridge,peer_fx,17,2023-08,1.382764,1.962644576050902
2022-03,validation,24,Ridge,peer_fx,18,2023-09,1.499206,1.9060926936023443
2022-03,validation,24,Ridge,peer_fx,19,2023-10,1.40599,1.852777552293936
2022-03,validation,24,Ridge,peer_fx,20,2023-11,1.574501,1.818482836229905
2022-03,validation,24,Ridge,peer_fx,21,2023-12,1.434115,1.813444964149162
2022-03,validation,24,Ridge,peer_fx,22,2024-01,1.496705,1.841026579498432
2022-03,validation,24,Ridge,peer_fx,23,2024-02,1.185857,1.8973527426136505
2022-03,validation,24,Ridge,peer_fx,24,2024-03,1.750773,1.971468957661144
2022-03,validation,24,GradientBoosting,peer_fx,1,2022-04,1.641441,1.753634826846289
2022-03,validation,24,GradientBoosting,peer_fx,2,2022-05,1.658904,1.8706915980444088
2022-03,validation,24,GradientBoosting,peer_fx,3,2022-06,1.489451,1.8329812014898592
2022-03,validation,24,GradientBoosting,peer_fx,4,2022-07,1.541013,1.8359243617006265
2022-03,validation,24,GradientBoosting,peer_fx,5,2022-08,1.483968,1.8399885938380551
2022-03,validation,24,GradientBoosting,peer_fx,6,2022-09,1.490297,1.7673075446010535
2022-03,validation,24,GradientBoosting,peer_fx,7,2022-10,1.327315,1.7082750775155433
2022-03,validation,24,GradientBoosting,peer_fx,8,2022-11,1.473019,1.7528662914989337
2022-03,validation,24,GradientBoosting,peer_fx,9,2022-12,1.342897,1.7528662914989337
2022-03,validation,24,GradientBoosting,peer_fx,10,2023-01,1.083168,1.7571490302586028
2022-03,validation,24,GradientBoosting,peer_fx,11,2023-02,1.255319,1.4986969821662428
2022-03,validation,24,GradientBoosting,peer_fx,12,2023-03,1.314268,1.731461973796875
2022-03,validation,24,GradientBoosting,peer_fx,13,2023-04,1.202371,1.8070917769766903
2022-03,validation,24,GradientBoosting,peer_fx,14,2023-05,1.347897,1.931702004150481
2022-03,validation,24,GradientBoosting,peer_fx,15,2023-06,1.206388,1.894242208636224
2022-03,validation,24,GradientBoosting,peer_fx,16,2023-07,1.296055,1.8988924487022525
2022-03,validation,24,GradientBoosting,peer_fx,17,2023-08,1.382764,1.8971427767078064
2022-03,validation,24,GradientBoosting,peer_fx,18,2023-09,1.499206,1.8188200764083304
2022-03,validation,24,GradientBoosting,peer_fx,19,2023-10,1.40599,1.7600736076664834
2022-03,validation,24,GradientBoosting,peer_fx,20,2023-11,1.574501,1.812531636192734
2022-03,validation,24,GradientBoosting,peer_fx,21,2023-12,1.434115,1.8237201053509564
2022-03,validation,24,GradientBoosting,peer_fx,22,2024-01,1.496705,1.8222668493120475
2022-03,validation,24,GradientBoosting,peer_fx,23,2024-02,1.185857,1.5462725813997629
2022-03,validation,24,GradientBoosting,peer_fx,24,2024-03,1.750773,1.7791310355773766
2022-03,validation,24,Ridge,all,1,2022-04,1.641441,1.7492919679891314
2022-03,validation,24,Ridge,all,2,2022-05,1.658904,1.798204895096808
2022-03,validation,24,Ridge,all,3,2022-06,1.489451,1.819349187302068
2022-03,validation,24,Ridge,all,4,2022-07,1.541013,1.8082467769433543
2022-03,validation,24,Ridge,all,5,2022-08,1.483968,1.7705226437582755
2022-03,validation,24,Ridge,all,6,2022-09,1.490297,1.719593944338954
2022-03,validation,24,Ridge,all,7,2022-10,1.327315,1.671677372030123
2022-03,validation,24,Ridge,all,8,2022-11,1.473019,1.6409483193884482
2022-03,validation,24,Ridge,all,9,2022-12,1.342897,1.6365803447685578
2022-03,validation,24,Ridge,all,10,2023-01,1.083168,1.6615560862109384
2022-03,validation,24,Ridge,all,11,2023-02,1.255319,1.7123420938601934
2022-03,validation,24,Ridge,all,12,2023-03,1.314268,1.7790388183571793
2022-03,validation,24,Ridge,all,13,2023-04,1.202371,1.8466227460396256
2022-03,validation,24,Ridge,all,14,2023-05,1.347897,1.8982571932475687
2022-03,validation,24,Ridge,all,15,2023-06,1.206388,1.9205779559616545
2022-03,validation,24,Ridge,all,16,2023-07,1.296055,1.9088578063928925
2022-03,validation,24,Ridge,all,17,2023-08,1.382764,1.869034698707631
2022-03,validation,24,Ridge,all,18,2023-09,1.499206,1.8152723214173243
2022-03,validation,24,Ridge,all,19,2023-10,1.40599,1.7646896662877438
2022-03,validation,24,Ridge,all,20,2023-11,1.574501,1.732250846118921
2022-03,validation,24,Ridge,all,21,2023-12,1.434115,1.7276398369593204
2022-03,validation,24,Ridge,all,22,2024-01,1.496705,1.7540052311248937
2022-03,validation,24,Ridge,all,23,2024-02,1.185857,1.8076169772609392
2022-03,validation,24,Ridge,all,24,2024-03,1.750773,1.8780247141032071
2022-03,validation,24,GradientBoosting,all,1,2022-04,1.641441,1.753634826846289
2022-03,validation,24,GradientBoosting,all,2,2022-05,1.658904,1.8706915980444088
2022-03,validation,24,GradientBoosting,all,3,2022-06,1.489451,1.8329812014898592
2022-03,validation,24,GradientBoosting,all,4,2022-07,1.541013,1.8359243617006265
2022-03,validation,24,GradientBoosting,all,5,2022-08,1.483968,1.8399885938380551
2022-03,validation,24,GradientBoosting,all,6,2022-09,1.490297,1.7673075446010535
2022-03,validation,24,GradientBoosting,all,7,2022-10,1.327315,1.7082750775155433
2022-03,validation,24,GradientBoosting,all,8,2022-11,1.473019,1.7528662914989337
2022-03,validation,24,GradientBoosting,all,9,2022-12,1.342897,1.7528662914989337
2022-03,validation,24,GradientBoosting,all,10,2023-01,1.083168,1.7571490302586028
2022-03,validation,24,GradientBoosting,all,11,2023-02,1.255319,1.4986969821662428
2022-03,validation,24,GradientBoosting,all,12,2023-03,1.314268,1.731461973796875
2022-03,validation,24,GradientBoosting,all,13,2023-04,1.202371,1.8070917769766903
2022-03,validation,24,GradientBoosting,all,14,2023-05,1.347897,1.931702004150481
2022-03,validation,24,GradientBoosting,all,15,2023-06,1.206388,1.894242208636224
2022-03,validation,24,GradientBoosting,all,16,2023-07,1.296055,1.8988924487022525
2022-03,validation,24,GradientBoosting,all,17,2023-08,1.382764,1.8971427767078064
2022-03,validation,24,GradientBoosting,all,18,2023-09,1.499206,1.8188200764083304
2022-03,validation,24,GradientBoosting,all,19,2023-10,1.40599,1.7600736076664834
2022-03,validation,24,GradientBoosting,all,20,2023-11,1.574501,1.812531636192734
2022-03,validation,24,GradientBoosting,all,21,2023-12,1.434115,1.8237201053509564
2022-03,validation,24,GradientBoosting,all,22,2024-01,1.496705,1.8222668493120475
2022-03,validation,24,GradientBoosting,all,23,2024-02,1.185857,1.5462725813997629
2022-03,validation,24,GradientBoosting,all,24,2024-03,1.750773,1.7791310355773766
2022-06,validation,24,HW_Damped_Add,revenue_only,1,2022-07,1.541013,1.5700620820478357
2022-06,validation,24,HW_Damped_Add,revenue_only,2,2022-08,1.483968,1.5950475108590028
2022-06,validation,24,HW_Damped_Add,revenue_only,3,2022-09,1.490297,1.5210493182594764
2022-06,validation,24,HW_Damped_Add,revenue_only,4,2022-10,1.327315,1.4775915883421489
2022-06,validation,24,HW_Damped_Add,revenue_only,5,2022-11,1.473019,1.5359656033410083
2022-06,validation,24,HW_Damped_Add,revenue_only,6,2022-12,1.342897,1.537241163943505
2022-06,validation,24,HW_Damped_Add,revenue_only,7,2023-01,1.083168,1.578237074456866
2022-06,validation,24,HW_Damped_Add,revenue_only,8,2023-02,1.255319,1.367842924411468
2022-06,validation,24,HW_Damped_Add,revenue_only,9,2023-03,1.314268,1.6309117332593552
2022-06,validation,24,HW_Damped_Add,revenue_only,10,2023-04,1.202371,1.630774837642968
2022-06,validation,24,HW_Damped_Add,revenue_only,11,2023-05,1.347897,1.607514734810173
2022-06,validation,24,HW_Damped_Add,revenue_only,12,2023-06,1.206388,1.5268323465062714
2022-06,validation,24,HW_Damped_Add,revenue_only,13,2023-07,1.296055,1.60722339734312
2022-06,validation,24,HW_Damped_Add,revenue_only,14,2023-08,1.382764,1.6319900913846346
2022-06,validation,24,HW_Damped_Add,revenue_only,15,2023-09,1.499206,1.5577744515075442
2022-06,validation,24,HW_Damped_Add,revenue_only,16,2023-10,1.40599,1.51410055422645
2022-06,validation,24,HW_Damped_Add,revenue_only,17,2023-11,1.574501,1.5722596742416552
2022-06,validation,24,HW_Damped_Add,revenue_only,18,2023-12,1.434115,1.5733216047512684
2022-06,validation,24,HW_Damped_Add,revenue_only,19,2024-01,1.496705,1.614105142617258
2022-06,validation,24,HW_Damped_Add,revenue_only,20,2024-02,1.185857,1.4034998699685666
2022-06,validation,24,HW_Damped_Add,revenue_only,21,2024-03,1.750773,1.6663587988993689
2022-06,validation,24,HW_Damped_Add,revenue_only,22,2024-04,1.822102,1.6660132587375445
2022-06,validation,24,HW_Damped_Add,revenue_only,23,2024-05,1.940296,1.6425457394594545
2022-06,validation,24,HW_Damped_Add,revenue_only,24,2024-06,1.942367,1.5616571555816936
2022-06,validation,24,Ridge,revenue_only,1,2022-07,1.541013,1.7811891987196622
2022-06,validation,24,Ridge,revenue_only,2,2022-08,1.483968,1.7541239066958858
2022-06,validation,24,Ridge,revenue_only,3,2022-09,1.490297,1.7160716656616306
2022-06,validation,24,Ridge,revenue_only,4,2022-10,1.327315,1.6791538877350851
2022-06,validation,24,Ridge,revenue_only,5,2022-11,1.473019,1.6544706777828218
2022-06,validation,24,Ridge,revenue_only,6,2022-12,1.342897,1.6495567204895691
2022-06,validation,24,Ridge,revenue_only,7,2023-01,1.083168,1.6671089787005362
2022-06,validation,24,Ridge,revenue_only,8,2023-02,1.255319,1.7045918424899815
2022-06,validation,24,Ridge,revenue_only,9,2023-03,1.314268,1.754493980363805
2022-06,validation,24,Ridge,revenue_only,10,2023-04,1.202371,1.8055246986508344
2022-06,validation,24,Ridge,revenue_only,11,2023-05,1.347897,1.8451916828450907
2022-06,validation,24,Ridge,revenue_only,12,2023-06,1.206388,1.863545235875603
2022-06,validation,24,Ridge,revenue_only,13,2023-07,1.296055,1.8567346070431217
2022-06,validation,24,Ridge,revenue_only,14,2023-08,1.382764,1.8285213973591663
2022-06,validation,24,Ridge,revenue_only,15,2023-09,1.499206,1.788855250239796
2022-06,validation,24,Ridge,revenue_only,16,2023-10,1.40599,1.7503716821041813
2022-06,validation,24,Ridge,revenue_only,17,2023-11,1.574501,1.7246415855124084
2022-06,validation,24,Ridge,revenue_only,18,2023-12,1.434115,1.719519213015162
2022-06,validation,24,Ridge,revenue_only,19,2024-01,1.496705,1.73781591348667
2022-06,validation,24,Ridge,revenue_only,20,2024-02,1.185857,1.7768885344182217
2022-06,validation,24,Ridge,revenue_only,21,2024-03,1.750773,1.828907166926417
2022-06,validation,24,Ridge,revenue_only,22,2024-04,1.822102,1.8821022462217007
2022-06,validation,24,Ridge,revenue_only,23,2024-05,1.940296,1.9234516224493636
2022-06,validation,24,Ridge,revenue_only,24,2024-06,1.942367,1.9425836029814985
2022-06,validation,24,GradientBoosting,revenue_only,1,2022-07,1.541013,1.7618780539538397
2022-06,validation,24,GradientBoosting,revenue_only,2,2022-08,1.483968,1.7618780539538397
2022-06,validation,24,GradientBoosting,revenue_only,3,2022-09,1.490297,1.7494825106328311
2022-06,validation,24,GradientBoosting,revenue_only,4,2022-10,1.327315,1.6431388675576497
2022-06,validation,24,GradientBoosting,revenue_only,5,2022-11,1.473019,1.7466385037159222
2022-06,validation,24,GradientBoosting,revenue_only,6,2022-12,1.342897,1.6876108777600416
2022-06,validation,24,GradientBoosting,revenue_only,7,2023-01,1.083168,1.6876108777600416
2022-06,validation,24,GradientBoosting,revenue_only,8,2023-02,1.255319,1.4793303903019142
2022-06,validation,24,GradientBoosting,revenue_only,9,2023-03,1.314268,1.714086681073989
2022-06,validation,24,GradientBoosting,revenue_only,10,2023-04,1.202371,1.7183477484056275
2022-06,validation,24,GradientBoosting,revenue_only,11,2023-05,1.347897,1.7278842536575678
2022-06,validation,24,GradientBoosting,revenue_only,12,2023-06,1.206388,1.6391862588607695
2022-06,validation,24,GradientBoosting,revenue_only,13,2023-07,1.296055,1.7830940450695298
2022-06,validation,24,GradientBoosting,revenue_only,14,2023-08,1.382764,1.7872115219930944
2022-06,validation,24,GradientBoosting,revenue_only,15,2023-09,1.499206,1.7802768648677565
2022-06,validation,24,GradientBoosting,revenue_only,16,2023-10,1.40599,1.6734486761398653
2022-06,validation,24,GradientBoosting,revenue_only,17,2023-11,1.574501,1.7818390317446362
2022-06,validation,24,GradientBoosting,revenue_only,18,2023-12,1.434115,1.7254147713043697
2022-06,validation,24,GradientBoosting,revenue_only,19,2024-01,1.496705,1.7277535794063026
2022-06,validation,24,GradientBoosting,revenue_only,20,2024-02,1.185857,1.5187247151085006
2022-06,validation,24,GradientBoosting,revenue_only,21,2024-03,1.750773,1.7683009171085085
2022-06,validation,24,GradientBoosting,revenue_only,22,2024-04,1.822102,1.7634036010487573
2022-06,validation,24,GradientBoosting,revenue_only,23,2024-05,1.940296,1.7715844272431458
2022-06,validation,24,GradientBoosting,revenue_only,24,2024-06,1.942367,1.6718727430627562
2022-06,validation,24,Ridge,quarterly_expanded,1,2022-07,1.541013,1.6481371576186987
2022-06,validation,24,Ridge,quarterly_expanded,2,2022-08,1.483968,1.6218237878745216
2022-06,validation,24,Ridge,quarterly_expanded,3,2022-09,1.490297,1.5855356834824048
2022-06,validation,24,Ridge,quarterly_expanded,4,2022-10,1.327315,1.550703591255477
2022-06,validation,24,Ridge,quarterly_expanded,5,2022-11,1.473019,1.5276786816379917
2022-06,validation,24,Ridge,quarterly_expanded,6,2022-12,1.342897,1.5233916522694684
2022-06,validation,24,Ridge,quarterly_expanded,7,2023-01,1.083168,1.5402085822035894
2022-06,validation,24,Ridge,quarterly_expanded,8,2023-02,1.255319,1.575590728643134
2022-06,validation,24,Ridge,quarterly_expanded,9,2023-03,1.314268,1.6223526221430704
2022-06,validation,24,Ridge,quarterly_expanded,10,2023-04,1.202371,1.6698085323115863
2022-06,validation,24,Ridge,quarterly_expanded,11,2023-05,1.347897,1.7062302731505925
2022-06,validation,24,Ridge,quarterly_expanded,12,2023-06,1.206388,1.7223931234159064
2022-06,validation,24,Ridge,quarterly_expanded,13,2023-07,1.296055,1.71489884680952
2022-06,validation,24,Ridge,quarterly_expanded,14,2023-08,1.382764,1.6875195918601562
2022-06,validation,24,Ridge,quarterly_expanded,15,2023-09,1.499206,1.6497615520712483
2022-06,validation,24,Ridge,quarterly_expanded,16,2023-10,1.40599,1.6135185036600184
2022-06,validation,24,Ridge,quarterly_expanded,17,2023-11,1.574501,1.5895609156835604
2022-06,validation,24,Ridge,quarterly_expanded,18,2023-12,1.434115,1.5851002300626251
2022-06,validation,24,Ridge,quarterly_expanded,19,2024-01,1.496705,1.6025983694726782
2022-06,validation,24,Ridge,quarterly_expanded,20,2024-02,1.185857,1.6394137533418758
2022-06,validation,24,Ridge,quarterly_expanded,21,2024-03,1.750773,1.6880698478100906
2022-06,validation,24,Ridge,quarterly_expanded,22,2024-04,1.822102,1.7374480717316172
2022-06,validation,24,Ridge,quarterly_expanded,23,2024-05,1.940296,1.775345161227403
2022-06,validation,24,Ridge,quarterly_expanded,24,2024-06,1.942367,1.792162725926442
2022-06,validation,24,GradientBoosting,quarterly_expanded,1,2022-07,1.541013,1.61091375126421
2022-06,validation,24,GradientBoosting,quarterly_expanded,2,2022-08,1.483968,1.61091375126421
2022-06,validation,24,GradientBoosting,quarterly_expanded,3,2022-09,1.490297,1.5869072059775269
2022-06,validation,24,GradientBoosting,quarterly_expanded,4,2022-10,1.327315,1.4772618393834354
2022-06,validation,24,GradientBoosting,quarterly_expanded,5,2022-11,1.473019,1.553572743172768
2022-06,validation,24,GradientBoosting,quarterly_expanded,6,2022-12,1.342897,1.5506720378007888
2022-06,validation,24,GradientBoosting,quarterly_expanded,7,2023-01,1.083168,1.5506720378007888
2022-06,validation,24,GradientBoosting,quarterly_expanded,8,2023-02,1.255319,1.3895642207761778
2022-06,validation,24,GradientBoosting,quarterly_expanded,9,2023-03,1.314268,1.6225268913426465
2022-06,validation,24,GradientBoosting,quarterly_expanded,10,2023-04,1.202371,1.6339388286202594
2022-06,validation,24,GradientBoosting,quarterly_expanded,11,2023-05,1.347897,1.6404085025763384
2022-06,validation,24,GradientBoosting,quarterly_expanded,12,2023-06,1.206388,1.581316087044317
2022-06,validation,24,GradientBoosting,quarterly_expanded,13,2023-07,1.296055,1.6383803405252475
2022-06,validation,24,GradientBoosting,quarterly_expanded,14,2023-08,1.382764,1.6463793847035644
2022-06,validation,24,GradientBoosting,quarterly_expanded,15,2023-09,1.499206,1.6253059078238392
2022-06,validation,24,GradientBoosting,quarterly_expanded,16,2023-10,1.40599,1.5208074827665925
2022-06,validation,24,GradientBoosting,quarterly_expanded,17,2023-11,1.574501,1.60626416903156
2022-06,validation,24,GradientBoosting,quarterly_expanded,18,2023-12,1.434115,1.606691555710302
2022-06,validation,24,GradientBoosting,quarterly_expanded,19,2024-01,1.496705,1.606691555710302
2022-06,validation,24,GradientBoosting,quarterly_expanded,20,2024-02,1.185857,1.4382266672866526
2022-06,validation,24,GradientBoosting,quarterly_expanded,21,2024-03,1.750773,1.6853990648120964
2022-06,validation,24,GradientBoosting,quarterly_expanded,22,2024-04,1.822102,1.6864629500991388
2022-06,validation,24,GradientBoosting,quarterly_expanded,23,2024-05,1.940296,1.6864629500991388
2022-06,validation,24,GradientBoosting,quarterly_expanded,24,2024-06,1.942367,1.6196318092877438
2022-06,validation,24,Ridge,peer_fx,1,2022-07,1.541013,1.6809449839907633
2022-06,validation,24,Ridge,peer_fx,2,2022-08,1.483968,1.6550597336591222
2022-06,validation,24,Ridge,peer_fx,3,2022-09,1.490297,1.618903856024425
2022-06,validation,24,Ridge,peer_fx,4,2022-10,1.327315,1.5839540549330977
2022-06,validation,24,Ridge,peer_fx,5,2022-11,1.473019,1.5606825821516104
2022-06,validation,24,Ridge,peer_fx,6,2022-12,1.342897,1.5561664110410085
2022-06,validation,24,Ridge,peer_fx,7,2023-01,1.083168,1.572898723677505
2022-06,validation,24,Ridge,peer_fx,8,2023-02,1.255319,1.6084249278325973
2022-06,validation,24,Ridge,peer_fx,9,2023-03,1.314268,1.6555931430881703
2022-06,validation,24,Ridge,peer_fx,10,2023-04,1.202371,1.7036967893243635
2022-06,validation,24,Ridge,peer_fx,11,2023-05,1.347897,1.7409267962833983
2022-06,validation,24,Ridge,peer_fx,12,2023-06,1.206388,1.7579206383325146
2022-06,validation,24,Ridge,peer_fx,13,2023-07,1.296055,1.7511153314509469
2022-06,validation,24,Ridge,peer_fx,14,2023-08,1.382764,1.7241495121374744
2022-06,validation,24,Ridge,peer_fx,15,2023-09,1.499206,1.68648432246668
2022-06,validation,24,Ridge,peer_fx,16,2023-10,1.40599,1.6500755565016656
2022-06,validation,24,Ridge,peer_fx,17,2023-11,1.574501,1.6258326257923228
2022-06,validation,24,Ridge,peer_fx,18,2023-12,1.434115,1.6211279290017973
2022-06,validation,24,Ridge,peer_fx,19,2024-01,1.496705,1.6385587250525029
2022-06,validation,24,Ridge,peer_fx,20,2024-02,1.185857,1.6755679557868388
2022-06,validation,24,Ridge,peer_fx,21,2024-03,1.750773,1.724705188520725
2022-06,validation,24,Ridge,peer_fx,22,2024-04,1.822102,1.7748169014114743
2022-06,validation,24,Ridge,peer_fx,23,2024-05,1.940296,1.813601059487376
2022-06,validation,24,Ridge,peer_fx,24,2024-06,1.942367,1.8313043023869815
2022-06,validation,24,GradientBoosting,peer_fx,1,2022-07,1.541013,1.6716538131053529
2022-06,validation,24,GradientBoosting,peer_fx,2,2022-08,1.483968,1.6716538131053529
2022-06,validation,24,GradientBoosting,peer_fx,3,2022-09,1.490297,1.6241222082884268
2022-06,validation,24,GradientBoosting,peer_fx,4,2022-10,1.327315,1.5472806559808203
2022-06,validation,24,GradientBoosting,peer_fx,5,2022-11,1.473019,1.5807250685580811
2022-06,validation,24,GradientBoosting,peer_fx,6,2022-12,1.342897,1.5861639956998703
2022-06,validation,24,GradientBoosting,peer_fx,7,2023-01,1.083168,1.5861639956998703
2022-06,validation,24,GradientBoosting,peer_fx,8,2023-02,1.255319,1.4472279609284655
2022-06,validation,24,GradientBoosting,peer_fx,9,2023-03,1.314268,1.6756373618930924
2022-06,validation,24,GradientBoosting,peer_fx,10,2023-04,1.202371,1.7051543476690851
2022-06,validation,24,GradientBoosting,peer_fx,11,2023-05,1.347897,1.7179853295558576
2022-06,validation,24,GradientBoosting,peer_fx,12,2023-06,1.206388,1.6428170047250643
2022-06,validation,24,GradientBoosting,peer_fx,13,2023-07,1.296055,1.722010817581626
2022-06,validation,24,GradientBoosting,peer_fx,14,2023-08,1.382764,1.731113201711961
2022-06,validation,24,GradientBoosting,peer_fx,15,2023-09,1.499206,1.687214176874526
2022-06,validation,24,GradientBoosting,peer_fx,16,2023-10,1.40599,1.6087572678231048
2022-06,validation,24,GradientBoosting,peer_fx,17,2023-11,1.574501,1.6511779556808548
2022-06,validation,24,GradientBoosting,peer_fx,18,2023-12,1.434115,1.6519241560952969
2022-06,validation,24,GradientBoosting,peer_fx,19,2024-01,1.496705,1.6541285019616083
2022-06,validation,24,GradientBoosting,peer_fx,20,2024-02,1.185857,1.5103305951216826
2022-06,validation,24,GradientBoosting,peer_fx,21,2024-03,1.750773,1.7556235677237697
2022-06,validation,24,GradientBoosting,peer_fx,22,2024-04,1.822102,1.776379028147001
2022-06,validation,24,GradientBoosting,peer_fx,23,2024-05,1.940296,1.7818738308745112
2022-06,validation,24,GradientBoosting,peer_fx,24,2024-06,1.942367,1.69463702411795
2022-06,validation,24,Ridge,all,1,2022-07,1.541013,1.579338106927347
2022-06,validation,24,Ridge,all,2,2022-08,1.483968,1.554094256292085
2022-06,validation,24,Ridge,all,3,2022-09,1.490297,1.5192379341063855
2022-06,validation,24,Ridge,all,4,2022-10,1.327315,1.4857442152622815
2022-06,validation,24,Ridge,all,5,2022-11,1.473019,1.4635589612713953
2022-06,validation,24,Ridge,all,6,2022-12,1.342897,1.4593482757831728
2022-06,validation,24,Ridge,all,7,2023-01,1.083168,1.4753987086983362
2022-06,validation,24,Ridge,all,8,2023-02,1.255319,1.509289629376258
2022-06,validation,24,Ridge,all,9,2023-03,1.314268,1.5541379926495174
2022-06,validation,24,Ridge,all,10,2023-04,1.202371,1.5996934079204568
2022-06,validation,24,Ridge,all,11,2023-05,1.347897,1.6346922734471552
2022-06,validation,24,Ridge,all,12,2023-06,1.206388,1.6502612942245132
2022-06,validation,24,Ridge,all,13,2023-07,1.296055,1.6431139921306488
2022-06,validation,24,Ridge,all,14,2023-08,1.382764,1.6168507594434105
2022-06,validation,24,Ridge,all,15,2023-09,1.499206,1.580586890138716
2022-06,validation,24,Ridge,all,16,2023-10,1.40599,1.5457406480073792
2022-06,validation,24,Ridge,all,17,2023-11,1.574501,1.5226595223817097
2022-06,validation,24,Ridge,all,18,2023-12,1.434115,1.5182788035148544
2022-06,validation,24,Ridge,all,19,2024-01,1.496705,1.534977375395684
2022-06,validation,24,Ridge,all,20,2024-02,1.185857,1.570236858927316
2022-06,validation,24,Ridge,all,21,2024-03,1.750773,1.6168962619362248
2022-06,validation,24,Ridge,all,22,2024-04,1.822102,1.6642912686929674
2022-06,validation,24,Ridge,all,23,2024-05,1.940296,1.7007034374384549
2022-06,validation,24,Ridge,all,24,2024-06,1.942367,1.716901157084959
2022-06,validation,24,GradientBoosting,all,1,2022-07,1.541013,1.6036698810136534
2022-06,validation,24,GradientBoosting,all,2,2022-08,1.483968,1.6036698810136534
2022-06,validation,24,GradientBoosting,all,3,2022-09,1.490297,1.5450182074686567
2022-06,validation,24,GradientBoosting,all,4,2022-10,1.327315,1.4541830716078297
2022-06,validation,24,GradientBoosting,all,5,2022-11,1.473019,1.5041236524620576
2022-06,validation,24,GradientBoosting,all,6,2022-12,1.342897,1.5041236524620576
2022-06,validation,24,GradientBoosting,all,7,2023-01,1.083168,1.5041236524620576
2022-06,validation,24,GradientBoosting,all,8,2023-02,1.255319,1.3719014262190183
2022-06,validation,24,GradientBoosting,all,9,2023-03,1.314268,1.601696431488394
2022-06,validation,24,GradientBoosting,all,10,2023-04,1.202371,1.630941159541104
2022-06,validation,24,GradientBoosting,all,11,2023-05,1.347897,1.6382128101854676
2022-06,validation,24,GradientBoosting,all,12,2023-06,1.206388,1.5813763911469605
2022-06,validation,24,GradientBoosting,all,13,2023-07,1.296055,1.6315649618122643
2022-06,validation,24,GradientBoosting,all,14,2023-08,1.382764,1.6395887947748389
2022-06,validation,24,GradientBoosting,all,15,2023-09,1.499206,1.5832233358865608
2022-06,validation,24,GradientBoosting,all,16,2023-10,1.40599,1.4964638046572112
2022-06,validation,24,GradientBoosting,all,17,2023-11,1.574501,1.554109210016278
2022-06,validation,24,GradientBoosting,all,18,2023-12,1.434115,1.560254175302418
2022-06,validation,24,GradientBoosting,all,19,2024-01,1.496705,1.560254175302418
2022-06,validation,24,GradientBoosting,all,20,2024-02,1.185857,1.427555546367443
2022-06,validation,24,GradientBoosting,all,21,2024-03,1.750773,1.6726815843557252
2022-06,validation,24,GradientBoosting,all,22,2024-04,1.822102,1.6884388789856473
2022-06,validation,24,GradientBoosting,all,23,2024-05,1.940296,1.6884388789856473
2022-06,validation,24,GradientBoosting,all,24,2024-06,1.942367,1.6251945107339787
2022-09,validation,24,HW_Damped_Add,revenue_only,1,2022-10,1.327315,1.4467161555803474
2022-09,validation,24,HW_Damped_Add,revenue_only,2,2022-11,1.473019,1.5049715912476944
2022-09,validation,24,HW_Damped_Add,revenue_only,3,2022-12,1.342897,1.5061296533189217
2022-09,validation,24,HW_Damped_Add,revenue_only,4,2023-01,1.083168,1.5470100014237995
2022-09,validation,24,HW_Damped_Add,revenue_only,5,2023-02,1.255319,1.3364618087549267
2022-09,validation,24,HW_Damped_Add,revenue_only,6,2023-03,1.314268,1.5993775004371922
2022-09,validation,24,HW_Damped_Add,revenue_only,7,2023-04,1.202371,1.59908758142886
2022-09,validation,24,HW_Damped_Add,revenue_only,8,2023-05,1.347897,1.5756747584962774
2022-09,validation,24,HW_Damped_Add,revenue_only,9,2023-06,1.206388,1.494843333364285
2022-09,validation,24,HW_Damped_Add,revenue_only,10,2023-07,1.296055,1.5721855352879417
2022-09,validation,24,HW_Damped_Add,revenue_only,11,2023-08,1.382764,1.588610973939688
2022-09,validation,24,HW_Damped_Add,revenue_only,12,2023-09,1.499206,1.522300365404677
2022-09,validation,24,HW_Damped_Add,revenue_only,13,2023-10,1.40599,1.4784901367440395
2022-09,validation,24,HW_Damped_Add,revenue_only,14,2023-11,1.574501,1.5365178312192458
2022-09,validation,24,HW_Damped_Add,revenue_only,15,2023-12,1.434115,1.5374497844417996
2022-09,validation,24,HW_Damped_Add,revenue_only,16,2024-01,1.496705,1.5781056443415893
2022-09,validation,24,HW_Damped_Add,revenue_only,17,2024-02,1.185857,1.3673345724951904
2022-09,validation,24,HW_Damped_Add,revenue_only,18,2024-03,1.750773,1.6300289824947267
2022-09,validation,24,HW_Damped_Add,revenue_only,19,2024-04,1.822102,1.6295193678483593
2022-09,validation,24,HW_Damped_Add,revenue_only,20,2024-05,1.940296,1.605888423954401
2022-09,validation,24,HW_Damped_Add,revenue_only,21,2024-06,1.942367,1.5248404412511385
2022-09,validation,24,HW_Damped_Add,revenue_only,22,2024-07,2.140634,1.601967637787974
2022-09,validation,24,HW_Damped_Add,revenue_only,23,2024-08,2.211638,1.618179612112009
2022-09,validation,24,HW_Damped_Add,revenue_only,24,2024-09,2.269814,1.5516570692627971
2022-09,validation,24,Ridge,revenue_only,1,2022-10,1.327315,1.6496167213085404
2022-09,validation,24,Ridge,revenue_only,2,2022-11,1.473019,1.6358355891843677
2022-09,validation,24,Ridge,revenue_only,3,2022-12,1.342897,1.6422475281113067
2022-09,validation,24,Ridge,revenue_only,4,2023-01,1.083168,1.668594549747438
2022-09,validation,24,Ridge,revenue_only,5,2023-02,1.255319,1.70981946933848
2022-09,validation,24,Ridge,revenue_only,6,2023-03,1.314268,1.7568024626803191
2022-09,validation,24,Ridge,revenue_only,7,2023-04,1.202371,1.7982102815769556
2022-09,validation,24,Ridge,revenue_only,8,2023-05,1.347897,1.8235514380606603
2022-09,validation,24,Ridge,revenue_only,9,2023-06,1.206388,1.826640985122891
2022-09,validation,24,Ridge,revenue_only,10,2023-07,1.296055,1.807903052604612
2022-09,validation,24,Ridge,revenue_only,11,2023-08,1.382764,1.774229699448686
2022-09,validation,24,Ridge,revenue_only,12,2023-09,1.499206,1.7364861157986953
2022-09,validation,24,Ridge,revenue_only,13,2023-10,1.40599,1.7060349122993133
2022-09,validation,24,Ridge,revenue_only,14,2023-11,1.574501,1.691782454603444
2022-09,validation,24,Ridge,revenue_only,15,2023-12,1.434115,1.6984136868912765
2022-09,validation,24,Ridge,revenue_only,16,2024-01,1.496705,1.725661797416423
2022-09,validation,24,Ridge,revenue_only,17,2024-02,1.185857,1.7682966417233237
2022-09,validation,24,Ridge,revenue_only,18,2024-03,1.750773,1.8168864904379525
2022-09,validation,24,Ridge,revenue_only,19,2024-04,1.822102,1.8597104893507368
2022-09,validation,24,Ridge,revenue_only,20,2024-05,1.940296,1.885918333343096
2022-09,validation,24,Ridge,revenue_only,21,2024-06,1.942367,1.8891135453479648
2022-09,validation,24,Ridge,revenue_only,22,2024-07,2.140634,1.8697347607808836
2022-09,validation,24,Ridge,revenue_only,23,2024-08,2.211638,1.8349097524282625
2022-09,validation,24,Ridge,revenue_only,24,2024-09,2.269814,1.795875308493252
2022-09,validation,24,GradientBoosting,revenue_only,1,2022-10,1.327315,1.526304454650366
2022-09,validation,24,GradientBoosting,revenue_only,2,2022-11,1.473019,1.652818054283199
2022-09,validation,24,GradientBoosting,revenue_only,3,2022-12,1.342897,1.652818054283199
2022-09,validation,24,GradientBoosting,revenue_only,4,2023-01,1.083168,1.652818054283199
2022-09,validation,24,GradientBoosting,revenue_only,5,2023-02,1.255319,1.464164664091956
2022-09,validation,24,GradientBoosting,revenue_only,6,2023-03,1.314268,1.680433521573828
2022-09,validation,24,GradientBoosting,revenue_only,7,2023-04,1.202371,1.6313438525872963
2022-09,validation,24,GradientBoosting,revenue_only,8,2023-05,1.347897,1.6313438525872963
2022-09,validation,24,GradientBoosting,revenue_only,9,2023-06,1.206388,1.5913484476145436
2022-09,validation,24,GradientBoosting,revenue_only,10,2023-07,1.296055,1.5939039253839586
2022-09,validation,24,GradientBoosting,revenue_only,11,2023-08,1.382764,1.5637974078590389
2022-09,validation,24,GradientBoosting,revenue_only,12,2023-09,1.499206,1.556985482068613
2022-09,validation,24,GradientBoosting,revenue_only,13,2023-10,1.40599,1.5343767409304618
2022-09,validation,24,GradientBoosting,revenue_only,14,2023-11,1.574501,1.6647840470378532
2022-09,validation,24,GradientBoosting,revenue_only,15,2023-12,1.434115,1.66787292189069
2022-09,validation,24,GradientBoosting,revenue_only,16,2024-01,1.496705,1.6718629333700177
2022-09,validation,24,GradientBoosting,revenue_only,17,2024-02,1.185857,1.4862570276007827
2022-09,validation,24,GradientBoosting,revenue_only,18,2024-03,1.750773,1.7075163200135322
2022-09,validation,24,GradientBoosting,revenue_only,19,2024-04,1.822102,1.6588046188132386
2022-09,validation,24,GradientBoosting,revenue_only,20,2024-05,1.940296,1.6588046188132386
2022-09,validation,24,GradientBoosting,revenue_only,21,2024-06,1.942367,1.6149519468171538
2022-09,validation,24,GradientBoosting,revenue_only,22,2024-07,2.140634,1.6138018421943057
2022-09,validation,24,GradientBoosting,revenue_only,23,2024-08,2.211638,1.5820745011851465
2022-09,validation,24,GradientBoosting,revenue_only,24,2024-09,2.269814,1.5706799898174564
2022-09,validation,24,Ridge,quarterly_expanded,1,2022-10,1.327315,1.5034294767124976
2022-09,validation,24,Ridge,quarterly_expanded,2,2022-11,1.473019,1.4880573904631544
2022-09,validation,24,Ridge,quarterly_expanded,3,2022-12,1.342897,1.4916171561425096
2022-09,validation,24,Ridge,quarterly_expanded,4,2023-01,1.083168,1.514175330558592
2022-09,validation,24,Ridge,quarterly_expanded,5,2023-02,1.255319,1.5512702048772329
2022-09,validation,24,Ridge,quarterly_expanded,6,2023-03,1.314268,1.59453046481718
2022-09,validation,24,Ridge,quarterly_expanded,7,2023-04,1.202371,1.6333137241418318
2022-09,validation,24,Ridge,quarterly_expanded,8,2023-05,1.347897,1.6575222958092135
2022-09,validation,24,Ridge,quarterly_expanded,9,2023-06,1.206388,1.6609175653228123
2022-09,validation,24,Ridge,quarterly_expanded,10,2023-07,1.296055,1.643446873569233
2022-09,validation,24,Ridge,quarterly_expanded,11,2023-08,1.382764,1.6112790950132247
2022-09,validation,24,Ridge,quarterly_expanded,12,2023-09,1.499206,1.5745330834427438
2022-09,validation,24,Ridge,quarterly_expanded,13,2023-10,1.40599,1.5439789962714556
2022-09,validation,24,Ridge,quarterly_expanded,14,2023-11,1.574501,1.528192304134916
2022-09,validation,24,Ridge,quarterly_expanded,15,2023-12,1.434115,1.531848081493087
2022-09,validation,24,Ridge,quarterly_expanded,16,2024-01,1.496705,1.5550146802808265
2022-09,validation,24,Ridge,quarterly_expanded,17,2024-02,1.185857,1.5931100533624751
2022-09,validation,24,Ridge,quarterly_expanded,18,2024-03,1.750773,1.6375371008263684
2022-09,validation,24,Ridge,quarterly_expanded,19,2024-04,1.822102,1.6773663969335262
2022-09,validation,24,Ridge,quarterly_expanded,20,2024-05,1.940296,1.702227906411112
2022-09,validation,24,Ridge,quarterly_expanded,21,2024-06,1.942367,1.705714750920201
2022-09,validation,24,Ridge,quarterly_expanded,22,2024-07,2.140634,1.6877728510601266
2022-09,validation,24,Ridge,quarterly_expanded,23,2024-08,2.211638,1.6547374641553867
2022-09,validation,24,Ridge,quarterly_expanded,24,2024-09,2.269814,1.6170003631204706
2022-09,validation,24,GradientBoosting,quarterly_expanded,1,2022-10,1.327315,1.4135511207418132
2022-09,validation,24,GradientBoosting,quarterly_expanded,2,2022-11,1.473019,1.5198615667734188
2022-09,validation,24,GradientBoosting,quarterly_expanded,3,2022-12,1.342897,1.5198615667734188
2022-09,validation,24,GradientBoosting,quarterly_expanded,4,2023-01,1.083168,1.5198615667734188
2022-09,validation,24,GradientBoosting,quarterly_expanded,5,2023-02,1.255319,1.3702046414352893
2022-09,validation,24,GradientBoosting,quarterly_expanded,6,2023-03,1.314268,1.6047145522531796
2022-09,validation,24,GradientBoosting,quarterly_expanded,7,2023-04,1.202371,1.5705085183938494
2022-09,validation,24,GradientBoosting,quarterly_expanded,8,2023-05,1.347897,1.5727121816251213
2022-09,validation,24,GradientBoosting,quarterly_expanded,9,2023-06,1.206388,1.5126456631358265
2022-09,validation,24,GradientBoosting,quarterly_expanded,10,2023-07,1.296055,1.548465404854312
2022-09,validation,24,GradientBoosting,quarterly_expanded,11,2023-08,1.382764,1.532083863500775
2022-09,validation,24,GradientBoosting,quarterly_expanded,12,2023-09,1.499206,1.5161454494639606
2022-09,validation,24,GradientBoosting,quarterly_expanded,13,2023-10,1.40599,1.4199633496548711
2022-09,validation,24,GradientBoosting,quarterly_expanded,14,2023-11,1.574501,1.5307713295967698
2022-09,validation,24,GradientBoosting,quarterly_expanded,15,2023-12,1.434115,1.5320239521154255
2022-09,validation,24,GradientBoosting,quarterly_expanded,16,2024-01,1.496705,1.538837957667265
2022-09,validation,24,GradientBoosting,quarterly_expanded,17,2024-02,1.185857,1.3918704087223963
2022-09,validation,24,GradientBoosting,quarterly_expanded,18,2024-03,1.750773,1.635450753983285
2022-09,validation,24,GradientBoosting,quarterly_expanded,19,2024-04,1.822102,1.6014932229222147
2022-09,validation,24,GradientBoosting,quarterly_expanded,20,2024-05,1.940296,1.6147738847411486
2022-09,validation,24,GradientBoosting,quarterly_expanded,21,2024-06,1.942367,1.557273807148785
2022-09,validation,24,GradientBoosting,quarterly_expanded,22,2024-07,2.140634,1.5903241933217918
2022-09,validation,24,GradientBoosting,quarterly_expanded,23,2024-08,2.211638,1.5734998190369285
2022-09,validation,24,GradientBoosting,quarterly_expanded,24,2024-09,2.269814,1.5553792408758316
2022-09,validation,24,Ridge,peer_fx,1,2022-10,1.327315,1.491846949026747
2022-09,validation,24,Ridge,peer_fx,2,2022-11,1.473019,1.4774927982482058
2022-09,validation,24,Ridge,peer_fx,3,2022-12,1.342897,1.4816497680571612
2022-09,validation,24,Ridge,peer_fx,4,2023-01,1.083168,1.5042918174751696
2022-09,validation,24,Ridge,peer_fx,5,2023-02,1.255319,1.540970551662418
2022-09,validation,24,Ridge,peer_fx,6,2023-03,1.314268,1.583445650812265
2022-09,validation,24,Ridge,peer_fx,7,2023-04,1.202371,1.6213195203498587
2022-09,validation,24,Ridge,peer_fx,8,2023-05,1.347897,1.6448045038852177
2022-09,validation,24,Ridge,peer_fx,9,2023-06,1.206388,1.6479380406680155
2022-09,validation,24,Ridge,peer_fx,10,2023-07,1.296055,1.6308015681917498
2022-09,validation,24,Ridge,peer_fx,11,2023-08,1.382764,1.5995051821312452
2022-09,validation,24,Ridge,peer_fx,12,2023-09,1.499206,1.5639526722500587
2022-09,validation,24,Ridge,peer_fx,13,2023-10,1.40599,1.5346344162963306
2022-09,validation,24,Ridge,peer_fx,14,2023-11,1.574501,1.5198685759962736
2022-09,validation,24,Ridge,peer_fx,15,2023-12,1.434115,1.52414477131275
2022-09,validation,24,Ridge,peer_fx,16,2024-01,1.496705,1.5474362143894185
2022-09,validation,24,Ridge,peer_fx,17,2024-02,1.185857,1.585166926555742
2022-09,validation,24,Ridge,peer_fx,18,2024-03,1.750773,1.6288602484702177
2022-09,validation,24,Ridge,peer_fx,19,2024-04,1.822102,1.6678203735075927
2022-09,validation,24,Ridge,peer_fx,20,2024-05,1.940296,1.6919789267848089
2022-09,validation,24,Ridge,peer_fx,21,2024-06,1.942367,1.695202336126329
2022-09,validation,24,Ridge,peer_fx,22,2024-07,2.140634,1.6775743747237548
2022-09,validation,24,Ridge,peer_fx,23,2024-08,2.211638,1.6453803811069967
2022-09,validation,24,Ridge,peer_fx,24,2024-09,2.269814,1.608808194338791
2022-09,validation,24,GradientBoosting,peer_fx,1,2022-10,1.327315,1.49848531946914
2022-09,validation,24,GradientBoosting,peer_fx,2,2022-11,1.473019,1.5918414678686084
2022-09,validation,24,GradientBoosting,peer_fx,3,2022-12,1.342897,1.5918414678686084
2022-09,validation,24,GradientBoosting,peer_fx,4,2023-01,1.083168,1.5918414678686084
2022-09,validation,24,GradientBoosting,peer_fx,5,2023-02,1.255319,1.43806285617683
2022-09,validation,24,GradientBoosting,peer_fx,6,2023-03,1.314268,1.6488458425342944
2022-09,validation,24,GradientBoosting,peer_fx,7,2023-04,1.202371,1.6311337295382624
2022-09,validation,24,GradientBoosting,peer_fx,8,2023-05,1.347897,1.6311337295382624
2022-09,validation,24,GradientBoosting,peer_fx,9,2023-06,1.206388,1.5896771433557726
2022-09,validation,24,GradientBoosting,peer_fx,10,2023-07,1.296055,1.5937780841656843
2022-09,validation,24,GradientBoosting,peer_fx,11,2023-08,1.382764,1.5648487646537252
2022-09,validation,24,GradientBoosting,peer_fx,12,2023-09,1.499206,1.5053603024597753
2022-09,validation,24,GradientBoosting,peer_fx,13,2023-10,1.40599,1.5082003697730169
2022-09,validation,24,GradientBoosting,peer_fx,14,2023-11,1.574501,1.6052758765616564
2022-09,validation,24,GradientBoosting,peer_fx,15,2023-12,1.434115,1.6082667141421976
2022-09,validation,24,GradientBoosting,peer_fx,16,2024-01,1.496705,1.612705282484962
2022-09,validation,24,GradientBoosting,peer_fx,17,2024-02,1.185857,1.461337443242599
2022-09,validation,24,GradientBoosting,peer_fx,18,2024-03,1.750773,1.6763879547230582
2022-09,validation,24,GradientBoosting,peer_fx,19,2024-04,1.822102,1.6610892290343415
2022-09,validation,24,GradientBoosting,peer_fx,20,2024-05,1.940296,1.6610892290343415
2022-09,validation,24,GradientBoosting,peer_fx,21,2024-06,1.942367,1.6156270005431117
2022-09,validation,24,GradientBoosting,peer_fx,22,2024-07,2.140634,1.616162877953392
2022-09,validation,24,GradientBoosting,peer_fx,23,2024-08,2.211638,1.5844162043394885
2022-09,validation,24,GradientBoosting,peer_fx,24,2024-09,2.269814,1.5184035208119264
2022-09,validation,24,Ridge,all,1,2022-10,1.327315,1.4171693061727626
2022-09,validation,24,Ridge,all,2,2022-11,1.473019,1.402414016547462
2022-09,validation,24,Ridge,all,3,2022-12,1.342897,1.4054461108400205
2022-09,validation,24,Ridge,all,4,2023-01,1.083168,1.4263913137355648
2022-09,validation,24,Ridge,all,5,2023-02,1.255319,1.461109210924452
2022-09,validation,24,Ridge,all,6,2023-03,1.314268,1.5017655129163057
2022-09,validation,24,Ridge,all,7,2023-04,1.202371,1.538358772806235
2022-09,validation,24,Ridge,all,8,2023-05,1.347897,1.5613564451183222
2022-09,validation,24,Ridge,all,9,2023-06,1.206388,1.5648151417759486
2022-09,validation,24,Ridge,all,10,2023-07,1.296055,1.5485936938008404
2022-09,validation,24,Ridge,all,11,2023-08,1.382764,1.518421789126526
2022-09,validation,24,Ridge,all,12,2023-09,1.499206,1.4837881996473203
2022-09,validation,24,Ridge,all,13,2023-10,1.40599,1.4548403612972831
2022-09,validation,24,Ridge,all,14,2023-11,1.574501,1.4396928480142783
2022-09,validation,24,Ridge,all,15,2023-12,1.434115,1.4428055411391292
2022-09,validation,24,Ridge,all,16,2024-01,1.496705,1.4643075073581775
2022-09,validation,24,Ridge,all,17,2024-02,1.185857,1.4999482722757922
2022-09,validation,24,Ridge,all,18,2024-03,1.750773,1.5416852960888303
2022-09,validation,24,Ridge,all,19,2024-04,1.822102,1.5792512744143727
2022-09,validation,24,Ridge,all,20,2024-05,1.940296,1.6028602685901436
2022-09,validation,24,Ridge,all,21,2024-06,1.942367,1.606410903982176
2022-09,validation,24,Ridge,all,22,2024-07,2.140634,1.5897582590722992
2022-09,validation,24,Ridge,all,23,2024-08,2.211638,1.5587843277952018
2022-09,validation,24,Ridge,all,24,2024-09,2.269814,1.523230111646516
2022-09,validation,24,GradientBoosting,all,1,2022-10,1.327315,1.3919533300702922
2022-09,validation,24,GradientBoosting,all,2,2022-11,1.473019,1.4746155474012703
2022-09,validation,24,GradientBoosting,all,3,2022-12,1.342897,1.4746155474012703
2022-09,validation,24,GradientBoosting,all,4,2023-01,1.083168,1.4746155474012703
2022-09,validation,24,GradientBoosting,all,5,2023-02,1.255319,1.345208690130404
2022-09,validation,24,GradientBoosting,all,6,2023-03,1.314268,1.5804963194690111
2022-09,validation,24,GradientBoosting,all,7,2023-04,1.202371,1.5729304598780738
2022-09,validation,24,GradientBoosting,all,8,2023-05,1.347897,1.5750941227315305
2022-09,validation,24,GradientBoosting,all,9,2023-06,1.206388,1.5162379621015043
2022-09,validation,24,GradientBoosting,all,10,2023-07,1.296055,1.5490608820407732
2022-09,validation,24,GradientBoosting,all,11,2023-08,1.382764,1.5326730410087774
2022-09,validation,24,GradientBoosting,all,12,2023-09,1.499206,1.436611740719626
2022-09,validation,24,GradientBoosting,all,13,2023-10,1.40599,1.3977199882842692
2022-09,validation,24,GradientBoosting,all,14,2023-11,1.574501,1.4834372914338445
2022-09,validation,24,GradientBoosting,all,15,2023-12,1.434115,1.484676945614282
2022-09,validation,24,GradientBoosting,all,16,2024-01,1.496705,1.4924314477602842
2022-09,validation,24,GradientBoosting,all,17,2024-02,1.185857,1.3659460678465143
2022-09,validation,24,GradientBoosting,all,18,2024-03,1.750773,1.610782634446511
2022-09,validation,24,GradientBoosting,all,19,2024-04,1.822102,1.603934124101116
2022-09,validation,24,GradientBoosting,all,20,2024-05,1.940296,1.6186870913636382
2022-09,validation,24,GradientBoosting,all,21,2024-06,1.942367,1.5623861888592772
2022-09,validation,24,GradientBoosting,all,22,2024-07,2.140634,1.5924136970201253
2022-09,validation,24,GradientBoosting,all,23,2024-08,2.211638,1.5755672174359536
2022-09,validation,24,GradientBoosting,all,24,2024-09,2.269814,1.47542837214343
2022-12,validation,24,HW_Damped_Add,revenue_only,1,2023-01,1.083168,1.3839648940016898
2022-12,validation,24,HW_Damped_Add,revenue_only,2,2023-02,1.255319,1.173460477551296
2022-12,validation,24,HW_Damped_Add,revenue_only,3,2023-03,1.314268,1.436437720679349
2022-12,validation,24,HW_Damped_Add,revenue_only,4,2023-04,1.202371,1.4362284132704737
2022-12,validation,24,HW_Damped_Add,revenue_only,5,2023-05,1.347897,1.4129126101721752
2022-12,validation,24,HW_Damped_Add,revenue_only,6,2023-06,1.206388,1.3321903154900754
2022-12,validation,24,HW_Damped_Add,revenue_only,7,2023-07,1.296055,1.4096522325949876
2022-12,validation,24,HW_Damped_Add,revenue_only,8,2023-08,1.382764,1.426207389979088
2022-12,validation,24,HW_Damped_Add,revenue_only,9,2023-09,1.499206,1.360033437542715
2022-12,validation,24,HW_Damped_Add,revenue_only,10,2023-10,1.40599,1.304434091251445
2022-12,validation,24,HW_Damped_Add,revenue_only,11,2023-11,1.574501,1.37136878688861
2022-12,validation,24,HW_Damped_Add,revenue_only,12,2023-12,1.434115,1.3593487525986363
2022-12,validation,24,HW_Damped_Add,revenue_only,13,2024-01,1.496705,1.400211419948284
2022-12,validation,24,HW_Damped_Add,revenue_only,14,2024-02,1.185857,1.189504338655785
2022-12,validation,24,HW_Damped_Add,revenue_only,15,2024-03,1.750773,1.4522814450537955
2022-12,validation,24,HW_Damped_Add,revenue_only,16,2024-04,1.822102,1.4518744974903868
2022-12,validation,24,HW_Damped_Add,revenue_only,17,2024-05,1.940296,1.4283635196699098
2022-12,validation,24,HW_Damped_Add,revenue_only,18,2024-06,1.942367,1.3474484849433206
2022-12,validation,24,HW_Damped_Add,revenue_only,19,2024-07,2.140634,1.4247200663104127
2022-12,validation,24,HW_Damped_Add,revenue_only,20,2024-08,2.211638,1.4410872622712003
2022-12,validation,24,HW_Damped_Add,revenue_only,21,2024-09,2.269814,1.3747276931079937
2022-12,validation,24,HW_Damped_Add,revenue_only,22,2024-10,2.030244,1.318945045537805
2022-12,validation,24,HW_Damped_Add,revenue_only,23,2024-11,2.260922,1.3856987264602605
2022-12,validation,24,HW_Damped_Add,revenue_only,24,2024-12,2.018859,1.3734999354963853
2022-12,validation,24,Ridge,revenue_only,1,2023-01,1.083168,1.631743743133951
2022-12,validation,24,Ridge,revenue_only,2,2023-02,1.255319,1.6823153927043932
2022-12,validation,24,Ridge,revenue_only,3,2023-03,1.314268,1.7397071695138446
2022-12,validation,24,Ridge,revenue_only,4,2023-04,1.202371,1.7894054760980935
2022-12,validation,24,Ridge,revenue_only,5,2023-05,1.347897,1.8179494801223133
2022-12,validation,24,Ridge,revenue_only,6,2023-06,1.206388,1.8176403404068109
2022-12,validation,24,Ridge,revenue_only,7,2023-07,1.296055,1.7896218048472985
2022-12,validation,24,Ridge,revenue_only,8,2023-08,1.382764,1.7434271006569244
2022-12,validation,24,Ridge,revenue_only,9,2023-09,1.499206,1.693296655078396
2022-12,validation,24,Ridge,revenue_only,10,2023-10,1.40599,1.6534780506105922
2022-12,validation,24,Ridge,revenue_only,11,2023-11,1.574501,1.6346447294958626
2022-12,validation,24,Ridge,revenue_only,12,2023-12,1.434115,1.6420834669614104
2022-12,validation,24,Ridge,revenue_only,13,2024-01,1.496705,1.675096808677381
2022-12,validation,24,Ridge,revenue_only,14,2024-02,1.185857,1.7270120736578365
2022-12,validation,24,Ridge,revenue_only,15,2024-03,1.750773,1.7859286667701804
2022-12,validation,24,Ridge,revenue_only,16,2024-04,1.822102,1.8369473853074767
2022-12,validation,24,Ridge,revenue_only,17,2024-05,1.940296,1.866249762135356
2022-12,validation,24,Ridge,revenue_only,18,2024-06,1.942367,1.8659324090258045
2022-12,validation,24,Ridge,revenue_only,19,2024-07,2.140634,1.837169461597913
2022-12,validation,24,Ridge,revenue_only,20,2024-08,2.211638,1.789747431090554
2022-12,validation,24,Ridge,revenue_only,21,2024-09,2.269814,1.7382850922524171
2022-12,validation,24,Ridge,revenue_only,22,2024-10,2.030244,1.6974085651931503
2022-12,validation,24,Ridge,revenue_only,23,2024-11,2.260922,1.6780748700410617
2022-12,validation,24,Ridge,revenue_only,24,2024-12,2.018859,1.6857112439763438
2022-12,validation,24,GradientBoosting,revenue_only,1,2023-01,1.083168,1.4812109287631543
2022-12,validation,24,GradientBoosting,revenue_only,2,2023-02,1.255319,1.3488514813146195
2022-12,validation,24,GradientBoosting,revenue_only,3,2023-03,1.314268,1.5923031668524406
2022-12,validation,24,GradientBoosting,revenue_only,4,2023-04,1.202371,1.5996317752496831
2022-12,validation,24,GradientBoosting,revenue_only,5,2023-05,1.347897,1.5996317752496831
2022-12,validation,24,GradientBoosting,revenue_only,6,2023-06,1.206388,1.5327367019903306
2022-12,validation,24,GradientBoosting,revenue_only,7,2023-07,1.296055,1.5424409644106878
2022-12,validation,24,GradientBoosting,revenue_only,8,2023-08,1.382764,1.5112111765594398
2022-12,validation,24,GradientBoosting,revenue_only,9,2023-09,1.499206,1.4885763859524055
2022-12,validation,24,GradientBoosting,revenue_only,10,2023-10,1.40599,1.4028196070695416
2022-12,validation,24,GradientBoosting,revenue_only,11,2023-11,1.574501,1.4728375315737408
2022-12,validation,24,GradientBoosting,revenue_only,12,2023-12,1.434115,1.4396820476606245
2022-12,validation,24,GradientBoosting,revenue_only,13,2024-01,1.496705,1.4812109287631543
2022-12,validation,24,GradientBoosting,revenue_only,14,2024-02,1.185857,1.3488514813146195
2022-12,validation,24,GradientBoosting,revenue_only,15,2024-03,1.750773,1.593069656142483
2022-12,validation,24,GradientBoosting,revenue_only,16,2024-04,1.822102,1.6053451345256553
2022-12,validation,24,GradientBoosting,revenue_only,17,2024-05,1.940296,1.6093026055202342
2022-12,validation,24,GradientBoosting,revenue_only,18,2024-06,1.942367,1.542667690670557
2022-12,validation,24,GradientBoosting,revenue_only,19,2024-07,2.140634,1.5524348294610837
2022-12,validation,24,GradientBoosting,revenue_only,20,2024-08,2.211638,1.521002695917171
2022-12,validation,24,GradientBoosting,revenue_only,21,2024-09,2.269814,1.498221248778062
2022-12,validation,24,GradientBoosting,revenue_only,22,2024-10,2.030244,1.4119088300392248
2022-12,validation,24,GradientBoosting,revenue_only,23,2024-11,2.260922,1.4823804183819431
2022-12,validation,24,GradientBoosting,revenue_only,24,2024-12,2.018859,1.4490101117044203
2022-12,validation,24,Ridge,quarterly_expanded,1,2023-01,1.083168,1.4110971618468835
2022-12,validation,24,Ridge,quarterly_expanded,2,2023-02,1.255319,1.4509048852108404
2022-12,validation,24,Ridge,quarterly_expanded,3,2023-03,1.314268,1.4971880716668644
2022-12,validation,24,Ridge,quarterly_expanded,4,2023-04,1.202371,1.5380256054608088
2022-12,validation,24,Ridge,quarterly_expanded,5,2023-05,1.347897,1.5621312597556234
2022-12,validation,24,Ridge,quarterly_expanded,6,2023-06,1.206388,1.5627051691494336
2022-12,validation,24,Ridge,quarterly_expanded,7,2023-07,1.296055,1.540096498591604
2022-12,validation,24,Ridge,quarterly_expanded,8,2023-08,1.382764,1.501670310655261
2022-12,validation,24,Ridge,quarterly_expanded,9,2023-09,1.499206,1.4589683298665377
2022-12,validation,24,Ridge,quarterly_expanded,10,2023-10,1.40599,1.4238601742274692
2022-12,validation,24,Ridge,quarterly_expanded,11,2023-11,1.574501,1.4054715894117609
2022-12,validation,24,Ridge,quarterly_expanded,12,2023-12,1.434115,1.408546637096372
2022-12,validation,24,Ridge,quarterly_expanded,13,2024-01,1.496705,1.4328773969224378
2022-12,validation,24,Ridge,quarterly_expanded,14,2024-02,1.185857,1.4732995510967826
2022-12,validation,24,Ridge,quarterly_expanded,15,2024-03,1.750773,1.5202971169083277
2022-12,validation,24,Ridge,quarterly_expanded,16,2024-04,1.822102,1.5617649766004362
2022-12,validation,24,Ridge,quarterly_expanded,17,2024-05,1.940296,1.5862427008216788
2022-12,validation,24,Ridge,quarterly_expanded,18,2024-06,1.942367,1.5868254684868026
2022-12,validation,24,Ridge,quarterly_expanded,19,2024-07,2.140634,1.5638678338938878
2022-12,validation,24,Ridge,quarterly_expanded,20,2024-08,2.211638,1.5248485390979036
2022-12,validation,24,Ridge,quarterly_expanded,21,2024-09,2.269814,1.4814874547372103
2022-12,validation,24,Ridge,quarterly_expanded,22,2024-10,2.030244,1.4458374059503398
2022-12,validation,24,Ridge,quarterly_expanded,23,2024-11,2.260922,1.4271649939745876
2022-12,validation,24,Ridge,quarterly_expanded,24,2024-12,2.018859,1.430287504912085
2022-12,validation,24,GradientBoosting,quarterly_expanded,1,2023-01,1.083168,1.445843071536096
2022-12,validation,24,GradientBoosting,quarterly_expanded,2,2023-02,1.255319,1.3289186195387552
2022-12,validation,24,GradientBoosting,quarterly_expanded,3,2023-03,1.314268,1.5607761640227693
2022-12,validation,24,GradientBoosting,quarterly_expanded,4,2023-04,1.202371,1.5744862253243774
2022-12,validation,24,GradientBoosting,quarterly_expanded,5,2023-05,1.347897,1.5744862253243774
2022-12,validation,24,GradientBoosting,quarterly_expanded,6,2023-06,1.206388,1.494347530736739
2022-12,validation,24,GradientBoosting,quarterly_expanded,7,2023-07,1.296055,1.5220048026670616
2022-12,validation,24,GradientBoosting,quarterly_expanded,8,2023-08,1.382764,1.511844060354802
2022-12,validation,24,GradientBoosting,quarterly_expanded,9,2023-09,1.499206,1.4841730907598565
2022-12,validation,24,GradientBoosting,quarterly_expanded,10,2023-10,1.40599,1.391479252673405
2022-12,validation,24,GradientBoosting,quarterly_expanded,11,2023-11,1.574501,1.4313155972429836
2022-12,validation,24,GradientBoosting,quarterly_expanded,12,2023-12,1.434115,1.4253572067380025
2022-12,validation,24,GradientBoosting,quarterly_expanded,13,2024-01,1.496705,1.4408516385474588
2022-12,validation,24,GradientBoosting,quarterly_expanded,14,2024-02,1.185857,1.3243308407075902
2022-12,validation,24,GradientBoosting,quarterly_expanded,15,2024-03,1.750773,1.5553879515767914
2022-12,validation,24,GradientBoosting,quarterly_expanded,16,2024-04,1.822102,1.5445936629239918
2022-12,validation,24,GradientBoosting,quarterly_expanded,17,2024-05,1.940296,1.5532611349019283
2022-12,validation,24,GradientBoosting,quarterly_expanded,18,2024-06,1.942367,1.4748325674530085
2022-12,validation,24,GradientBoosting,quarterly_expanded,19,2024-07,2.140634,1.5021286579077051
2022-12,validation,24,GradientBoosting,quarterly_expanded,20,2024-08,2.211638,1.5015944883583094
2022-12,validation,24,GradientBoosting,quarterly_expanded,21,2024-09,2.269814,1.492294020850213
2022-12,validation,24,GradientBoosting,quarterly_expanded,22,2024-10,2.030244,1.402582275973668
2022-12,validation,24,GradientBoosting,quarterly_expanded,23,2024-11,2.260922,1.4427364864841896
2022-12,validation,24,GradientBoosting,quarterly_expanded,24,2024-12,2.018859,1.4367305522242573
2022-12,validation,24,Ridge,peer_fx,1,2023-01,1.083168,1.4725328040441237
2022-12,validation,24,Ridge,peer_fx,2,2023-02,1.255319,1.5145392513501792
2022-12,validation,24,Ridge,peer_fx,3,2023-03,1.314268,1.5630511868554908
2022-12,validation,24,Ridge,peer_fx,4,2023-04,1.202371,1.605611310585659
2022-12,validation,24,Ridge,peer_fx,5,2023-05,1.347897,1.630505783712209
2022-12,validation,24,Ridge,peer_fx,6,2023-06,1.206388,1.630778345659146
2022-12,validation,24,Ridge,peer_fx,7,2023-07,1.296055,1.606960205867672
2022-12,validation,24,Ridge,peer_fx,8,2023-08,1.382764,1.5668644423219118
2022-12,validation,24,Ridge,peer_fx,9,2023-09,1.499206,1.5225817329455245
2022-12,validation,24,Ridge,peer_fx,10,2023-10,1.40599,1.4864669386253897
2022-12,validation,24,Ridge,peer_fx,11,2023-11,1.574501,1.4679632621885983
2022-12,validation,24,Ridge,peer_fx,12,2023-12,1.434115,1.471920832440719
2022-12,validation,24,Ridge,peer_fx,13,2024-01,1.496705,1.4980148662684734
2022-12,validation,24,Ridge,peer_fx,14,2024-02,1.185857,1.5407482317804506
2022-12,validation,24,Ridge,peer_fx,15,2024-03,1.750773,1.5900996624438837
2022-12,validation,24,Ridge,peer_fx,16,2024-04,1.822102,1.633396285706144
2022-12,validation,24,Ridge,peer_fx,17,2024-05,1.940296,1.6587215556961052
2022-12,validation,24,Ridge,peer_fx,18,2024-06,1.942367,1.6589988343057018
2022-12,validation,24,Ridge,peer_fx,19,2024-07,2.140634,1.6347685235129656
2022-12,validation,24,Ridge,peer_fx,20,2024-08,2.211638,1.59397890599071
2022-12,validation,24,Ridge,peer_fx,21,2024-09,2.269814,1.548929887875602
2022-12,validation,24,Ridge,peer_fx,22,2024-10,2.030244,1.512190129932546
2022-12,validation,24,Ridge,peer_fx,23,2024-11,2.260922,1.4933662488571575
2022-12,validation,24,Ridge,peer_fx,24,2024-12,2.018859,1.4973923045454904
2022-12,validation,24,GradientBoosting,peer_fx,1,2023-01,1.083168,1.4886212291746888
2022-12,validation,24,GradientBoosting,peer_fx,2,2023-02,1.255319,1.3585638066912216
2022-12,validation,24,GradientBoosting,peer_fx,3,2023-03,1.314268,1.5994649158404823
2022-12,validation,24,GradientBoosting,peer_fx,4,2023-04,1.202371,1.6151537169523549
2022-12,validation,24,GradientBoosting,peer_fx,5,2023-05,1.347897,1.6151537169523549
2022-12,validation,24,GradientBoosting,peer_fx,6,2023-06,1.206388,1.5369695077280665
2022-12,validation,24,GradientBoosting,peer_fx,7,2023-07,1.296055,1.5455793575646677
2022-12,validation,24,GradientBoosting,peer_fx,8,2023-08,1.382764,1.5140881594586462
2022-12,validation,24,GradientBoosting,peer_fx,9,2023-09,1.499206,1.4847379741515012
2022-12,validation,24,GradientBoosting,peer_fx,10,2023-10,1.40599,1.4001877941638936
2022-12,validation,24,GradientBoosting,peer_fx,11,2023-11,1.574501,1.4688074211946738
2022-12,validation,24,GradientBoosting,peer_fx,12,2023-12,1.434115,1.4360224440172098
2022-12,validation,24,GradientBoosting,peer_fx,13,2024-01,1.496705,1.4886212291746888
2022-12,validation,24,GradientBoosting,peer_fx,14,2024-02,1.185857,1.3585638066912216
2022-12,validation,24,GradientBoosting,peer_fx,15,2024-03,1.750773,1.5994649158404823
2022-12,validation,24,GradientBoosting,peer_fx,16,2024-04,1.822102,1.6193620100839052
2022-12,validation,24,GradientBoosting,peer_fx,17,2024-05,1.940296,1.6244807145195077
2022-12,validation,24,GradientBoosting,peer_fx,18,2024-06,1.942367,1.5472369997662492
2022-12,validation,24,GradientBoosting,peer_fx,19,2024-07,2.140634,1.5559043664008108
2022-12,validation,24,GradientBoosting,peer_fx,20,2024-08,2.211638,1.5242027961148592
2022-12,validation,24,GradientBoosting,peer_fx,21,2024-09,2.269814,1.4946565413395532
2022-12,validation,24,GradientBoosting,peer_fx,22,2024-10,2.030244,1.4095415366787918
2022-12,validation,24,GradientBoosting,peer_fx,23,2024-11,2.260922,1.4786195667362156
2022-12,validation,24,GradientBoosting,peer_fx,24,2024-12,2.018859,1.4456155744836647
2022-12,validation,24,Ridge,all,1,2023-01,1.083168,1.4290554594614473
2022-12,validation,24,Ridge,all,2,2023-02,1.255319,1.4690160341662095
2022-12,validation,24,Ridge,all,3,2023-03,1.314268,1.5155364416410888
2022-12,validation,24,Ridge,all,4,2023-04,1.202371,1.5566246803874424
2022-12,validation,24,Ridge,all,5,2023-05,1.347897,1.5809185339867209
2022-12,validation,24,Ridge,all,6,2023-06,1.206388,1.5815549450839486
2022-12,validation,24,Ridge,all,7,2023-07,1.296055,1.5588514588206237
2022-12,validation,24,Ridge,all,8,2023-08,1.382764,1.5201859580921058
2022-12,validation,24,Ridge,all,9,2023-09,1.499206,1.4771558023238158
2022-12,validation,24,Ridge,all,10,2023-10,1.40599,1.4417109997895858
2022-12,validation,24,Ridge,all,11,2023-11,1.574501,1.4230562549688048
2022-12,validation,24,Ridge,all,12,2023-12,1.434115,1.425990757606588
2022-12,validation,24,Ridge,all,13,2024-01,1.496705,1.4503262148244065
2022-12,validation,24,Ridge,all,14,2024-02,1.185857,1.490881582126671
2022-12,validation,24,Ridge,all,15,2024-03,1.750773,1.5380944219352517
2022-12,validation,24,Ridge,all,16,2024-04,1.822102,1.5797942379782606
2022-12,validation,24,Ridge,all,17,2024-05,1.940296,1.6044496930908412
2022-12,validation,24,Ridge,all,18,2024-06,1.942367,1.6050955768398611
2022-12,validation,24,Ridge,all,19,2024-07,2.140634,1.582054160862895
2022-12,validation,24,Ridge,all,20,2024-08,2.211638,1.5428131440467845
2022-12,validation,24,Ridge,all,21,2024-09,2.269814,1.49914250654595
2022-12,validation,24,Ridge,all,22,2024-10,2.030244,1.4631701263599206
2022-12,validation,24,Ridge,all,23,2024-11,2.260922,1.4442377152590704
2022-12,validation,24,Ridge,all,24,2024-12,2.018859,1.4472158964590165
2022-12,validation,24,GradientBoosting,all,1,2023-01,1.083168,1.445843071536096
2022-12,validation,24,GradientBoosting,all,2,2023-02,1.255319,1.3289186195387552
2022-12,validation,24,GradientBoosting,all,3,2023-03,1.314268,1.5607761640227693
2022-12,validation,24,GradientBoosting,all,4,2023-04,1.202371,1.5744862253243774
2022-12,validation,24,GradientBoosting,all,5,2023-05,1.347897,1.5744862253243774
2022-12,validation,24,GradientBoosting,all,6,2023-06,1.206388,1.494347530736739
2022-12,validation,24,GradientBoosting,all,7,2023-07,1.296055,1.5220048026670616
2022-12,validation,24,GradientBoosting,all,8,2023-08,1.382764,1.511844060354802
2022-12,validation,24,GradientBoosting,all,9,2023-09,1.499206,1.4841730907598565
2022-12,validation,24,GradientBoosting,all,10,2023-10,1.40599,1.391479252673405
2022-12,validation,24,GradientBoosting,all,11,2023-11,1.574501,1.4313155972429836
2022-12,validation,24,GradientBoosting,all,12,2023-12,1.434115,1.4253572067380025
2022-12,validation,24,GradientBoosting,all,13,2024-01,1.496705,1.4408516385474588
2022-12,validation,24,GradientBoosting,all,14,2024-02,1.185857,1.3243308407075902
2022-12,validation,24,GradientBoosting,all,15,2024-03,1.750773,1.5553879515767914
2022-12,validation,24,GradientBoosting,all,16,2024-04,1.822102,1.5445936629239918
2022-12,validation,24,GradientBoosting,all,17,2024-05,1.940296,1.5532611349019283
2022-12,validation,24,GradientBoosting,all,18,2024-06,1.942367,1.4748325674530085
2022-12,validation,24,GradientBoosting,all,19,2024-07,2.140634,1.5021286579077051
2022-12,validation,24,GradientBoosting,all,20,2024-08,2.211638,1.5015944883583094
2022-12,validation,24,GradientBoosting,all,21,2024-09,2.269814,1.492294020850213
2022-12,validation,24,GradientBoosting,all,22,2024-10,2.030244,1.402582275973668
2022-12,validation,24,GradientBoosting,all,23,2024-11,2.260922,1.4427364864841896
2022-12,validation,24,GradientBoosting,all,24,2024-12,2.018859,1.4367305522242573
2023-03,validation,24,HW_Damped_Add,revenue_only,1,2023-04,1.202371,1.3438539884910126
2023-03,validation,24,HW_Damped_Add,revenue_only,2,2023-05,1.347897,1.321033369326941
2023-03,validation,24,HW_Damped_Add,revenue_only,3,2023-06,1.206388,1.2408096944737528
2023-03,validation,24,HW_Damped_Add,revenue_only,4,2023-07,1.296055,1.3187722597998257
2023-03,validation,24,HW_Damped_Add,revenue_only,5,2023-08,1.382764,1.3358302671452214
2023-03,validation,24,HW_Damped_Add,revenue_only,6,2023-09,1.499206,1.2701629033104136
2023-03,validation,24,HW_Damped_Add,revenue_only,7,2023-10,1.40599,1.215067451082254
2023-03,validation,24,HW_Damped_Add,revenue_only,8,2023-11,1.574501,1.282510054704944
2023-03,validation,24,HW_Damped_Add,revenue_only,9,2023-12,1.434115,1.270996047108971
2023-03,validation,24,HW_Damped_Add,revenue_only,10,2024-01,1.496705,1.2831297424998682
2023-03,validation,24,HW_Damped_Add,revenue_only,11,2024-02,1.185857,1.1076911099347908
2023-03,validation,24,HW_Damped_Add,revenue_only,12,2024-03,1.750773,1.3524003927363073
2023-03,validation,24,HW_Damped_Add,revenue_only,13,2024-04,1.822102,1.3551857439284731
2023-03,validation,24,HW_Damped_Add,revenue_only,14,2024-05,1.940296,1.3322032145827118
2023-03,validation,24,HW_Damped_Add,revenue_only,15,2024-06,1.942367,1.2518199429499437
2023-03,validation,24,HW_Damped_Add,revenue_only,16,2024-07,2.140634,1.329625191844236
2023-03,validation,24,HW_Damped_Add,revenue_only,17,2024-08,2.211638,1.3465281305236272
2023-03,validation,24,HW_Damped_Add,revenue_only,18,2024-09,2.269814,1.280707913672105
2023-03,validation,24,HW_Damped_Add,revenue_only,19,2024-10,2.030244,1.22546179241892
2023-03,validation,24,HW_Damped_Add,revenue_only,20,2024-11,2.260922,1.292755879803005
2023-03,validation,24,HW_Damped_Add,revenue_only,21,2024-12,2.018859,1.2810954779954429
2023-03,validation,24,HW_Damped_Add,revenue_only,22,2025-01,2.021128,1.2930848708818592
2023-03,validation,24,HW_Damped_Add,revenue_only,23,2025-02,2.153377,1.1175039976327172
2023-03,validation,24,HW_Damped_Add,revenue_only,24,2025-03,2.194287,1.3620730721109215
2023-03,validation,24,Ridge,revenue_only,1,2023-04,1.202371,1.671125102499214
2023-03,validation,24,Ridge,revenue_only,2,2023-05,1.347897,1.7171821294222755
2023-03,validation,24,Ridge,revenue_only,3,2023-06,1.206388,1.7366111487005176
2023-03,validation,24,Ridge,revenue_only,4,2023-07,1.296055,1.7238731471647295
2023-03,validation,24,Ridge,revenue_only,5,2023-08,1.382764,1.6835582852155615
2023-03,validation,24,Ridge,revenue_only,6,2023-09,1.499206,1.6284402237274027
2023-03,validation,24,Ridge,revenue_only,7,2023-10,1.40599,1.5745512117998228
2023-03,validation,24,Ridge,revenue_only,8,2023-11,1.574501,1.5361940464284154
2023-03,validation,24,Ridge,revenue_only,9,2023-12,1.434115,1.5228479304007567
2023-03,validation,24,Ridge,revenue_only,10,2024-01,1.496705,1.53797934127211
2023-03,validation,24,Ridge,revenue_only,11,2024-02,1.185857,1.5787898825021185
2023-03,validation,24,Ridge,revenue_only,12,2024-03,1.750773,1.6363543454605782
2023-03,validation,24,Ridge,revenue_only,13,2024-04,1.822102,1.696637529158666
2023-03,validation,24,Ridge,revenue_only,14,2024-05,1.940296,1.7433976910653202
2023-03,validation,24,Ridge,revenue_only,15,2024-06,1.942367,1.7631233257367842
2023-03,validation,24,Ridge,revenue_only,16,2024-07,2.140634,1.7501908580120298
2023-03,validation,24,Ridge,revenue_only,17,2024-08,2.211638,1.7092605245118533
2023-03,validation,24,Ridge,revenue_only,18,2024-09,2.269814,1.653300996697071
2023-03,validation,24,Ridge,revenue_only,19,2024-10,2.030244,1.5985892818716074
2023-03,validation,24,Ridge,revenue_only,20,2024-11,2.260922,1.559646532352766
2023-03,validation,24,Ridge,revenue_only,21,2024-12,2.018859,1.546096666285188
2023-03,validation,24,Ridge,revenue_only,22,2025-01,2.021128,1.5614590826088153
2023-03,validation,24,Ridge,revenue_only,23,2025-02,2.153377,1.6028926627354965
2023-03,validation,24,Ridge,revenue_only,24,2025-03,2.194287,1.6613359402945045
2023-03,validation,24,GradientBoosting,revenue_only,1,2023-04,1.202371,1.5240286863125294
2023-03,validation,24,GradientBoosting,revenue_only,2,2023-05,1.347897,1.5240286863125294
2023-03,validation,24,GradientBoosting,revenue_only,3,2023-06,1.206388,1.4987914330093313
2023-03,validation,24,GradientBoosting,revenue_only,4,2023-07,1.296055,1.528242350431009
2023-03,validation,24,GradientBoosting,revenue_only,5,2023-08,1.382764,1.520331581995894
2023-03,validation,24,GradientBoosting,revenue_only,6,2023-09,1.499206,1.402715550255556
2023-03,validation,24,GradientBoosting,revenue_only,7,2023-10,1.40599,1.3297283873944834
2023-03,validation,24,GradientBoosting,revenue_only,8,2023-11,1.574501,1.3741903745464263
2023-03,validation,24,GradientBoosting,revenue_only,9,2023-12,1.434115,1.359767751274925
2023-03,validation,24,GradientBoosting,revenue_only,10,2024-01,1.496705,1.3302873328486493
2023-03,validation,24,GradientBoosting,revenue_only,11,2024-02,1.185857,1.210710506070029
2023-03,validation,24,GradientBoosting,revenue_only,12,2024-03,1.750773,1.4042285055483996
2023-03,validation,24,GradientBoosting,revenue_only,13,2024-04,1.822102,1.5240286863125294
2023-03,validation,24,GradientBoosting,revenue_only,14,2024-05,1.940296,1.5240286863125294
2023-03,validation,24,GradientBoosting,revenue_only,15,2024-06,1.942367,1.4987914330093313
2023-03,validation,24,GradientBoosting,revenue_only,16,2024-07,2.140634,1.528242350431009
2023-03,validation,24,GradientBoosting,revenue_only,17,2024-08,2.211638,1.520331581995894
2023-03,validation,24,GradientBoosting,revenue_only,18,2024-09,2.269814,1.402715550255556
2023-03,validation,24,GradientBoosting,revenue_only,19,2024-10,2.030244,1.3297283873944834
2023-03,validation,24,GradientBoosting,revenue_only,20,2024-11,2.260922,1.3741903745464263
2023-03,validation,24,GradientBoosting,revenue_only,21,2024-12,2.018859,1.359767751274925
2023-03,validation,24,GradientBoosting,revenue_only,22,2025-01,2.021128,1.3302873328486493
2023-03,validation,24,GradientBoosting,revenue_only,23,2025-02,2.153377,1.210710506070029
2023-03,validation,24,GradientBoosting,revenue_only,24,2025-03,2.194287,1.4042285055483996
2023-03,validation,24,Ridge,quarterly_expanded,1,2023-04,1.202371,1.3208340653922523
2023-03,validation,24,Ridge,quarterly_expanded,2,2023-05,1.347897,1.3510975174374724
2023-03,validation,24,Ridge,quarterly_expanded,3,2023-06,1.206388,1.3613677398229913
2023-03,validation,24,Ridge,quarterly_expanded,4,2023-07,1.296055,1.3483542708865637
2023-03,validation,24,Ridge,quarterly_expanded,5,2023-08,1.382764,1.3160149037451894
2023-03,validation,24,Ridge,quarterly_expanded,6,2023-09,1.499206,1.2739182925503796
2023-03,validation,24,Ridge,quarterly_expanded,7,2023-10,1.40599,1.233673534790477
2023-03,validation,24,Ridge,quarterly_expanded,8,2023-11,1.574501,1.205433051223762
2023-03,validation,24,Ridge,quarterly_expanded,9,2023-12,1.434115,1.1957368615597237
2023-03,validation,24,Ridge,quarterly_expanded,10,2024-01,1.496705,1.2066695098934583
2023-03,validation,24,Ridge,quarterly_expanded,11,2024-02,1.185857,1.2356993783400383
2023-03,validation,24,Ridge,quarterly_expanded,12,2024-03,1.750773,1.2758903232914305
2023-03,validation,24,Ridge,quarterly_expanded,13,2024-04,1.822102,1.3168489168701576
2023-03,validation,24,Ridge,quarterly_expanded,14,2024-05,1.940296,1.3470210596780168
2023-03,validation,24,Ridge,quarterly_expanded,15,2024-06,1.942367,1.3572602953085495
2023-03,validation,24,Ridge,quarterly_expanded,16,2024-07,2.140634,1.3442860899010225
2023-03,validation,24,Ridge,quarterly_expanded,17,2024-08,2.211638,1.3120442953348457
2023-03,validation,24,Ridge,quarterly_expanded,18,2024-09,2.269814,1.2700746957399665
2023-03,validation,24,Ridge,quarterly_expanded,19,2024-10,2.030244,1.229951362268785
2023-03,validation,24,Ridge,quarterly_expanded,20,2024-11,2.260922,1.2017960843492428
2023-03,validation,24,Ridge,quarterly_expanded,21,2024-12,2.018859,1.1921291494999624
2023-03,validation,24,Ridge,quarterly_expanded,22,2025-01,2.021128,1.20302881244326
2023-03,validation,24,Ridge,quarterly_expanded,23,2025-02,2.153377,1.23197109355365
2023-03,validation,24,Ridge,quarterly_expanded,24,2025-03,2.194287,1.2720407765773925
2023-03,validation,24,GradientBoosting,quarterly_expanded,1,2023-04,1.202371,1.4261437671720878
2023-03,validation,24,GradientBoosting,quarterly_expanded,2,2023-05,1.347897,1.4261437671720878
2023-03,validation,24,GradientBoosting,quarterly_expanded,3,2023-06,1.206388,1.4626611874471027
2023-03,validation,24,GradientBoosting,quarterly_expanded,4,2023-07,1.296055,1.4869739859925253
2023-03,validation,24,GradientBoosting,quarterly_expanded,5,2023-08,1.382764,1.4965865209305993
2023-03,validation,24,GradientBoosting,quarterly_expanded,6,2023-09,1.499206,1.4484324148739185
2023-03,validation,24,GradientBoosting,quarterly_expanded,7,2023-10,1.40599,1.3766548404980068
2023-03,validation,24,GradientBoosting,quarterly_expanded,8,2023-11,1.574501,1.3860510203989058
2023-03,validation,24,GradientBoosting,quarterly_expanded,9,2023-12,1.434115,1.3634906671201403
2023-03,validation,24,GradientBoosting,quarterly_expanded,10,2024-01,1.496705,1.2944322380096107
2023-03,validation,24,GradientBoosting,quarterly_expanded,11,2024-02,1.185857,1.19631893238328
2023-03,validation,24,GradientBoosting,quarterly_expanded,12,2024-03,1.750773,1.3609638511476103
2023-03,validation,24,GradientBoosting,quarterly_expanded,13,2024-04,1.822102,1.4081468331044271
2023-03,validation,24,GradientBoosting,quarterly_expanded,14,2024-05,1.940296,1.4081468331044271
2023-03,validation,24,GradientBoosting,quarterly_expanded,15,2024-06,1.942367,1.4325814181050476
2023-03,validation,24,GradientBoosting,quarterly_expanded,16,2024-07,2.140634,1.4545159633427456
2023-03,validation,24,GradientBoosting,quarterly_expanded,17,2024-08,2.211638,1.4545159633427456
2023-03,validation,24,GradientBoosting,quarterly_expanded,18,2024-09,2.269814,1.4109174660397237
2023-03,validation,24,GradientBoosting,quarterly_expanded,19,2024-10,2.030244,1.3423270653907082
2023-03,validation,24,GradientBoosting,quarterly_expanded,20,2024-11,2.260922,1.3649309932003475
2023-03,validation,24,GradientBoosting,quarterly_expanded,21,2024-12,2.018859,1.360074404183537
2023-03,validation,24,GradientBoosting,quarterly_expanded,22,2025-01,2.021128,1.302522920747806
2023-03,validation,24,GradientBoosting,quarterly_expanded,23,2025-02,2.153377,1.2184016188176578
2023-03,validation,24,GradientBoosting,quarterly_expanded,24,2025-03,2.194287,1.386085695465115
2023-03,validation,24,Ridge,peer_fx,1,2023-04,1.202371,1.480582443766666
2023-03,validation,24,Ridge,peer_fx,2,2023-05,1.347897,1.5152279423513348
2023-03,validation,24,Ridge,peer_fx,3,2023-06,1.206388,1.527503528138864
2023-03,validation,24,Ridge,peer_fx,4,2023-07,1.296055,1.513568536889292
2023-03,validation,24,Ridge,peer_fx,5,2023-08,1.382764,1.4777458696802233
2023-03,validation,24,Ridge,peer_fx,6,2023-09,1.499206,1.430731738350014
2023-03,validation,24,Ridge,peer_fx,7,2023-10,1.40599,1.385592697577971
2023-03,validation,24,Ridge,peer_fx,8,2023-11,1.574501,1.3538113064893331
2023-03,validation,24,Ridge,peer_fx,9,2023-12,1.434115,1.34283240050514
2023-03,validation,24,Ridge,peer_fx,10,2024-01,1.496705,1.3550953920333533
2023-03,validation,24,Ridge,peer_fx,11,2024-02,1.185857,1.3878423371201607
2023-03,validation,24,Ridge,peer_fx,12,2024-03,1.750773,1.4333412541605552
2023-03,validation,24,Ridge,peer_fx,13,2024-04,1.822102,1.479926519352121
2023-03,validation,24,Ridge,peer_fx,14,2024-05,1.940296,1.5145566693633472
2023-03,validation,24,Ridge,peer_fx,15,2024-06,1.942367,1.5268268168475552
2023-03,validation,24,Ridge,peer_fx,16,2024-07,2.140634,1.512897999047503
2023-03,validation,24,Ridge,peer_fx,17,2024-08,2.211638,1.4770912019185614
2023-03,validation,24,Ridge,peer_fx,18,2024-09,2.269814,1.4300978986865769
2023-03,validation,24,Ridge,peer_fx,19,2024-10,2.030244,1.3849788553142164
2023-03,validation,24,Ridge,peer_fx,20,2024-11,2.260922,1.3532115439483463
2023-03,validation,24,Ridge,peer_fx,21,2024-12,2.018859,1.3422375018152075
2023-03,validation,24,Ridge,peer_fx,22,2025-01,2.021128,1.3544950606195811
2023-03,validation,24,Ridge,peer_fx,23,2025-02,2.153377,1.3872274982259882
2023-03,validation,24,Ridge,peer_fx,24,2025-03,2.194287,1.432706258435098
2023-03,validation,24,GradientBoosting,peer_fx,1,2023-04,1.202371,1.549089897856736
2023-03,validation,24,GradientBoosting,peer_fx,2,2023-05,1.347897,1.549089897856736
2023-03,validation,24,GradientBoosting,peer_fx,3,2023-06,1.206388,1.5044778072088925
2023-03,validation,24,GradientBoosting,peer_fx,4,2023-07,1.296055,1.5261197489197178
2023-03,validation,24,GradientBoosting,peer_fx,5,2023-08,1.382764,1.5146270909989852
2023-03,validation,24,GradientBoosting,peer_fx,6,2023-09,1.499206,1.3917521814492146
2023-03,validation,24,GradientBoosting,peer_fx,7,2023-10,1.40599,1.3193289570198476
2023-03,validation,24,GradientBoosting,peer_fx,8,2023-11,1.574501,1.364538657767003
2023-03,validation,24,GradientBoosting,peer_fx,9,2023-12,1.434115,1.3578843503517657
2023-03,validation,24,GradientBoosting,peer_fx,10,2024-01,1.496705,1.3405562355752745
2023-03,validation,24,GradientBoosting,peer_fx,11,2024-02,1.185857,1.2230501335032415
2023-03,validation,24,GradientBoosting,peer_fx,12,2024-03,1.750773,1.4160031072045172
2023-03,validation,24,GradientBoosting,peer_fx,13,2024-04,1.822102,1.544985427251198
2023-03,validation,24,GradientBoosting,peer_fx,14,2024-05,1.940296,1.544985427251198
2023-03,validation,24,GradientBoosting,peer_fx,15,2024-06,1.942367,1.5004915408566837
2023-03,validation,24,GradientBoosting,peer_fx,16,2024-07,2.140634,1.5220761400506402
2023-03,validation,24,GradientBoosting,peer_fx,17,2024-08,2.211638,1.510613933091263
2023-03,validation,24,GradientBoosting,peer_fx,18,2024-09,2.269814,1.3880645930614424
2023-03,validation,24,GradientBoosting,peer_fx,19,2024-10,2.030244,1.315833261301597
2023-03,validation,24,GradientBoosting,peer_fx,20,2024-11,2.260922,1.3609231743669277
2023-03,validation,24,GradientBoosting,peer_fx,21,2024-12,2.018859,1.3542864982132614
2023-03,validation,24,GradientBoosting,peer_fx,22,2025-01,2.021128,1.3405562355752745
2023-03,validation,24,GradientBoosting,peer_fx,23,2025-02,2.153377,1.2230501335032415
2023-03,validation,24,GradientBoosting,peer_fx,24,2025-03,2.194287,1.4160031072045172
2023-03,validation,24,Ridge,all,1,2023-04,1.202371,1.4064337217658702
2023-03,validation,24,Ridge,all,2,2023-05,1.347897,1.4383566423340222
2023-03,validation,24,Ridge,all,3,2023-06,1.206388,1.4491367894005271
2023-03,validation,24,Ridge,all,4,2023-07,1.296055,1.4353017000303123
2023-03,validation,24,Ridge,all,5,2023-08,1.382764,1.4010343955604363
2023-03,validation,24,Ridge,all,6,2023-09,1.499206,1.356446222057795
2023-03,validation,24,Ridge,all,7,2023-10,1.40599,1.3138102863324286
2023-03,validation,24,Ridge,all,8,2023-11,1.574501,1.283866602782045
2023-03,validation,24,Ridge,all,9,2023-12,1.434115,1.2735372703429129
2023-03,validation,24,Ridge,all,10,2024-01,1.496705,1.2850274305904748
2023-03,validation,24,Ridge,all,11,2024-02,1.185857,1.3156529883623065
2023-03,validation,24,Ridge,all,12,2024-03,1.750773,1.358069919445184
2023-03,validation,24,Ridge,all,13,2024-04,1.822102,1.401285437521976
2023-03,validation,24,Ridge,all,14,2024-05,1.940296,1.4330915034766207
2023-03,validation,24,Ridge,all,15,2024-06,1.942367,1.443832189557208
2023-03,validation,24,Ridge,all,16,2024-07,2.140634,1.4300477438622088
2023-03,validation,24,Ridge,all,17,2024-08,2.211638,1.395905875679129
2023-03,validation,24,Ridge,all,18,2024-09,2.269814,1.351480918250985
2023-03,validation,24,Ridge,all,19,2024-10,2.030244,1.3090010523870854
2023-03,validation,24,Ridge,all,20,2024-11,2.260922,1.279166978405813
2023-03,validation,24,Ridge,all,21,2024-12,2.018859,1.268875456734884
2023-03,validation,24,Ridge,all,22,2025-01,2.021128,1.2803235569763136
2023-03,validation,24,Ridge,all,23,2025-02,2.153377,1.3108370091621535
2023-03,validation,24,Ridge,all,24,2025-03,2.194287,1.3530986720552909
2023-03,validation,24,GradientBoosting,all,1,2023-04,1.202371,1.4261437671720878
2023-03,validation,24,GradientBoosting,all,2,2023-05,1.347897,1.4261437671720878
2023-03,validation,24,GradientBoosting,all,3,2023-06,1.206388,1.4626611874471027
2023-03,validation,24,GradientBoosting,all,4,2023-07,1.296055,1.4869739859925253
2023-03,validation,24,GradientBoosting,all,5,2023-08,1.382764,1.4965865209305993
2023-03,validation,24,GradientBoosting,all,6,2023-09,1.499206,1.4484324148739185
2023-03,validation,24,GradientBoosting,all,7,2023-10,1.40599,1.3766548404980068
2023-03,validation,24,GradientBoosting,all,8,2023-11,1.574501,1.3860510203989058
2023-03,validation,24,GradientBoosting,all,9,2023-12,1.434115,1.3634906671201403
2023-03,validation,24,GradientBoosting,all,10,2024-01,1.496705,1.2944322380096107
2023-03,validation,24,GradientBoosting,all,11,2024-02,1.185857,1.19631893238328
2023-03,validation,24,GradientBoosting,all,12,2024-03,1.750773,1.3609638511476103
2023-03,validation,24,GradientBoosting,all,13,2024-04,1.822102,1.4081468331044271
2023-03,validation,24,GradientBoosting,all,14,2024-05,1.940296,1.4081468331044271
2023-03,validation,24,GradientBoosting,all,15,2024-06,1.942367,1.4325814181050476
2023-03,validation,24,GradientBoosting,all,16,2024-07,2.140634,1.4545159633427456
2023-03,validation,24,GradientBoosting,all,17,2024-08,2.211638,1.4545159633427456
2023-03,validation,24,GradientBoosting,all,18,2024-09,2.269814,1.4109174660397237
2023-03,validation,24,GradientBoosting,all,19,2024-10,2.030244,1.3423270653907082
2023-03,validation,24,GradientBoosting,all,20,2024-11,2.260922,1.3649309932003475
2023-03,validation,24,GradientBoosting,all,21,2024-12,2.018859,1.360074404183537
2023-03,validation,24,GradientBoosting,all,22,2025-01,2.021128,1.302522920747806
2023-03,validation,24,GradientBoosting,all,23,2025-02,2.153377,1.2184016188176578
2023-03,validation,24,GradientBoosting,all,24,2025-03,2.194287,1.386085695465115
2023-06,validation,24,HW_Damped_Add,revenue_only,1,2023-07,1.296055,1.2913899799712307
2023-06,validation,24,HW_Damped_Add,revenue_only,2,2023-08,1.382764,1.3085719008305885
2023-06,validation,24,HW_Damped_Add,revenue_only,3,2023-09,1.499206,1.2430228270545194
2023-06,validation,24,HW_Damped_Add,revenue_only,4,2023-10,1.40599,1.188058934938514
2023-06,validation,24,HW_Damped_Add,revenue_only,5,2023-11,1.574501,1.255629008559517
2023-06,validation,24,HW_Damped_Add,revenue_only,6,2023-12,1.434115,1.244248243428843
2023-06,validation,24,HW_Damped_Add,revenue_only,7,2024-01,1.496705,1.2565480228158623
2023-06,validation,24,HW_Damped_Add,revenue_only,8,2024-02,1.185857,1.0812162187973473
2023-06,validation,24,HW_Damped_Add,revenue_only,9,2024-03,1.750773,1.3260378404966733
2023-06,validation,24,HW_Damped_Add,revenue_only,10,2024-04,1.822102,1.3160761044958944
2023-06,validation,24,HW_Damped_Add,revenue_only,11,2024-05,1.940296,1.3085139215700852
2023-06,validation,24,HW_Damped_Add,revenue_only,12,2024-06,1.942367,1.2226761996174025
2023-06,validation,24,HW_Damped_Add,revenue_only,13,2024-07,2.140634,1.3012387210644871
2023-06,validation,24,HW_Damped_Add,revenue_only,14,2024-08,2.211638,1.318272036851995
2023-06,validation,24,HW_Damped_Add,revenue_only,15,2024-09,2.269814,1.2525766002670389
2023-06,validation,24,HW_Damped_Add,revenue_only,16,2024-10,2.030244,1.1974685537721903
2023-06,validation,24,HW_Damped_Add,revenue_only,17,2024-11,2.260922,1.2648966481219732
2023-06,validation,24,HW_Damped_Add,revenue_only,18,2024-12,2.018859,1.2533760460080732
2023-06,validation,24,HW_Damped_Add,revenue_only,19,2025-01,2.021128,1.2655380983754383
2023-06,validation,24,HW_Damped_Add,revenue_only,20,2025-02,2.153377,1.0900706454641549
2023-06,validation,24,HW_Damped_Add,revenue_only,21,2025-03,2.194287,1.3347586650412857
2023-06,validation,24,HW_Damped_Add,revenue_only,22,2025-04,2.328755,1.3246653428057007
2023-06,validation,24,HW_Damped_Add,revenue_only,23,2025-05,2.098333,1.3169735591152782
2023-06,validation,24,HW_Damped_Add,revenue_only,24,2025-06,2.356699,1.2310081919099358
2023-06,validation,24,Ridge,revenue_only,1,2023-07,1.296055,1.544660592007258
2023-06,validation,24,Ridge,revenue_only,2,2023-08,1.382764,1.5231573769731983
2023-06,validation,24,Ridge,revenue_only,3,2023-09,1.499206,1.4887483310056822
2023-06,validation,24,Ridge,revenue_only,4,2023-10,1.40599,1.4513456572128016
2023-06,validation,24,Ridge,revenue_only,5,2023-11,1.574501,1.4210315285770685
2023-06,validation,24,Ridge,revenue_only,6,2023-12,1.434115,1.4054825435768032
2023-06,validation,24,Ridge,revenue_only,7,2024-01,1.496705,1.4085286528090757
2023-06,validation,24,Ridge,revenue_only,8,2024-02,1.185857,1.4296237074607645
2023-06,validation,24,Ridge,revenue_only,9,2024-03,1.750773,1.4639053532667965
2023-06,validation,24,Ridge,revenue_only,10,2024-04,1.822102,1.5029038454931392
2023-06,validation,24,Ridge,revenue_only,11,2024-05,1.940296,1.5362648945872457
2023-06,validation,24,Ridge,revenue_only,12,2024-06,1.942367,1.554576617835512
2023-06,validation,24,Ridge,revenue_only,13,2024-07,2.140634,1.552528810136434
2023-06,validation,24,Ridge,revenue_only,14,2024-08,2.211638,1.53091606166361
2023-06,validation,24,Ridge,revenue_only,15,2024-09,2.269814,1.4963317423184403
2023-06,validation,24,Ridge,revenue_only,16,2024-10,2.030244,1.458738546156089
2023-06,validation,24,Ridge,revenue_only,17,2024-11,2.260922,1.4282700029015485
2023-06,validation,24,Ridge,revenue_only,18,2024-12,2.018859,1.4126418142197097
2023-06,validation,24,Ridge,revenue_only,19,2025-01,2.021128,1.4157034397744723
2023-06,validation,24,Ridge,revenue_only,20,2025-02,2.153377,1.4369059487706983
2023-06,validation,24,Ridge,revenue_only,21,2025-03,2.194287,1.4713622190012965
2023-06,validation,24,Ridge,revenue_only,22,2025-04,2.328755,1.5105593624039129
2023-06,validation,24,Ridge,revenue_only,23,2025-05,2.098333,1.544090346571555
2023-06,validation,24,Ridge,revenue_only,24,2025-06,2.356699,1.562495346383996
2023-06,validation,24,GradientBoosting,revenue_only,1,2023-07,1.296055,1.415195178208675
2023-06,validation,24,GradientBoosting,revenue_only,2,2023-08,1.382764,1.415195178208675
2023-06,validation,24,GradientBoosting,revenue_only,3,2023-09,1.499206,1.4057152314412524
2023-06,validation,24,GradientBoosting,revenue_only,4,2023-10,1.40599,1.4031872579845217
2023-06,validation,24,GradientBoosting,revenue_only,5,2023-11,1.574501,1.4391849518208386
2023-06,validation,24,GradientBoosting,revenue_only,6,2023-12,1.434115,1.3088707043145391
2023-06,validation,24,GradientBoosting,revenue_only,7,2024-01,1.496705,1.2987327986938917
2023-06,validation,24,GradientBoosting,revenue_only,8,2024-02,1.185857,1.1924943579948564
2023-06,validation,24,GradientBoosting,revenue_only,9,2024-03,1.750773,1.2907880565982583
2023-06,validation,24,GradientBoosting,revenue_only,10,2024-04,1.822102,1.2796461339045464
2023-06,validation,24,GradientBoosting,revenue_only,11,2024-05,1.940296,1.278298306224446
2023-06,validation,24,GradientBoosting,revenue_only,12,2024-06,1.942367,1.2388321769303017
2023-06,validation,24,GradientBoosting,revenue_only,13,2024-07,2.140634,1.3856678975630965
2023-06,validation,24,GradientBoosting,revenue_only,14,2024-08,2.211638,1.3816560321121736
2023-06,validation,24,GradientBoosting,revenue_only,15,2024-09,2.269814,1.3724007535209262
2023-06,validation,24,GradientBoosting,revenue_only,16,2024-10,2.030244,1.369932691285205
2023-06,validation,24,GradientBoosting,revenue_only,17,2024-11,2.260922,1.4050772646959409
2023-06,validation,24,GradientBoosting,revenue_only,18,2024-12,2.018859,1.28014896700654
2023-06,validation,24,GradientBoosting,revenue_only,19,2025-01,2.021128,1.28014896700654
2023-06,validation,24,GradientBoosting,revenue_only,20,2025-02,2.153377,1.1809938408743983
2023-06,validation,24,GradientBoosting,revenue_only,21,2025-03,2.194287,1.2813381417815255
2023-06,validation,24,GradientBoosting,revenue_only,22,2025-04,2.328755,1.2745973033941622
2023-06,validation,24,GradientBoosting,revenue_only,23,2025-05,2.098333,1.2745973033941622
2023-06,validation,24,GradientBoosting,revenue_only,24,2025-06,2.356699,1.2352454387090737
2023-06,validation,24,Ridge,quarterly_expanded,1,2023-07,1.296055,1.2210789284568582
2023-06,validation,24,Ridge,quarterly_expanded,2,2023-08,1.382764,1.1973750811726054
2023-06,validation,24,Ridge,quarterly_expanded,3,2023-09,1.499206,1.165167857885574
2023-06,validation,24,Ridge,quarterly_expanded,4,2023-10,1.40599,1.132977442445368
2023-06,validation,24,Ridge,quarterly_expanded,5,2023-11,1.574501,1.1087111749489242
2023-06,validation,24,Ridge,quarterly_expanded,6,2023-12,1.434115,1.0978150259375334
2023-06,validation,24,Ridge,quarterly_expanded,7,2024-01,1.496705,1.1023830059954671
2023-06,validation,24,Ridge,quarterly_expanded,8,2024-02,1.185857,1.1209208444661911
2023-06,validation,24,Ridge,quarterly_expanded,9,2024-03,1.750773,1.148538558238114
2023-06,validation,24,Ridge,quarterly_expanded,10,2024-04,1.822102,1.177719122669751
2023-06,validation,24,Ridge,quarterly_expanded,11,2024-05,1.940296,1.1999785403537138
2023-06,validation,24,Ridge,quarterly_expanded,12,2024-06,1.942367,1.208346944119671
2023-06,validation,24,Ridge,quarterly_expanded,13,2024-07,2.140634,1.1998231125253922
2023-06,validation,24,Ridge,quarterly_expanded,14,2024-08,2.211638,1.1765318877203257
2023-06,validation,24,Ridge,quarterly_expanded,15,2024-09,2.269814,1.144885308625818
2023-06,validation,24,Ridge,quarterly_expanded,16,2024-10,2.030244,1.1132552447971324
2023-06,validation,24,Ridge,quarterly_expanded,17,2024-11,2.260922,1.0894113900565128
2023-06,validation,24,Ridge,quarterly_expanded,18,2024-12,2.018859,1.078704914728248
2023-06,validation,24,Ridge,quarterly_expanded,19,2025-01,2.021128,1.08319337810546
2023-06,validation,24,Ridge,quarterly_expanded,20,2025-02,2.153377,1.1014085209067086
2023-06,validation,24,Ridge,quarterly_expanded,21,2025-03,2.194287,1.128545481938818
2023-06,validation,24,Ridge,quarterly_expanded,22,2025-04,2.328755,1.1572180884556305
2023-06,validation,24,Ridge,quarterly_expanded,23,2025-05,2.098333,1.1790900274320293
2023-06,validation,24,Ridge,quarterly_expanded,24,2025-06,2.356699,1.1873127590010923
2023-06,validation,24,GradientBoosting,quarterly_expanded,1,2023-07,1.296055,1.4338629015115825
2023-06,validation,24,GradientBoosting,quarterly_expanded,2,2023-08,1.382764,1.4338629015115825
2023-06,validation,24,GradientBoosting,quarterly_expanded,3,2023-09,1.499206,1.4217900866447668
2023-06,validation,24,GradientBoosting,quarterly_expanded,4,2023-10,1.40599,1.3461481195899456
2023-06,validation,24,GradientBoosting,quarterly_expanded,5,2023-11,1.574501,1.3767930054320912
2023-06,validation,24,GradientBoosting,quarterly_expanded,6,2023-12,1.434115,1.2806874305792515
2023-06,validation,24,GradientBoosting,quarterly_expanded,7,2024-01,1.496705,1.2806874305792515
2023-06,validation,24,GradientBoosting,quarterly_expanded,8,2024-02,1.185857,1.228693658724718
2023-06,validation,24,GradientBoosting,quarterly_expanded,9,2024-03,1.750773,1.303971884579702
2023-06,validation,24,GradientBoosting,quarterly_expanded,10,2024-04,1.822102,1.3031037116400317
2023-06,validation,24,GradientBoosting,quarterly_expanded,11,2024-05,1.940296,1.28680280941298
2023-06,validation,24,GradientBoosting,quarterly_expanded,12,2024-06,1.942367,1.216786211233768
2023-06,validation,24,GradientBoosting,quarterly_expanded,13,2024-07,2.140634,1.3714264930490283
2023-06,validation,24,GradientBoosting,quarterly_expanded,14,2024-08,2.211638,1.3714264930490283
2023-06,validation,24,GradientBoosting,quarterly_expanded,15,2024-09,2.269814,1.356054765674244
2023-06,validation,24,GradientBoosting,quarterly_expanded,16,2024-10,2.030244,1.2839100441199345
2023-06,validation,24,GradientBoosting,quarterly_expanded,17,2024-11,2.260922,1.3065052829920565
2023-06,validation,24,GradientBoosting,quarterly_expanded,18,2024-12,2.018859,1.2121054430641602
2023-06,validation,24,GradientBoosting,quarterly_expanded,19,2025-01,2.021128,1.2121054430641602
2023-06,validation,24,GradientBoosting,quarterly_expanded,20,2025-02,2.153377,1.1896963011798607
2023-06,validation,24,GradientBoosting,quarterly_expanded,21,2025-03,2.194287,1.2720181099781391
2023-06,validation,24,GradientBoosting,quarterly_expanded,22,2025-04,2.328755,1.2815009269144575
2023-06,validation,24,GradientBoosting,quarterly_expanded,23,2025-05,2.098333,1.2871954666964105
2023-06,validation,24,GradientBoosting,quarterly_expanded,24,2025-06,2.356699,1.230997058075712
2023-06,validation,24,Ridge,peer_fx,1,2023-07,1.296055,1.3659013869839365
2023-06,validation,24,Ridge,peer_fx,2,2023-08,1.382764,1.3409355387154698
2023-06,validation,24,Ridge,peer_fx,3,2023-09,1.499206,1.306440852918226
2023-06,validation,24,Ridge,peer_fx,4,2023-10,1.40599,1.2716240289205925
2023-06,validation,24,Ridge,peer_fx,5,2023-11,1.574501,1.2451431301340397
2023-06,validation,24,Ridge,peer_fx,6,2023-12,1.434115,1.2330521643871315
2023-06,validation,24,Ridge,peer_fx,7,2024-01,1.496705,1.2377755620577875
2023-06,validation,24,Ridge,peer_fx,8,2024-02,1.185857,1.2578152572365806
2023-06,validation,24,Ridge,peer_fx,9,2024-03,1.750773,1.2879485553214107
2023-06,validation,24,Ridge,peer_fx,10,2024-04,1.822102,1.3200581182782112
2023-06,validation,24,Ridge,peer_fx,11,2024-05,1.940296,1.3449186339539507
2023-06,validation,24,Ridge,peer_fx,12,2024-06,1.942367,1.354869128197649
2023-06,validation,24,Ridge,peer_fx,13,2024-07,2.140634,1.346481535999395
2023-06,validation,24,Ridge,peer_fx,14,2024-08,2.211638,1.321870642384095
2023-06,validation,24,Ridge,peer_fx,15,2024-09,2.269814,1.2878663885201695
2023-06,validation,24,Ridge,peer_fx,16,2024-10,2.030244,1.253544576490627
2023-06,validation,24,Ridge,peer_fx,17,2024-11,2.260922,1.227440172752159
2023-06,validation,24,Ridge,peer_fx,18,2024-12,2.018859,1.215521111620988
2023-06,validation,24,Ridge,peer_fx,19,2025-01,2.021128,1.220177353873413
2023-06,validation,24,Ridge,peer_fx,20,2025-02,2.153377,1.239932132514412
2023-06,validation,24,Ridge,peer_fx,21,2025-03,2.194287,1.269637007168344
2023-06,validation,24,Ridge,peer_fx,22,2025-04,2.328755,1.3012900489342725
2023-06,validation,24,Ridge,peer_fx,23,2025-05,2.098333,1.325797107534397
2023-06,validation,24,Ridge,peer_fx,24,2025-06,2.356699,1.3356061295479065
2023-06,validation,24,GradientBoosting,peer_fx,1,2023-07,1.296055,1.4175875442421857
2023-06,validation,24,GradientBoosting,peer_fx,2,2023-08,1.382764,1.4175875442421857
2023-06,validation,24,GradientBoosting,peer_fx,3,2023-09,1.499206,1.3976743380691357
2023-06,validation,24,GradientBoosting,peer_fx,4,2023-10,1.40599,1.3990719789219612
2023-06,validation,24,GradientBoosting,peer_fx,5,2023-11,1.574501,1.4368146836622764
2023-06,validation,24,GradientBoosting,peer_fx,6,2023-12,1.434115,1.304678668394243
2023-06,validation,24,GradientBoosting,peer_fx,7,2024-01,1.496705,1.2945732323402055
2023-06,validation,24,GradientBoosting,peer_fx,8,2024-02,1.185857,1.1922765951795873
2023-06,validation,24,GradientBoosting,peer_fx,9,2024-03,1.750773,1.2890824884684686
2023-06,validation,24,GradientBoosting,peer_fx,10,2024-04,1.822102,1.2823608546537777
2023-06,validation,24,GradientBoosting,peer_fx,11,2024-05,1.940296,1.2823608546537777
2023-06,validation,24,GradientBoosting,peer_fx,12,2024-06,1.942367,1.2382169143749773
2023-06,validation,24,GradientBoosting,peer_fx,13,2024-07,2.140634,1.3881647184057575
2023-06,validation,24,GradientBoosting,peer_fx,14,2024-08,2.211638,1.3854934173019986
2023-06,validation,24,GradientBoosting,peer_fx,15,2024-09,2.269814,1.3660310453432445
2023-06,validation,24,GradientBoosting,peer_fx,16,2024-10,2.030244,1.3673970436614489
2023-06,validation,24,GradientBoosting,peer_fx,17,2024-11,2.260922,1.4042852550324323
2023-06,validation,24,GradientBoosting,peer_fx,18,2024-12,2.018859,1.279790947063992
2023-06,validation,24,GradientBoosting,peer_fx,19,2025-01,2.021128,1.279790947063992
2023-06,validation,24,GradientBoosting,peer_fx,20,2025-02,2.153377,1.1820023913017308
2023-06,validation,24,GradientBoosting,peer_fx,21,2025-03,2.194287,1.2809748861821038
2023-06,validation,24,GradientBoosting,peer_fx,22,2025-04,2.328755,1.278699750716429
2023-06,validation,24,GradientBoosting,peer_fx,23,2025-05,2.098333,1.278699750716429
2023-06,validation,24,GradientBoosting,peer_fx,24,2025-06,2.356699,1.2358341638510613
2023-06,validation,24,Ridge,all,1,2023-07,1.296055,1.2678769249569746
2023-06,validation,24,Ridge,all,2,2023-08,1.382764,1.243400865454999
2023-06,validation,24,Ridge,all,3,2023-09,1.499206,1.2102073295608902
2023-06,validation,24,Ridge,all,4,2023-10,1.40599,1.1770575001457106
2023-06,validation,24,Ridge,all,5,2023-11,1.574501,1.1520805942972423
2023-06,validation,24,Ridge,all,6,2023-12,1.434115,1.1408727050775145
2023-06,validation,24,Ridge,all,7,2024-01,1.496705,1.1455769184047564
2023-06,validation,24,Ridge,all,8,2024-02,1.185857,1.1646385974523892
2023-06,validation,24,Ridge,all,9,2024-03,1.750773,1.193008552967144
2023-06,validation,24,Ridge,all,10,2024-04,1.822102,1.222944220467056
2023-06,validation,24,Ridge,all,11,2024-05,1.940296,1.2457257975993092
2023-06,validation,24,Ridge,all,12,2024-06,1.942367,1.2542067147420812
2023-06,validation,24,Ridge,all,13,2024-07,2.140634,1.2453259804092476
2023-06,validation,24,Ridge,all,14,2024-08,2.211638,1.2212852614752017
2023-06,validation,24,Ridge,all,15,2024-09,2.269814,1.188682118522676
2023-06,validation,24,Ridge,all,16,2024-10,2.030244,1.1561219046689075
2023-06,validation,24,Ridge,all,17,2024-11,2.260922,1.1315892476332976
2023-06,validation,24,Ridge,all,18,2024-12,2.018859,1.1205807062235311
2023-06,validation,24,Ridge,all,19,2025-01,2.021128,1.1252012486109564
2023-06,validation,24,Ridge,all,20,2025-02,2.153377,1.1439238893349726
2023-06,validation,24,Ridge,all,21,2025-03,2.194287,1.1717892459560637
2023-06,validation,24,Ridge,all,22,2025-04,2.328755,1.201192466209322
2023-06,validation,24,Ridge,all,23,2025-05,2.098333,1.2235688414860109
2023-06,validation,24,Ridge,all,24,2025-06,2.356699,1.231898913788534
2023-06,validation,24,GradientBoosting,all,1,2023-07,1.296055,1.4338629015115825
2023-06,validation,24,GradientBoosting,all,2,2023-08,1.382764,1.4338629015115825
2023-06,validation,24,GradientBoosting,all,3,2023-09,1.499206,1.4217900866447668
2023-06,validation,24,GradientBoosting,all,4,2023-10,1.40599,1.3461481195899456
2023-06,validation,24,GradientBoosting,all,5,2023-11,1.574501,1.3767930054320912
2023-06,validation,24,GradientBoosting,all,6,2023-12,1.434115,1.2806874305792515
2023-06,validation,24,GradientBoosting,all,7,2024-01,1.496705,1.2806874305792515
2023-06,validation,24,GradientBoosting,all,8,2024-02,1.185857,1.228693658724718
2023-06,validation,24,GradientBoosting,all,9,2024-03,1.750773,1.303971884579702
2023-06,validation,24,GradientBoosting,all,10,2024-04,1.822102,1.3031037116400317
2023-06,validation,24,GradientBoosting,all,11,2024-05,1.940296,1.28680280941298
2023-06,validation,24,GradientBoosting,all,12,2024-06,1.942367,1.216786211233768
2023-06,validation,24,GradientBoosting,all,13,2024-07,2.140634,1.3714264930490283
2023-06,validation,24,GradientBoosting,all,14,2024-08,2.211638,1.3714264930490283
2023-06,validation,24,GradientBoosting,all,15,2024-09,2.269814,1.356054765674244
2023-06,validation,24,GradientBoosting,all,16,2024-10,2.030244,1.2839100441199345
2023-06,validation,24,GradientBoosting,all,17,2024-11,2.260922,1.3065052829920565
2023-06,validation,24,GradientBoosting,all,18,2024-12,2.018859,1.2121054430641602
2023-06,validation,24,GradientBoosting,all,19,2025-01,2.021128,1.2121054430641602
2023-06,validation,24,GradientBoosting,all,20,2025-02,2.153377,1.1896963011798607
2023-06,validation,24,GradientBoosting,all,21,2025-03,2.194287,1.2720181099781391
2023-06,validation,24,GradientBoosting,all,22,2025-04,2.328755,1.2815009269144575
2023-06,validation,24,GradientBoosting,all,23,2025-05,2.098333,1.2871954666964105
2023-06,validation,24,GradientBoosting,all,24,2025-06,2.356699,1.230997058075712
2023-09,validation,24,HW_Damped_Add,revenue_only,1,2023-10,1.40599,1.4017915144104132
2023-09,validation,24,HW_Damped_Add,revenue_only,2,2023-11,1.574501,1.46867074491036
2023-09,validation,24,HW_Damped_Add,revenue_only,3,2023-12,1.434115,1.456583678111513
2023-09,validation,24,HW_Damped_Add,revenue_only,4,2024-01,1.496705,1.468074487859851
2023-09,validation,24,HW_Damped_Add,revenue_only,5,2024-02,1.185857,1.292181666287184
2023-09,validation,24,HW_Damped_Add,revenue_only,6,2024-03,1.750773,1.5364259832996852
2023-09,validation,24,HW_Damped_Add,revenue_only,7,2024-04,1.822102,1.525866767445637
2023-09,validation,24,HW_Damped_Add,revenue_only,8,2024-05,1.940296,1.517695053067485
2023-09,validation,24,HW_Damped_Add,revenue_only,9,2024-06,1.942367,1.431234327851841
2023-09,validation,24,HW_Damped_Add,revenue_only,10,2024-07,2.140634,1.5095872783691031
2023-09,validation,24,HW_Damped_Add,revenue_only,11,2024-08,2.211638,1.5322983225613074
2023-09,validation,24,HW_Damped_Add,revenue_only,12,2024-09,2.269814,1.4824984219990631
2023-09,validation,24,HW_Damped_Add,revenue_only,13,2024-10,2.030244,1.422865813524511
2023-09,validation,24,HW_Damped_Add,revenue_only,14,2024-11,2.260922,1.489556958230783
2023-09,validation,24,HW_Damped_Add,revenue_only,15,2024-12,2.018859,1.4772834842832112
2023-09,validation,24,HW_Damped_Add,revenue_only,16,2025-01,2.021128,1.4885895505460538
2023-09,validation,24,HW_Damped_Add,revenue_only,17,2025-02,2.153377,1.3125136343031094
2023-09,validation,24,HW_Damped_Add,revenue_only,18,2025-03,2.194287,1.556576490745058
2023-09,validation,24,HW_Damped_Add,revenue_only,19,2025-04,2.328755,1.5458374338360217
2023-09,validation,24,HW_Damped_Add,revenue_only,20,2025-05,2.098333,1.537487483464449
2023-09,validation,24,HW_Damped_Add,revenue_only,21,2025-06,2.356699,1.4508501129919535
2023-09,validation,24,HW_Damped_Add,revenue_only,22,2025-07,2.667033,1.5290279947917866
2023-09,validation,24,HW_Damped_Add,revenue_only,23,2025-08,2.544064,1.5515655327355424
2023-09,validation,24,HW_Damped_Add,revenue_only,24,2025-09,2.851779,1.501593674448968
2023-09,validation,24,Ridge,revenue_only,1,2023-10,1.40599,1.4338979858586858
2023-09,validation,24,Ridge,revenue_only,2,2023-11,1.574501,1.409039258792524
2023-09,validation,24,Ridge,revenue_only,3,2023-12,1.434115,1.3978967694046356
2023-09,validation,24,Ridge,revenue_only,4,2024-01,1.496705,1.403157333546612
2023-09,validation,24,Ridge,revenue_only,5,2024-02,1.185857,1.42360010120555
2023-09,validation,24,Ridge,revenue_only,6,2024-03,1.750773,1.4542700711289251
2023-09,validation,24,Ridge,revenue_only,7,2024-04,1.822102,1.4873231049068276
2023-09,validation,24,Ridge,revenue_only,8,2024-05,1.940296,1.5137764253481294
2023-09,validation,24,Ridge,revenue_only,9,2024-06,1.942367,1.5260577958056605
2023-09,validation,24,Ridge,revenue_only,10,2024-07,2.140634,1.520550906471955
2023-09,validation,24,Ridge,revenue_only,11,2024-08,2.211638,1.4989273243559194
2023-09,validation,24,Ridge,revenue_only,12,2024-09,2.269814,1.4675225122718034
2023-09,validation,24,Ridge,revenue_only,13,2024-10,2.030244,1.4351119009495
2023-09,validation,24,Ridge,revenue_only,14,2024-11,2.260922,1.4102321288827724
2023-09,validation,24,Ridge,revenue_only,15,2024-12,2.018859,1.3990802064416608
2023-09,validation,24,Ridge,revenue_only,16,2025-01,2.021128,1.4043452240930645
2023-09,validation,24,Ridge,revenue_only,17,2025-02,2.153377,1.4248052982719948
2023-09,validation,24,Ridge,revenue_only,18,2025-03,2.194287,1.4555012329011523
2023-09,validation,24,Ridge,revenue_only,19,2025-04,2.328755,1.488582248848565
2023-09,validation,24,Ridge,revenue_only,20,2025-05,2.098333,1.5150579642476687
2023-09,validation,24,Ridge,revenue_only,21,2025-06,2.356699,1.527349731916913
2023-09,validation,24,Ridge,revenue_only,22,2025-07,2.667033,1.521838180538814
2023-09,validation,24,Ridge,revenue_only,23,2025-08,2.544064,1.5001962922441614
2023-09,validation,24,Ridge,revenue_only,24,2025-09,2.851779,1.468764893348648
2023-09,validation,24,GradientBoosting,revenue_only,1,2023-10,1.40599,1.375163303133344
2023-09,validation,24,GradientBoosting,revenue_only,2,2023-11,1.574501,1.398665849063586
2023-09,validation,24,GradientBoosting,revenue_only,3,2023-12,1.434115,1.3314056567853791
2023-09,validation,24,GradientBoosting,revenue_only,4,2024-01,1.496705,1.3314056567853791
2023-09,validation,24,GradientBoosting,revenue_only,5,2024-02,1.185857,1.2240913590043128
2023-09,validation,24,GradientBoosting,revenue_only,6,2024-03,1.750773,1.329698539294326
2023-09,validation,24,GradientBoosting,revenue_only,7,2024-04,1.822102,1.3325807433862338
2023-09,validation,24,GradientBoosting,revenue_only,8,2024-05,1.940296,1.3266491541319596
2023-09,validation,24,GradientBoosting,revenue_only,9,2024-06,1.942367,1.2634267383721718
2023-09,validation,24,GradientBoosting,revenue_only,10,2024-07,2.140634,1.3570950011271448
2023-09,validation,24,GradientBoosting,revenue_only,11,2024-08,2.211638,1.369902828521252
2023-09,validation,24,GradientBoosting,revenue_only,12,2024-09,2.269814,1.421809820056913
2023-09,validation,24,GradientBoosting,revenue_only,13,2024-10,2.030244,1.3439162782215344
2023-09,validation,24,GradientBoosting,revenue_only,14,2024-11,2.260922,1.364453239726914
2023-09,validation,24,GradientBoosting,revenue_only,15,2024-12,2.018859,1.2976569144790788
2023-09,validation,24,GradientBoosting,revenue_only,16,2025-01,2.021128,1.2976569144790788
2023-09,validation,24,GradientBoosting,revenue_only,17,2025-02,2.153377,1.1914955268737606
2023-09,validation,24,GradientBoosting,revenue_only,18,2025-03,2.194287,1.2928652430504368
2023-09,validation,24,GradientBoosting,revenue_only,19,2025-04,2.328755,1.2941827157735335
2023-09,validation,24,GradientBoosting,revenue_only,20,2025-05,2.098333,1.29208638501809
2023-09,validation,24,GradientBoosting,revenue_only,21,2025-06,2.356699,1.2392770721981423
2023-09,validation,24,GradientBoosting,revenue_only,22,2025-07,2.667033,1.3375827858810485
2023-09,validation,24,GradientBoosting,revenue_only,23,2025-08,2.544064,1.3537341387973274
2023-09,validation,24,GradientBoosting,revenue_only,24,2025-09,2.851779,1.4050284824698194
2023-09,validation,24,Ridge,quarterly_expanded,1,2023-10,1.40599,1.239277750469284
2023-09,validation,24,Ridge,quarterly_expanded,2,2023-11,1.574501,1.212434976221941
2023-09,validation,24,Ridge,quarterly_expanded,3,2023-12,1.434115,1.1988227448542996
2023-09,validation,24,Ridge,quarterly_expanded,4,2024-01,1.496705,1.2011515439628149
2023-09,validation,24,Ridge,quarterly_expanded,5,2024-02,1.185857,1.2183913981462768
2023-09,validation,24,Ridge,quarterly_expanded,6,2024-03,1.750773,1.245917844888765
2023-09,validation,24,Ridge,quarterly_expanded,7,2024-04,1.822102,1.276237391890784
2023-09,validation,24,Ridge,quarterly_expanded,8,2024-05,1.940296,1.3005910847051132
2023-09,validation,24,Ridge,quarterly_expanded,9,2024-06,1.942367,1.311424723041868
2023-09,validation,24,Ridge,quarterly_expanded,10,2024-07,2.140634,1.3049673586252932
2023-09,validation,24,Ridge,quarterly_expanded,11,2024-08,2.211638,1.2826546506377547
2023-09,validation,24,Ridge,quarterly_expanded,12,2024-09,2.269814,1.2505650007028353
2023-09,validation,24,Ridge,quarterly_expanded,13,2024-10,2.030244,1.2172038665257343
2023-09,validation,24,Ridge,quarterly_expanded,14,2024-11,2.260922,1.1908392129282896
2023-09,validation,24,Ridge,quarterly_expanded,15,2024-12,2.018859,1.1774694411830438
2023-09,validation,24,Ridge,quarterly_expanded,16,2025-01,2.021128,1.1797567599686614
2023-09,validation,24,Ridge,quarterly_expanded,17,2025-02,2.153377,1.1966895396966148
2023-09,validation,24,Ridge,quarterly_expanded,18,2025-03,2.194287,1.2237256882871814
2023-09,validation,24,Ridge,quarterly_expanded,19,2025-04,2.328755,1.2535051867314904
2023-09,validation,24,Ridge,quarterly_expanded,20,2025-05,2.098333,1.277425094150595
2023-09,validation,24,Ridge,quarterly_expanded,21,2025-06,2.356699,1.2880657648695244
2023-09,validation,24,Ridge,quarterly_expanded,22,2025-07,2.667033,1.2817234183435386
2023-09,validation,24,Ridge,quarterly_expanded,23,2025-08,2.544064,1.2598081419458085
2023-09,validation,24,Ridge,quarterly_expanded,24,2025-09,2.851779,1.2282900694544316
2023-09,validation,24,GradientBoosting,quarterly_expanded,1,2023-10,1.40599,1.3320919702643308
2023-09,validation,24,GradientBoosting,quarterly_expanded,2,2023-11,1.574501,1.3454418632000595
2023-09,validation,24,GradientBoosting,quarterly_expanded,3,2023-12,1.434115,1.3001587876856655
2023-09,validation,24,GradientBoosting,quarterly_expanded,4,2024-01,1.496705,1.3001587876856655
2023-09,validation,24,GradientBoosting,quarterly_expanded,5,2024-02,1.185857,1.279131514605292
2023-09,validation,24,GradientBoosting,quarterly_expanded,6,2024-03,1.750773,1.3714188186386207
2023-09,validation,24,GradientBoosting,quarterly_expanded,7,2024-04,1.822102,1.3641823253364125
2023-09,validation,24,GradientBoosting,quarterly_expanded,8,2024-05,1.940296,1.3543557074177828
2023-09,validation,24,GradientBoosting,quarterly_expanded,9,2024-06,1.942367,1.293832158757255
2023-09,validation,24,GradientBoosting,quarterly_expanded,10,2024-07,2.140634,1.3797863054949866
2023-09,validation,24,GradientBoosting,quarterly_expanded,11,2024-08,2.211638,1.3759531570675354
2023-09,validation,24,GradientBoosting,quarterly_expanded,12,2024-09,2.269814,1.3840726526843394
2023-09,validation,24,GradientBoosting,quarterly_expanded,13,2024-10,2.030244,1.279196226207137
2023-09,validation,24,GradientBoosting,quarterly_expanded,14,2024-11,2.260922,1.2903522638551517
2023-09,validation,24,GradientBoosting,quarterly_expanded,15,2024-12,2.018859,1.2469233200988257
2023-09,validation,24,GradientBoosting,quarterly_expanded,16,2025-01,2.021128,1.2469233200988257
2023-09,validation,24,GradientBoosting,quarterly_expanded,17,2025-02,2.153377,1.2200823735242874
2023-09,validation,24,GradientBoosting,quarterly_expanded,18,2025-03,2.194287,1.301555491562921
2023-09,validation,24,GradientBoosting,quarterly_expanded,19,2025-04,2.328755,1.2973095973912747
2023-09,validation,24,GradientBoosting,quarterly_expanded,20,2025-05,2.098333,1.3068294646850036
2023-09,validation,24,GradientBoosting,quarterly_expanded,21,2025-06,2.356699,1.264347915531073
2023-09,validation,24,GradientBoosting,quarterly_expanded,22,2025-07,2.667033,1.3613120577947202
2023-09,validation,24,GradientBoosting,quarterly_expanded,23,2025-08,2.544064,1.3742835776858435
2023-09,validation,24,GradientBoosting,quarterly_expanded,24,2025-09,2.851779,1.393178414917516
2023-09,validation,24,Ridge,peer_fx,1,2023-10,1.40599,1.4998421527367147
2023-09,validation,24,Ridge,peer_fx,2,2023-11,1.574501,1.4692661893883747
2023-09,validation,24,Ridge,peer_fx,3,2023-12,1.434115,1.4543458769243178
2023-09,validation,24,Ridge,peer_fx,4,2024-01,1.496705,1.4581106920560276
2023-09,validation,24,Ridge,peer_fx,5,2024-02,1.185857,1.479188518519244
2023-09,validation,24,Ridge,peer_fx,6,2024-03,1.750773,1.512001379268603
2023-09,validation,24,Ridge,peer_fx,7,2024-04,1.822102,1.5476715521467614
2023-09,validation,24,Ridge,peer_fx,8,2024-05,1.940296,1.575961010229547
2023-09,validation,24,Ridge,peer_fx,9,2024-06,1.942367,1.588180457929555
2023-09,validation,24,Ridge,peer_fx,10,2024-07,2.140634,1.5801512379528688
2023-09,validation,24,Ridge,peer_fx,11,2024-08,2.211638,1.5537717518756302
2023-09,validation,24,Ridge,peer_fx,12,2024-09,2.269814,1.5162826297330827
2023-09,validation,24,Ridge,peer_fx,13,2024-10,2.030244,1.4776621383510926
2023-09,validation,24,Ridge,peer_fx,14,2024-11,2.260922,1.4475383394559806
2023-09,validation,24,Ridge,peer_fx,15,2024-12,2.018859,1.4328386720407955
2023-09,validation,24,Ridge,peer_fx,16,2025-01,2.021128,1.436547812211225
2023-09,validation,24,Ridge,peer_fx,17,2025-02,2.153377,1.457313934877266
2023-09,validation,24,Ridge,peer_fx,18,2025-03,2.194287,1.4896415514146748
2023-09,validation,24,Ridge,peer_fx,19,2025-04,2.328755,1.5247842254849542
2023-09,validation,24,Ridge,peer_fx,20,2025-05,2.098333,1.552655332485866
2023-09,validation,24,Ridge,peer_fx,21,2025-06,2.356699,1.564694076152936
2023-09,validation,24,Ridge,peer_fx,22,2025-07,2.667033,1.5567835941476174
2023-09,validation,24,Ridge,peer_fx,23,2025-08,2.544064,1.530794214042271
2023-09,validation,24,Ridge,peer_fx,24,2025-09,2.851779,1.4938594897521302
2023-09,validation,24,GradientBoosting,peer_fx,1,2023-10,1.40599,1.3868897687847823
2023-09,validation,24,GradientBoosting,peer_fx,2,2023-11,1.574501,1.4032102911157645
2023-09,validation,24,GradientBoosting,peer_fx,3,2023-12,1.434115,1.3353172893404024
2023-09,validation,24,GradientBoosting,peer_fx,4,2024-01,1.496705,1.3353172893404024
2023-09,validation,24,GradientBoosting,peer_fx,5,2024-02,1.185857,1.230842283518517
2023-09,validation,24,GradientBoosting,peer_fx,6,2024-03,1.750773,1.3346408466583184
2023-09,validation,24,GradientBoosting,peer_fx,7,2024-04,1.822102,1.3359919508821878
2023-09,validation,24,GradientBoosting,peer_fx,8,2024-05,1.940296,1.3300451776461342
2023-09,validation,24,GradientBoosting,peer_fx,9,2024-06,1.942367,1.2595848006511317
2023-09,validation,24,GradientBoosting,peer_fx,10,2024-07,2.140634,1.3598944113201834
2023-09,validation,24,GradientBoosting,peer_fx,11,2024-08,2.211638,1.3751348291864465
2023-09,validation,24,GradientBoosting,peer_fx,12,2024-09,2.269814,1.412563430725637
2023-09,validation,24,GradientBoosting,peer_fx,13,2024-10,2.030244,1.3450882988121604
2023-09,validation,24,GradientBoosting,peer_fx,14,2024-11,2.260922,1.3609169133942274
2023-09,validation,24,GradientBoosting,peer_fx,15,2024-12,2.018859,1.293812200661392
2023-09,validation,24,GradientBoosting,peer_fx,16,2025-01,2.021128,1.293812200661392
2023-09,validation,24,GradientBoosting,peer_fx,17,2025-02,2.153377,1.1925845461738998
2023-09,validation,24,GradientBoosting,peer_fx,18,2025-03,2.194287,1.2939580451620318
2023-09,validation,24,GradientBoosting,peer_fx,19,2025-04,2.328755,1.3005485079589776
2023-09,validation,24,GradientBoosting,peer_fx,20,2025-05,2.098333,1.3005485079589776
2023-09,validation,24,GradientBoosting,peer_fx,21,2025-06,2.356699,1.2404248526107295
2023-09,validation,24,GradientBoosting,peer_fx,22,2025-07,2.667033,1.3456753764737692
2023-09,validation,24,GradientBoosting,peer_fx,23,2025-08,2.544064,1.3679655324214872
2023-09,validation,24,GradientBoosting,peer_fx,24,2025-09,2.851779,1.4065462537935836
2023-09,validation,24,Ridge,all,1,2023-10,1.40599,1.2454835027412343
2023-09,validation,24,Ridge,all,2,2023-11,1.574501,1.2189333477589257
2023-09,validation,24,Ridge,all,3,2023-12,1.434115,1.2056198567275835
2023-09,validation,24,Ridge,all,4,2024-01,1.496705,1.2081833159936783
2023-09,validation,24,Ridge,all,5,2024-02,1.185857,1.2255348612297663
2023-09,validation,24,Ridge,all,6,2024-03,1.750773,1.2530115834970512
2023-09,validation,24,Ridge,all,7,2024-04,1.822102,1.283117538822875
2023-09,validation,24,Ridge,all,8,2024-05,1.940296,1.3071407962956216
2023-09,validation,24,Ridge,all,9,2024-06,1.942367,1.3176189829346576
2023-09,validation,24,Ridge,all,10,2024-07,2.140634,1.3108871564918263
2023-09,validation,24,Ridge,all,11,2024-08,2.211638,1.288458338163886
2023-09,validation,24,Ridge,all,12,2024-09,2.269814,1.256431660054829
2023-09,validation,24,Ridge,all,13,2024-10,2.030244,1.2232787265522351
2023-09,validation,24,Ridge,all,14,2024-11,2.260922,1.1972019140492671
2023-09,validation,24,Ridge,all,15,2024-12,2.018859,1.1841257791033284
2023-09,validation,24,Ridge,all,16,2025-01,2.021128,1.1866435364077772
2023-09,validation,24,Ridge,all,17,2025-02,2.153377,1.203685734167441
2023-09,validation,24,Ridge,all,18,2025-03,2.194287,1.2306725948933972
2023-09,validation,24,Ridge,all,19,2025-04,2.328755,1.2602418140854268
2023-09,validation,24,Ridge,all,20,2025-05,2.098333,1.2838367792087853
2023-09,validation,24,Ridge,all,21,2025-06,2.356699,1.2941281582436464
2023-09,validation,24,Ridge,all,22,2025-07,2.667033,1.287516348404148
2023-09,validation,24,Ridge,all,23,2025-08,2.544064,1.265487396385203
2023-09,validation,24,Ridge,all,24,2025-09,2.851779,1.2340316975126624
2023-09,validation,24,GradientBoosting,all,1,2023-10,1.40599,1.3351592824200469
2023-09,validation,24,GradientBoosting,all,2,2023-11,1.574501,1.3496448427659693
2023-09,validation,24,GradientBoosting,all,3,2023-12,1.434115,1.3042203090092874
2023-09,validation,24,GradientBoosting,all,4,2024-01,1.496705,1.3042203090092874
2023-09,validation,24,GradientBoosting,all,5,2024-02,1.185857,1.2827854231786338
2023-09,validation,24,GradientBoosting,all,6,2024-03,1.750773,1.3738667334551582
2023-09,validation,24,GradientBoosting,all,7,2024-04,1.822102,1.3666479240773652
2023-09,validation,24,GradientBoosting,all,8,2024-05,1.940296,1.356054117262944
2023-09,validation,24,GradientBoosting,all,9,2024-06,1.942367,1.2972824338322702
2023-09,validation,24,GradientBoosting,all,10,2024-07,2.140634,1.3815166062074482
2023-09,validation,24,GradientBoosting,all,11,2024-08,2.211638,1.377668979837893
2023-09,validation,24,GradientBoosting,all,12,2024-09,2.269814,1.3807312612110436
2023-09,validation,24,GradientBoosting,all,13,2024-10,2.030244,1.2792390521844952
2023-09,validation,24,GradientBoosting,all,14,2024-11,2.260922,1.291452750180756
2023-09,validation,24,GradientBoosting,all,15,2024-12,2.018859,1.247986767733463
2023-09,validation,24,GradientBoosting,all,16,2025-01,2.021128,1.247986767733463
2023-09,validation,24,GradientBoosting,all,17,2025-02,2.153377,1.220797526157226
2023-09,validation,24,GradientBoosting,all,18,2025-03,2.194287,1.3022863538709402
2023-09,validation,24,GradientBoosting,all,19,2025-04,2.328755,1.2980671406131332
2023-09,validation,24,GradientBoosting,all,20,2025-05,2.098333,1.3068703200508096
2023-09,validation,24,GradientBoosting,all,21,2025-06,2.356699,1.266170792248241
2023-09,validation,24,GradientBoosting,all,22,2025-07,2.667033,1.3613539912036137
2023-09,validation,24,GradientBoosting,all,23,2025-08,2.544064,1.3743259106651695
2023-09,validation,24,GradientBoosting,all,24,2025-09,2.851779,1.3898144022389172
2023-12,holdout,24,HW_Damped_Add,revenue_only,1,2024-01,1.496705,1.468555533267855
2023-12,holdout,24,HW_Damped_Add,revenue_only,2,2024-02,1.185857,1.2926677993502151
2023-12,holdout,24,HW_Damped_Add,revenue_only,3,2024-03,1.750773,1.5369191505044846
2023-12,holdout,24,HW_Damped_Add,revenue_only,4,2024-04,1.822102,1.526368291597343
2023-12,holdout,24,HW_Damped_Add,revenue_only,5,2024-05,1.940296,1.518205032330563
2023-12,holdout,24,HW_Damped_Add,revenue_only,6,2024-06,1.942367,1.431756202467942
2023-12,holdout,24,HW_Damped_Add,revenue_only,7,2024-07,2.140634,1.5101167436361056
2023-12,holdout,24,HW_Damped_Add,revenue_only,8,2024-08,2.211638,1.5328351563431526
2023-12,holdout,24,HW_Damped_Add,revenue_only,9,2024-09,2.269814,1.4830380366258171
2023-12,holdout,24,HW_Damped_Add,revenue_only,10,2024-10,2.030244,1.423787706916745
2023-12,holdout,24,HW_Damped_Add,revenue_only,11,2024-11,2.260922,1.4997142536079753
2023-12,holdout,24,HW_Damped_Add,revenue_only,12,2024-12,2.018859,1.4757821804784177
2023-12,holdout,24,HW_Damped_Add,revenue_only,13,2025-01,2.021128,1.489183096864073
2023-12,holdout,24,HW_Damped_Add,revenue_only,14,2025-02,2.153377,1.3131123933837894
2023-12,holdout,24,HW_Damped_Add,revenue_only,15,2025-03,2.194287,1.5571823979426989
2023-12,holdout,24,HW_Damped_Add,revenue_only,16,2025-04,2.328755,1.5464518010115191
2023-12,holdout,24,HW_Damped_Add,revenue_only,17,2025-05,2.098333,1.5381103980237554
2023-12,holdout,24,HW_Damped_Add,revenue_only,18,2025-06,2.356699,1.4514850046015
2023-12,holdout,24,HW_Damped_Add,revenue_only,19,2025-07,2.667033,1.529670548355111
2023-12,holdout,24,HW_Damped_Add,revenue_only,20,2025-08,2.544064,1.5522155159007476
2023-12,holdout,24,HW_Damped_Add,revenue_only,21,2025-09,2.851779,1.502246489506427
2023-12,holdout,24,HW_Damped_Add,revenue_only,22,2025-10,2.853997,1.4428257779582092
2023-12,holdout,24,HW_Damped_Add,revenue_only,23,2025-11,3.024742,1.518583454122594
2023-12,holdout,24,HW_Damped_Add,revenue_only,24,2025-12,3.250133,1.4944840083729258
2023-12,holdout,24,Ridge,revenue_only,1,2024-01,1.496705,1.4227005566961894
2023-12,holdout,24,Ridge,revenue_only,2,2024-02,1.185857,1.4416398419292278
2023-12,holdout,24,Ridge,revenue_only,3,2024-03,1.750773,1.4704349687832283
2023-12,holdout,24,Ridge,revenue_only,4,2024-04,1.822102,1.5017615079301845
2023-12,holdout,24,Ridge,revenue_only,5,2024-05,1.940296,1.5271822166852025
2023-12,holdout,24,Ridge,revenue_only,6,2024-06,1.942367,1.539515012081171
2023-12,holdout,24,Ridge,revenue_only,7,2024-07,2.140634,1.5352035641886417
2023-12,holdout,24,Ridge,revenue_only,8,2024-08,2.211638,1.5156017279698024
2023-12,holdout,24,Ridge,revenue_only,9,2024-09,2.269814,1.486477850144193
2023-12,holdout,24,Ridge,revenue_only,10,2024-10,2.030244,1.4560144742610686
2023-12,holdout,24,Ridge,revenue_only,11,2024-11,2.260922,1.4323138755389673
2023-12,holdout,24,Ridge,revenue_only,12,2024-12,2.018859,1.4213712468644637
2023-12,holdout,24,Ridge,revenue_only,13,2025-01,2.021128,1.4258960975427255
2023-12,holdout,24,Ridge,revenue_only,14,2025-02,2.153377,1.4448779224790638
2023-12,holdout,24,Ridge,revenue_only,15,2025-03,2.194287,1.4737377263331612
2023-12,holdout,24,Ridge,revenue_only,16,2025-04,2.328755,1.5051346283087206
2023-12,holdout,24,Ridge,revenue_only,17,2025-05,2.098333,1.5306124347522103
2023-12,holdout,24,Ridge,revenue_only,18,2025-06,2.356699,1.5429729309537026
2023-12,holdout,24,Ridge,revenue_only,19,2025-07,2.667033,1.5386517990782833
2023-12,holdout,24,Ridge,revenue_only,20,2025-08,2.544064,1.5190059349942624
2023-12,holdout,24,Ridge,revenue_only,21,2025-09,2.851779,1.489816641757966
2023-12,holdout,24,Ridge,revenue_only,22,2025-10,2.853997,1.4592848418052085
2023-12,holdout,24,Ridge,revenue_only,23,2025-11,3.024742,1.435531008949651
2023-12,holdout,24,Ridge,revenue_only,24,2025-12,3.250133,1.424563801935922
2023-12,holdout,24,GradientBoosting,revenue_only,1,2024-01,1.496705,1.3777829321401134
2023-12,holdout,24,GradientBoosting,revenue_only,2,2024-02,1.185857,1.2765871266386872
2023-12,holdout,24,GradientBoosting,revenue_only,3,2024-03,1.750773,1.36967864544529
2023-12,holdout,24,GradientBoosting,revenue_only,4,2024-04,1.822102,1.3752294239874334
2023-12,holdout,24,GradientBoosting,revenue_only,5,2024-05,1.940296,1.3752294239874334
2023-12,holdout,24,GradientBoosting,revenue_only,6,2024-06,1.942367,1.3211103002681388
2023-12,holdout,24,GradientBoosting,revenue_only,7,2024-07,2.140634,1.4238389265435851
2023-12,holdout,24,GradientBoosting,revenue_only,8,2024-08,2.211638,1.4163700966019954
2023-12,holdout,24,GradientBoosting,revenue_only,9,2024-09,2.269814,1.4054084743878732
2023-12,holdout,24,GradientBoosting,revenue_only,10,2024-10,2.030244,1.3741280735632575
2023-12,holdout,24,GradientBoosting,revenue_only,11,2024-11,2.260922,1.4425106847956009
2023-12,holdout,24,GradientBoosting,revenue_only,12,2024-12,2.018859,1.378089481417328
2023-12,holdout,24,GradientBoosting,revenue_only,13,2025-01,2.021128,1.3604600698373908
2023-12,holdout,24,GradientBoosting,revenue_only,14,2025-02,2.153377,1.2605365990146875
2023-12,holdout,24,GradientBoosting,revenue_only,15,2025-03,2.194287,1.3524576783244582
2023-12,holdout,24,GradientBoosting,revenue_only,16,2025-04,2.328755,1.3579386669380755
2023-12,holdout,24,GradientBoosting,revenue_only,17,2025-05,2.098333,1.3579386669380755
2023-12,holdout,24,GradientBoosting,revenue_only,18,2025-06,2.356699,1.3051937928094215
2023-12,holdout,24,GradientBoosting,revenue_only,19,2025-07,2.667033,1.4035445869739012
2023-12,holdout,24,GradientBoosting,revenue_only,20,2025-08,2.544064,1.3974814094526191
2023-12,holdout,24,GradientBoosting,revenue_only,21,2025-09,2.851779,1.3918408161920834
2023-12,holdout,24,GradientBoosting,revenue_only,22,2025-10,2.853997,1.3608623929023629
2023-12,holdout,24,GradientBoosting,revenue_only,23,2025-11,3.024742,1.4285848459581727
2023-12,holdout,24,GradientBoosting,revenue_only,24,2025-12,3.250133,1.364785557762515
2023-12,holdout,24,Ridge,quarterly_expanded,1,2024-01,1.496705,1.410415410235814
2023-12,holdout,24,Ridge,quarterly_expanded,2,2024-02,1.185857,1.425167877508572
2023-12,holdout,24,Ridge,quarterly_expanded,3,2024-03,1.750773,1.4506490824561613
2023-12,holdout,24,Ridge,quarterly_expanded,4,2024-04,1.822102,1.4800436897255722
2023-12,holdout,24,Ridge,quarterly_expanded,5,2024-05,1.940296,1.5051119457902693
2023-12,holdout,24,Ridge,quarterly_expanded,6,2024-06,1.942367,1.5184180858243042
2023-12,holdout,24,Ridge,quarterly_expanded,7,2024-07,2.140634,1.515718915212
2023-12,holdout,24,Ridge,quarterly_expanded,8,2024-08,2.211638,1.4974710863703902
2023-12,holdout,24,Ridge,quarterly_expanded,9,2024-09,2.269814,1.4686586209693966
2023-12,holdout,24,Ridge,quarterly_expanded,10,2024-10,2.030244,1.4370353343192703
2023-12,holdout,24,Ridge,quarterly_expanded,11,2024-11,2.260922,1.410691130126041
2023-12,holdout,24,Ridge,quarterly_expanded,12,2024-12,2.018859,1.395944417467604
2023-12,holdout,24,Ridge,quarterly_expanded,13,2025-01,2.021128,1.3960455215232188
2023-12,holdout,24,Ridge,quarterly_expanded,14,2025-02,2.153377,1.41064768462927
2023-12,holdout,24,Ridge,quarterly_expanded,15,2025-03,2.194287,1.4358692766453058
2023-12,holdout,24,Ridge,quarterly_expanded,16,2025-04,2.328755,1.4649643996406891
2023-12,holdout,24,Ridge,quarterly_expanded,17,2025-05,2.098333,1.489777250065846
2023-12,holdout,24,Ridge,quarterly_expanded,18,2025-06,2.356699,1.5029478217062746
2023-12,holdout,24,Ridge,quarterly_expanded,19,2025-07,2.667033,1.5002761513474658
2023-12,holdout,24,Ridge,quarterly_expanded,20,2025-08,2.544064,1.4822142388449695
2023-12,holdout,24,Ridge,quarterly_expanded,21,2025-09,2.851779,1.4536953266186952
2023-12,holdout,24,Ridge,quarterly_expanded,22,2025-10,2.853997,1.422394230939109
2023-12,holdout,24,Ridge,quarterly_expanded,23,2025-11,3.024742,1.3963184322665023
2023-12,holdout,24,Ridge,quarterly_expanded,24,2025-12,3.250133,1.3817219651444097
2023-12,holdout,24,GradientBoosting,quarterly_expanded,1,2024-01,1.496705,1.395663531808194
2023-12,holdout,24,GradientBoosting,quarterly_expanded,2,2024-02,1.185857,1.3245628925734885
2023-12,holdout,24,GradientBoosting,quarterly_expanded,3,2024-03,1.750773,1.419739624433315
2023-12,holdout,24,GradientBoosting,quarterly_expanded,4,2024-04,1.822102,1.3861067727000296
2023-12,holdout,24,GradientBoosting,quarterly_expanded,5,2024-05,1.940296,1.3923305606024834
2023-12,holdout,24,GradientBoosting,quarterly_expanded,6,2024-06,1.942367,1.3192710390947346
2023-12,holdout,24,GradientBoosting,quarterly_expanded,7,2024-07,2.140634,1.438591394498717
2023-12,holdout,24,GradientBoosting,quarterly_expanded,8,2024-08,2.211638,1.4306658127841088
2023-12,holdout,24,GradientBoosting,quarterly_expanded,9,2024-09,2.269814,1.44959397256769
2023-12,holdout,24,GradientBoosting,quarterly_expanded,10,2024-10,2.030244,1.355576788878423
2023-12,holdout,24,GradientBoosting,quarterly_expanded,11,2024-11,2.260922,1.432551313259809
2023-12,holdout,24,GradientBoosting,quarterly_expanded,12,2024-12,2.018859,1.383447309824417
2023-12,holdout,24,GradientBoosting,quarterly_expanded,13,2025-01,2.021128,1.3745716955639236
2023-12,holdout,24,GradientBoosting,quarterly_expanded,14,2025-02,2.153377,1.2964521744927586
2023-12,holdout,24,GradientBoosting,quarterly_expanded,15,2025-03,2.194287,1.3896090050763548
2023-12,holdout,24,GradientBoosting,quarterly_expanded,16,2025-04,2.328755,1.3566899311626248
2023-12,holdout,24,GradientBoosting,quarterly_expanded,17,2025-05,2.098333,1.3627816338707093
2023-12,holdout,24,GradientBoosting,quarterly_expanded,18,2025-06,2.356699,1.2912726281019506
2023-12,holdout,24,GradientBoosting,quarterly_expanded,19,2025-07,2.667033,1.4080606908599136
2023-12,holdout,24,GradientBoosting,quarterly_expanded,20,2025-08,2.544064,1.4180992169899054
2023-12,holdout,24,GradientBoosting,quarterly_expanded,21,2025-09,2.851779,1.4510454736240102
2023-12,holdout,24,GradientBoosting,quarterly_expanded,22,2025-10,2.853997,1.3616726793008327
2023-12,holdout,24,GradientBoosting,quarterly_expanded,23,2025-11,3.024742,1.4407309572209686
2023-12,holdout,24,GradientBoosting,quarterly_expanded,24,2025-12,3.250133,1.391346577605365
2023-12,holdout,24,Ridge,peer_fx,1,2024-01,1.496705,1.477355436157025
2023-12,holdout,24,Ridge,peer_fx,2,2024-02,1.185857,1.4942360421686056
2023-12,holdout,24,Ridge,peer_fx,3,2024-03,1.750773,1.522055329621826
2023-12,holdout,24,Ridge,peer_fx,4,2024-04,1.822102,1.5534495900695793
2023-12,holdout,24,Ridge,peer_fx,5,2024-05,1.940296,1.5796782053310574
2023-12,holdout,24,Ridge,peer_fx,6,2024-06,1.942367,1.5930210644916738
2023-12,holdout,24,Ridge,peer_fx,7,2024-07,2.140634,1.58928625816627
2023-12,holdout,24,Ridge,peer_fx,8,2024-08,2.211638,1.5693097629159716
2023-12,holdout,24,Ridge,peer_fx,9,2024-09,2.269814,1.5386442054417822
2023-12,holdout,24,Ridge,peer_fx,10,2024-10,2.030244,1.5056091396104203
2023-12,holdout,24,Ridge,peer_fx,11,2024-11,2.260922,1.4787050036780214
2023-12,holdout,24,Ridge,peer_fx,12,2024-12,2.018859,1.4644326791196778
2023-12,holdout,24,Ridge,peer_fx,13,2025-01,2.021128,1.4659851242073283
2023-12,holdout,24,Ridge,peer_fx,14,2025-02,2.153377,1.4827358103962622
2023-12,holdout,24,Ridge,peer_fx,15,2025-03,2.194287,1.5103409896065914
2023-12,holdout,24,Ridge,peer_fx,16,2025-04,2.328755,1.5414936274048558
2023-12,holdout,24,Ridge,peer_fx,17,2025-05,2.098333,1.567520376865977
2023-12,holdout,24,Ridge,peer_fx,18,2025-06,2.356699,1.580760544103415
2023-12,holdout,24,Ridge,peer_fx,19,2025-07,2.667033,1.5770544823251609
2023-12,holdout,24,Ridge,peer_fx,20,2025-08,2.544064,1.5572317340859734
2023-12,holdout,24,Ridge,peer_fx,21,2025-09,2.851779,1.526802190874878
2023-12,holdout,24,Ridge,peer_fx,22,2025-10,2.853997,1.494021375980419
2023-12,holdout,24,Ridge,peer_fx,23,2025-11,3.024742,1.4673243049227291
2023-12,holdout,24,Ridge,peer_fx,24,2025-12,3.250133,1.4531618258210062
2023-12,holdout,24,GradientBoosting,peer_fx,1,2024-01,1.496705,1.4038645153370333
2023-12,holdout,24,GradientBoosting,peer_fx,2,2024-02,1.185857,1.300002508360866
2023-12,holdout,24,GradientBoosting,peer_fx,3,2024-03,1.750773,1.397088147872705
2023-12,holdout,24,GradientBoosting,peer_fx,4,2024-04,1.822102,1.403187669720543
2023-12,holdout,24,GradientBoosting,peer_fx,5,2024-05,1.940296,1.403187669720543
2023-12,holdout,24,GradientBoosting,peer_fx,6,2024-06,1.942367,1.3524713272717568
2023-12,holdout,24,GradientBoosting,peer_fx,7,2024-07,2.140634,1.446310267356842
2023-12,holdout,24,GradientBoosting,peer_fx,8,2024-08,2.211638,1.4387235626894217
2023-12,holdout,24,GradientBoosting,peer_fx,9,2024-09,2.269814,1.4230213613034128
2023-12,holdout,24,GradientBoosting,peer_fx,10,2024-10,2.030244,1.393160809134868
2023-12,holdout,24,GradientBoosting,peer_fx,11,2024-11,2.260922,1.4478008590021054
2023-12,holdout,24,GradientBoosting,peer_fx,12,2024-12,2.018859,1.3899897866534174
2023-12,holdout,24,GradientBoosting,peer_fx,13,2025-01,2.021128,1.37558783724241
2023-12,holdout,24,GradientBoosting,peer_fx,14,2025-02,2.153377,1.273817821698067
2023-12,holdout,24,GradientBoosting,peer_fx,15,2025-03,2.194287,1.368947959559928
2023-12,holdout,24,GradientBoosting,peer_fx,16,2025-04,2.328755,1.3729963707133883
2023-12,holdout,24,GradientBoosting,peer_fx,17,2025-05,2.098333,1.3729963707133883
2023-12,holdout,24,GradientBoosting,peer_fx,18,2025-06,2.356699,1.325708080119468
2023-12,holdout,24,GradientBoosting,peer_fx,19,2025-07,2.667033,1.4203921931892856
2023-12,holdout,24,GradientBoosting,peer_fx,20,2025-08,2.544064,1.4189238774341884
2023-12,holdout,24,GradientBoosting,peer_fx,21,2025-09,2.851779,1.4112872905527212
2023-12,holdout,24,GradientBoosting,peer_fx,22,2025-10,2.853997,1.384027478654546
2023-12,holdout,24,GradientBoosting,peer_fx,23,2025-11,3.024742,1.4442758500385453
2023-12,holdout,24,GradientBoosting,peer_fx,24,2025-12,3.250133,1.3866055322328283
2023-12,holdout,24,Ridge,all,1,2024-01,1.496705,1.3643980100188124
2023-12,holdout,24,Ridge,all,2,2024-02,1.185857,1.37907968894249
2023-12,holdout,24,Ridge,all,3,2024-03,1.750773,1.403981328769344
2023-12,holdout,24,Ridge,all,4,2024-04,1.822102,1.4324516008813275
2023-12,holdout,24,Ridge,all,5,2024-05,1.940296,1.4565136236348066
2023-12,holdout,24,Ridge,all,6,2024-06,1.942367,1.4690347654371116
2023-12,holdout,24,Ridge,all,7,2024-07,2.140634,1.4660267012872632
2023-12,holdout,24,Ridge,all,8,2024-08,2.211638,1.448064679462475
2023-12,holdout,24,Ridge,all,9,2024-09,2.269814,1.4200719714989938
2023-12,holdout,24,Ridge,all,10,2024-10,2.030244,1.3895881308673552
2023-12,holdout,24,Ridge,all,11,2024-11,2.260922,1.3644130575432465
2023-12,holdout,24,Ridge,all,12,2024-12,2.018859,1.3505874493193926
2023-12,holdout,24,Ridge,all,13,2025-01,2.021128,1.351161519144881
2023-12,holdout,24,Ridge,all,14,2025-02,2.153377,1.3657007660892826
2023-12,holdout,24,Ridge,all,15,2025-03,2.194287,1.3903608266072445
2023-12,holdout,24,Ridge,all,16,2025-04,2.328755,1.4185548988902767
2023-12,holdout,24,Ridge,all,17,2025-05,2.098333,1.4423834877467212
2023-12,holdout,24,Ridge,all,18,2025-06,2.356699,1.4547831576779298
2023-12,holdout,24,Ridge,all,19,2025-07,2.667033,1.4518042757852931
2023-12,holdout,24,Ridge,all,20,2025-08,2.544064,1.4340165096661093
2023-12,holdout,24,Ridge,all,21,2025-09,2.851779,1.4062953685187438
2023-12,holdout,24,Ridge,all,22,2025-10,2.853997,1.3761072620316586
2023-12,holdout,24,Ridge,all,23,2025-11,3.024742,1.3511764206881431
2023-12,holdout,24,Ridge,all,24,2025-12,3.250133,1.3374849394094608
2023-12,holdout,24,GradientBoosting,all,1,2024-01,1.496705,1.4132970516517611
2023-12,holdout,24,GradientBoosting,all,2,2024-02,1.185857,1.3435337018605205
2023-12,holdout,24,GradientBoosting,all,3,2024-03,1.750773,1.4508276786681509
2023-12,holdout,24,GradientBoosting,all,4,2024-04,1.822102,1.4234661085647742
2023-12,holdout,24,GradientBoosting,all,5,2024-05,1.940296,1.4304297382940698
2023-12,holdout,24,GradientBoosting,all,6,2024-06,1.942367,1.3425737767530397
2023-12,holdout,24,GradientBoosting,all,7,2024-07,2.140634,1.468028233070611
2023-12,holdout,24,GradientBoosting,all,8,2024-08,2.211638,1.4603349460224626
2023-12,holdout,24,GradientBoosting,all,9,2024-09,2.269814,1.4626008343757475
2023-12,holdout,24,GradientBoosting,all,10,2024-10,2.030244,1.3668663621875434
2023-12,holdout,24,GradientBoosting,all,11,2024-11,2.260922,1.4414680059119842
2023-12,holdout,24,GradientBoosting,all,12,2024-12,2.018859,1.3908331207116795
2023-12,holdout,24,GradientBoosting,all,13,2025-01,2.021128,1.3908331207116795
2023-12,holdout,24,GradientBoosting,all,14,2025-02,2.153377,1.3156121537816514
2023-12,holdout,24,GradientBoosting,all,15,2025-03,2.194287,1.4206763287407247
2023-12,holdout,24,GradientBoosting,all,16,2025-04,2.328755,1.3938833914852602
2023-12,holdout,24,GradientBoosting,all,17,2025-05,2.098333,1.4007023018658555
2023-12,holdout,24,GradientBoosting,all,18,2025-06,2.356699,1.3146721780025743
2023-12,holdout,24,GradientBoosting,all,19,2025-07,2.667033,1.4375194182682312
2023-12,holdout,24,GradientBoosting,all,20,2025-08,2.544064,1.4466500708520011
2023-12,holdout,24,GradientBoosting,all,21,2025-09,2.851779,1.463215792848214
2023-12,holdout,24,GradientBoosting,all,22,2025-10,2.853997,1.3721468488997952
2023-12,holdout,24,GradientBoosting,all,23,2025-11,3.024742,1.4505349161481642
2023-12,holdout,24,GradientBoosting,all,24,2025-12,3.250133,1.3995815348334486
2024-03,holdout,24,HW_Damped_Add,revenue_only,1,2024-04,1.822102,1.6688502918210713
2024-03,holdout,24,HW_Damped_Add,revenue_only,2,2024-05,1.940296,1.6608474197186176
2024-03,holdout,24,HW_Damped_Add,revenue_only,3,2024-06,1.942367,1.5745463788487457
2024-03,holdout,24,HW_Damped_Add,revenue_only,4,2024-07,2.140634,1.6530472790995656
2024-03,holdout,24,HW_Damped_Add,revenue_only,5,2024-08,2.211638,1.6758937005128132
2024-03,holdout,24,HW_Damped_Add,revenue_only,6,2024-09,2.269814,1.6262187445219751
2024-03,holdout,24,HW_Damped_Add,revenue_only,7,2024-10,2.030244,1.5670793336297186
2024-03,holdout,24,HW_Damped_Add,revenue_only,8,2024-11,2.260922,1.6431134287275924
2024-03,holdout,24,HW_Damped_Add,revenue_only,9,2024-12,2.018859,1.619272333493745
2024-03,holdout,24,HW_Damped_Add,revenue_only,10,2025-01,2.021128,1.6352719622831446
2024-03,holdout,24,HW_Damped_Add,revenue_only,11,2025-02,2.153377,1.4481380428828206
2024-03,holdout,24,HW_Damped_Add,revenue_only,12,2025-03,2.194287,1.7191033889099412
2024-03,holdout,24,HW_Damped_Add,revenue_only,13,2025-04,2.328755,1.7025901505625096
2024-03,holdout,24,HW_Damped_Add,revenue_only,14,2025-05,2.098333,1.6944185791663489
2024-03,holdout,24,HW_Damped_Add,revenue_only,15,2025-06,2.356699,1.607949682499238
2024-03,holdout,24,HW_Damped_Add,revenue_only,16,2025-07,2.667033,1.6862835662318056
2024-03,holdout,24,HW_Damped_Add,revenue_only,17,2025-08,2.544064,1.708963806209392
2024-03,holdout,24,HW_Damped_Add,revenue_only,18,2025-09,2.851779,1.659123499690071
2024-03,holdout,24,HW_Damped_Add,revenue_only,19,2025-10,2.853997,1.599819565021974
2024-03,holdout,24,HW_Damped_Add,revenue_only,20,2025-11,3.024742,1.6756899589628864
2024-03,holdout,24,HW_Damped_Add,revenue_only,21,2025-12,3.250133,1.651685981077863
2024-03,holdout,24,HW_Damped_Add,revenue_only,22,2026-01,3.533279,1.6675235416293417
2024-03,holdout,24,HW_Damped_Add,revenue_only,23,2026-02,2.740833,1.4802283643322869
2024-03,holdout,24,HW_Damped_Add,revenue_only,24,2026-03,3.781706,1.7510332587521602
2024-03,holdout,24,Ridge,revenue_only,1,2024-04,1.822102,1.5242415385969972
2024-03,holdout,24,Ridge,revenue_only,2,2024-05,1.940296,1.5504934605793816
2024-03,holdout,24,Ridge,revenue_only,3,2024-06,1.942367,1.5626556386869088
2024-03,holdout,24,Ridge,revenue_only,4,2024-07,2.140634,1.5572353603366456
2024-03,holdout,24,Ridge,revenue_only,5,2024-08,2.211638,1.5359492833896733
2024-03,holdout,24,Ridge,revenue_only,6,2024-09,2.269814,1.5050899258304538
2024-03,holdout,24,Ridge,revenue_only,7,2024-10,2.030244,1.4733382677724112
2024-03,holdout,24,Ridge,revenue_only,8,2024-11,2.260922,1.4491315601677073
2024-03,holdout,24,Ridge,revenue_only,9,2024-12,2.018859,1.4385864394815644
2024-03,holdout,24,Ridge,revenue_only,10,2025-01,2.021128,1.4443301617943285
2024-03,holdout,24,Ridge,revenue_only,11,2025-02,2.153377,1.4650935404252297
2024-03,holdout,24,Ridge,revenue_only,12,2025-03,2.194287,1.4958955566424617
2024-03,holdout,24,Ridge,revenue_only,13,2025-04,2.328755,1.5289128954056608
2024-03,holdout,24,Ridge,revenue_only,14,2025-05,2.098333,1.555245271890424
2024-03,holdout,24,Ridge,revenue_only,15,2025-06,2.356699,1.567444723535033
2024-03,holdout,24,Ridge,revenue_only,16,2025-07,2.667033,1.5620078336087595
2024-03,holdout,24,Ridge,revenue_only,17,2025-08,2.544064,1.5406565210295349
2024-03,holdout,24,Ridge,revenue_only,18,2025-09,2.851779,1.509702588518515
2024-03,holdout,24,Ridge,revenue_only,19,2025-10,2.853997,1.4778536208672743
2024-03,holdout,24,Ridge,revenue_only,20,2025-11,3.024742,1.4535727267471652
2024-03,holdout,24,Ridge,revenue_only,21,2025-12,3.250133,1.4429952883344233
2024-03,holdout,24,Ridge,revenue_only,22,2026-01,3.533279,1.4487566134848304
2024-03,holdout,24,Ridge,revenue_only,23,2026-02,2.740833,1.4695836258297343
2024-03,holdout,24,Ridge,revenue_only,24,2026-03,3.781706,1.5004800412642385
2024-03,holdout,24,GradientBoosting,revenue_only,1,2024-04,1.822102,1.4344096182801571
2024-03,holdout,24,GradientBoosting,revenue_only,2,2024-05,1.940296,1.4362355578306063
2024-03,holdout,24,GradientBoosting,revenue_only,3,2024-06,1.942367,1.354427942312615
2024-03,holdout,24,GradientBoosting,revenue_only,4,2024-07,2.140634,1.4227999039365542
2024-03,holdout,24,GradientBoosting,revenue_only,5,2024-08,2.211638,1.4227999039365542
2024-03,holdout,24,GradientBoosting,revenue_only,6,2024-09,2.269814,1.4227999039365542
2024-03,holdout,24,GradientBoosting,revenue_only,7,2024-10,2.030244,1.389190884516058
2024-03,holdout,24,GradientBoosting,revenue_only,8,2024-11,2.260922,1.4407570681046864
2024-03,holdout,24,GradientBoosting,revenue_only,9,2024-12,2.018859,1.4319456038025569
2024-03,holdout,24,GradientBoosting,revenue_only,10,2025-01,2.021128,1.4319456038025569
2024-03,holdout,24,GradientBoosting,revenue_only,11,2025-02,2.153377,1.2914208541117504
2024-03,holdout,24,GradientBoosting,revenue_only,12,2025-03,2.194287,1.585477834071826
2024-03,holdout,24,GradientBoosting,revenue_only,13,2025-04,2.328755,1.4344096182801571
2024-03,holdout,24,GradientBoosting,revenue_only,14,2025-05,2.098333,1.4362355578306063
2024-03,holdout,24,GradientBoosting,revenue_only,15,2025-06,2.356699,1.354427942312615
2024-03,holdout,24,GradientBoosting,revenue_only,16,2025-07,2.667033,1.4227999039365542
2024-03,holdout,24,GradientBoosting,revenue_only,17,2025-08,2.544064,1.4227999039365542
2024-03,holdout,24,GradientBoosting,revenue_only,18,2025-09,2.851779,1.4227999039365542
2024-03,holdout,24,GradientBoosting,revenue_only,19,2025-10,2.853997,1.3850969545265053
2024-03,holdout,24,GradientBoosting,revenue_only,20,2025-11,3.024742,1.431067077116651
2024-03,holdout,24,GradientBoosting,revenue_only,21,2025-12,3.250133,1.4184251563679189
2024-03,holdout,24,GradientBoosting,revenue_only,22,2026-01,3.533279,1.4184251563679189
2024-03,holdout,24,GradientBoosting,revenue_only,23,2026-02,2.740833,1.2792272430362694
2024-03,holdout,24,GradientBoosting,revenue_only,24,2026-03,3.781706,1.5705077334915891
2024-03,holdout,24,Ridge,quarterly_expanded,1,2024-04,1.822102,1.5579908197664505
2024-03,holdout,24,Ridge,quarterly_expanded,2,2024-05,1.940296,1.5822144718747029
2024-03,holdout,24,Ridge,quarterly_expanded,3,2024-06,1.942367,1.5928972430353645
2024-03,holdout,24,Ridge,quarterly_expanded,4,2024-07,2.140634,1.5867296549619452
2024-03,holdout,24,Ridge,quarterly_expanded,5,2024-08,2.211638,1.5653671285668973
2024-03,holdout,24,Ridge,quarterly_expanded,6,2024-09,2.269814,1.534824755346352
2024-03,holdout,24,Ridge,quarterly_expanded,7,2024-10,2.030244,1.5034103107620589
2024-03,holdout,24,Ridge,quarterly_expanded,8,2024-11,2.260922,1.479220094998741
2024-03,holdout,24,Ridge,quarterly_expanded,9,2024-12,2.018859,1.468135437614041
2024-03,holdout,24,Ridge,quarterly_expanded,10,2025-01,2.021128,1.4726741904557876
2024-03,holdout,24,Ridge,quarterly_expanded,11,2025-02,2.153377,1.4915888771179726
2024-03,holdout,24,Ridge,quarterly_expanded,12,2025-03,2.194287,1.5200654303608436
2024-03,holdout,24,Ridge,quarterly_expanded,13,2025-04,2.328755,1.5505982340986215
2024-03,holdout,24,Ridge,quarterly_expanded,14,2025-05,2.098333,1.5747069462334635
2024-03,holdout,24,Ridge,quarterly_expanded,15,2025-06,2.356699,1.5853390281988018
2024-03,holdout,24,Ridge,quarterly_expanded,16,2025-07,2.667033,1.5792007050110406
2024-03,holdout,24,Ridge,quarterly_expanded,17,2025-08,2.544064,1.5579395426962257
2024-03,holdout,24,Ridge,quarterly_expanded,18,2025-09,2.851779,1.527542091453183
2024-03,holdout,24,Ridge,quarterly_expanded,19,2025-10,2.853997,1.4962767067798022
2024-03,holdout,24,Ridge,quarterly_expanded,20,2025-11,3.024742,1.4722012723361717
2024-03,holdout,24,Ridge,quarterly_expanded,21,2025-12,3.250133,1.4611692110760923
2024-03,holdout,24,Ridge,quarterly_expanded,22,2026-01,3.533279,1.4656864277709107
2024-03,holdout,24,Ridge,quarterly_expanded,23,2026-02,2.740833,1.4845113652254904
2024-03,holdout,24,Ridge,quarterly_expanded,24,2026-03,3.781706,1.5128527986995532
2024-03,holdout,24,GradientBoosting,quarterly_expanded,1,2024-04,1.822102,1.404694531276208
2024-03,holdout,24,GradientBoosting,quarterly_expanded,2,2024-05,1.940296,1.4231088323096617
2024-03,holdout,24,GradientBoosting,quarterly_expanded,3,2024-06,1.942367,1.3312969186845562
2024-03,holdout,24,GradientBoosting,quarterly_expanded,4,2024-07,2.140634,1.4491635006855368
2024-03,holdout,24,GradientBoosting,quarterly_expanded,5,2024-08,2.211638,1.4491635006855368
2024-03,holdout,24,GradientBoosting,quarterly_expanded,6,2024-09,2.269814,1.464243207456124
2024-03,holdout,24,GradientBoosting,quarterly_expanded,7,2024-10,2.030244,1.360686178469517
2024-03,holdout,24,GradientBoosting,quarterly_expanded,8,2024-11,2.260922,1.4603396047186152
2024-03,holdout,24,GradientBoosting,quarterly_expanded,9,2024-12,2.018859,1.4207968135262952
2024-03,holdout,24,GradientBoosting,quarterly_expanded,10,2025-01,2.021128,1.4179043593593892
2024-03,holdout,24,GradientBoosting,quarterly_expanded,11,2025-02,2.153377,1.310677920345864
2024-03,holdout,24,GradientBoosting,quarterly_expanded,12,2025-03,2.194287,1.5591272543670394
2024-03,holdout,24,GradientBoosting,quarterly_expanded,13,2025-04,2.328755,1.395903503228098
2024-03,holdout,24,GradientBoosting,quarterly_expanded,14,2025-05,2.098333,1.4142025616708906
2024-03,holdout,24,GradientBoosting,quarterly_expanded,15,2025-06,2.356699,1.3229652363921185
2024-03,holdout,24,GradientBoosting,quarterly_expanded,16,2025-07,2.667033,1.4400941715914386
2024-03,holdout,24,GradientBoosting,quarterly_expanded,17,2025-08,2.544064,1.4400941715914386
2024-03,holdout,24,GradientBoosting,quarterly_expanded,18,2025-09,2.851779,1.4550795047297336
2024-03,holdout,24,GradientBoosting,quarterly_expanded,19,2025-10,2.853997,1.3521705687812429
2024-03,holdout,24,GradientBoosting,quarterly_expanded,20,2025-11,3.024742,1.4659867871023118
2024-03,holdout,24,GradientBoosting,quarterly_expanded,21,2025-12,3.250133,1.4318986921076715
2024-03,holdout,24,GradientBoosting,quarterly_expanded,22,2026-01,3.533279,1.4318986921076715
2024-03,holdout,24,GradientBoosting,quarterly_expanded,23,2026-02,2.740833,1.3236139571258296
2024-03,holdout,24,GradientBoosting,quarterly_expanded,24,2026-03,3.781706,1.5745154189146016
2024-03,holdout,24,Ridge,peer_fx,1,2024-04,1.822102,1.573285540361368
2024-03,holdout,24,Ridge,peer_fx,2,2024-05,1.940296,1.5987632775787923
2024-03,holdout,24,Ridge,peer_fx,3,2024-06,1.942367,1.6102641475406283
2024-03,holdout,24,Ridge,peer_fx,4,2024-07,2.140634,1.604309027745837
2024-03,holdout,24,Ridge,peer_fx,5,2024-08,2.211638,1.582572975571408
2024-03,holdout,24,Ridge,peer_fx,6,2024-09,2.269814,1.5512700130315582
2024-03,holdout,24,Ridge,peer_fx,7,2024-10,2.030244,1.5190060983736269
2024-03,holdout,24,Ridge,peer_fx,8,2024-11,2.260922,1.494175554745614
2024-03,holdout,24,Ridge,peer_fx,9,2024-12,2.018859,1.482884720450323
2024-03,holdout,24,Ridge,peer_fx,10,2025-01,2.021128,1.4877679849207164
2024-03,holdout,24,Ridge,peer_fx,11,2025-02,2.153377,1.50757252348245
2024-03,holdout,24,Ridge,peer_fx,12,2025-03,2.194287,1.5373518826527075
2024-03,holdout,24,Ridge,peer_fx,13,2025-04,2.328755,1.5693502703884674
2024-03,holdout,24,Ridge,peer_fx,14,2025-05,2.098333,1.5947642799660724
2024-03,holdout,24,Ridge,peer_fx,15,2025-06,2.356699,1.6062363827225523
2024-03,holdout,24,Ridge,peer_fx,16,2025-07,2.667033,1.6002961585099755
2024-03,holdout,24,Ridge,peer_fx,17,2025-08,2.544064,1.578614474872762
2024-03,holdout,24,Ridge,peer_fx,18,2025-09,2.851779,1.5473898106490065
2024-03,holdout,24,Ridge,peer_fx,19,2025-10,2.853997,1.51520659794333
2024-03,holdout,24,Ridge,peer_fx,20,2025-11,3.024742,1.4904381631253478
2024-03,holdout,24,Ridge,peer_fx,21,2025-12,3.250133,1.4791755706717515
2024-03,holdout,24,Ridge,peer_fx,22,2026-01,3.533279,1.4840466205990457
2024-03,holdout,24,Ridge,peer_fx,23,2026-02,2.740833,1.5038016219318846
2024-03,holdout,24,Ridge,peer_fx,24,2026-03,3.781706,1.5335064937856644
2024-03,holdout,24,GradientBoosting,peer_fx,1,2024-04,1.822102,1.4507893444573383
2024-03,holdout,24,GradientBoosting,peer_fx,2,2024-05,1.940296,1.4507893444573383
2024-03,holdout,24,GradientBoosting,peer_fx,3,2024-06,1.942367,1.3737527816683623
2024-03,holdout,24,GradientBoosting,peer_fx,4,2024-07,2.140634,1.4374086143107028
2024-03,holdout,24,GradientBoosting,peer_fx,5,2024-08,2.211638,1.4374086143107028
2024-03,holdout,24,GradientBoosting,peer_fx,6,2024-09,2.269814,1.4374086143107028
2024-03,holdout,24,GradientBoosting,peer_fx,7,2024-10,2.030244,1.4012793833923474
2024-03,holdout,24,GradientBoosting,peer_fx,8,2024-11,2.260922,1.4541589261083585
2024-03,holdout,24,GradientBoosting,peer_fx,9,2024-12,2.018859,1.4452102244258898
2024-03,holdout,24,GradientBoosting,peer_fx,10,2025-01,2.021128,1.4381932850342642
2024-03,holdout,24,GradientBoosting,peer_fx,11,2025-02,2.153377,1.295335608081614
2024-03,holdout,24,GradientBoosting,peer_fx,12,2025-03,2.194287,1.562982153267227
2024-03,holdout,24,GradientBoosting,peer_fx,13,2025-04,2.328755,1.435880688985561
2024-03,holdout,24,GradientBoosting,peer_fx,14,2025-05,2.098333,1.435880688985561
2024-03,holdout,24,GradientBoosting,peer_fx,15,2025-06,2.356699,1.3596357721910493
2024-03,holdout,24,GradientBoosting,peer_fx,16,2025-07,2.667033,1.422637462396199
2024-03,holdout,24,GradientBoosting,peer_fx,17,2025-08,2.544064,1.422637462396199
2024-03,holdout,24,GradientBoosting,peer_fx,18,2025-09,2.851779,1.422637462396199
2024-03,holdout,24,GradientBoosting,peer_fx,19,2025-10,2.853997,1.3868795040256328
2024-03,holdout,24,GradientBoosting,peer_fx,20,2025-11,3.024742,1.4392156440161756
2024-03,holdout,24,GradientBoosting,peer_fx,21,2025-12,3.250133,1.4303589013150806
2024-03,holdout,24,GradientBoosting,peer_fx,22,2026-01,3.533279,1.4303589013150806
2024-03,holdout,24,GradientBoosting,peer_fx,23,2026-02,2.740833,1.2936198600719864
2024-03,holdout,24,GradientBoosting,peer_fx,24,2026-03,3.781706,1.562982153267227
2024-03,holdout,24,Ridge,all,1,2024-04,1.822102,1.5215253929664132
2024-03,holdout,24,Ridge,all,2,2024-05,1.940296,1.5451965003067918
2024-03,holdout,24,Ridge,all,3,2024-06,1.942367,1.555490775065112
2024-03,holdout,24,Ridge,all,4,2024-07,2.140634,1.5492312636472407
2024-03,holdout,24,Ridge,all,5,2024-08,2.211638,1.5281217261151625
2024-03,holdout,24,Ridge,all,6,2024-09,2.269814,1.4981235220274305
2024-03,holdout,24,Ridge,all,7,2024-10,2.030244,1.4674082883328972
2024-03,holdout,24,Ridge,all,8,2024-11,2.260922,1.4439002734293187
2024-03,holdout,24,Ridge,all,9,2024-12,2.018859,1.4333234842179106
2024-03,holdout,24,Ridge,all,10,2025-01,2.021128,1.4380902634045174
2024-03,holdout,24,Ridge,all,11,2025-02,2.153377,1.4569182718405682
2024-03,holdout,24,Ridge,all,12,2025-03,2.194287,1.4850335295800028
2024-03,holdout,24,Ridge,all,13,2025-04,2.328755,1.5150384557276544
2024-03,holdout,24,Ridge,all,14,2025-05,2.098333,1.538608642644096
2024-03,holdout,24,Ridge,all,15,2025-06,2.356699,1.5488590283456949
2024-03,holdout,24,Ridge,all,16,2025-07,2.667033,1.5426262039998238
2024-03,holdout,24,Ridge,all,17,2025-08,2.544064,1.521606665784052
2024-03,holdout,24,Ridge,all,18,2025-09,2.851779,1.4917363573384776
2024-03,holdout,24,Ridge,all,19,2025-10,2.853997,1.4611520763011732
2024-03,holdout,24,Ridge,all,20,2025-11,3.024742,1.4377442864861751
2024-03,holdout,24,Ridge,all,21,2025-12,3.250133,1.4272125908158404
2024-03,holdout,24,Ridge,all,22,2026-01,3.533279,1.431959047109673
2024-03,holdout,24,Ridge,all,23,2026-02,2.740833,1.45070678339935
2024-03,holdout,24,Ridge,all,24,2026-03,3.781706,1.4787021733316157
2024-03,holdout,24,GradientBoosting,all,1,2024-04,1.822102,1.422622040983869
2024-03,holdout,24,GradientBoosting,all,2,2024-05,1.940296,1.438616863790228
2024-03,holdout,24,GradientBoosting,all,3,2024-06,1.942367,1.3523483494136073
2024-03,holdout,24,GradientBoosting,all,4,2024-07,2.140634,1.4646112520210408
2024-03,holdout,24,GradientBoosting,all,5,2024-08,2.211638,1.4646112520210408
2024-03,holdout,24,GradientBoosting,all,6,2024-09,2.269814,1.4771707547102984
2024-03,holdout,24,GradientBoosting,all,7,2024-10,2.030244,1.3655440030833064
2024-03,holdout,24,GradientBoosting,all,8,2024-11,2.260922,1.4678277548027332
2024-03,holdout,24,GradientBoosting,all,9,2024-12,2.018859,1.4231646273514698
2024-03,holdout,24,GradientBoosting,all,10,2025-01,2.021128,1.4193629966916177
2024-03,holdout,24,GradientBoosting,all,11,2025-02,2.153377,1.3137994068140644
2024-03,holdout,24,GradientBoosting,all,12,2025-03,2.194287,1.5542193203820127
2024-03,holdout,24,GradientBoosting,all,13,2025-04,2.328755,1.409112697777385
2024-03,holdout,24,GradientBoosting,all,14,2025-05,2.098333,1.4249556323487858
2024-03,holdout,24,GradientBoosting,all,15,2025-06,2.356699,1.339506331322621
2024-03,holdout,24,GradientBoosting,all,16,2025-07,2.667033,1.450703175597631
2024-03,holdout,24,GradientBoosting,all,17,2025-08,2.544064,1.450703175597631
2024-03,holdout,24,GradientBoosting,all,18,2025-09,2.851779,1.4631434121519324
2024-03,holdout,24,GradientBoosting,all,19,2025-10,2.853997,1.352576677912068
2024-03,holdout,24,GradientBoosting,all,20,2025-11,3.024742,1.4605644472942154
2024-03,holdout,24,GradientBoosting,all,21,2025-12,3.250133,1.424194007288178
2024-03,holdout,24,GradientBoosting,all,22,2026-01,3.533279,1.424194007288178
2024-03,holdout,24,GradientBoosting,all,23,2026-02,2.740833,1.320985826845757
2024-03,holdout,24,GradientBoosting,all,24,2026-03,3.781706,1.5627208258627636
2024-06,holdout,24,HW_Damped_Add,revenue_only,1,2024-07,2.140634,1.998607337763816
2024-06,holdout,24,HW_Damped_Add,revenue_only,2,2024-08,2.211638,2.0201042972771206
2024-06,holdout,24,HW_Damped_Add,revenue_only,3,2024-09,2.269814,1.9690813820936253
2024-06,holdout,24,HW_Damped_Add,revenue_only,4,2024-10,2.030244,1.9085997507055987
2024-06,holdout,24,HW_Damped_Add,revenue_only,5,2024-11,2.260922,1.983292270026456
2024-06,holdout,24,HW_Damped_Add,revenue_only,6,2024-12,2.018859,1.9581147103312555
2024-06,holdout,24,HW_Damped_Add,revenue_only,7,2025-01,2.021128,1.972602495508823
2024-06,holdout,24,HW_Damped_Add,revenue_only,8,2025-02,2.153377,1.7841522157304712
2024-06,holdout,24,HW_Damped_Add,revenue_only,9,2025-03,2.194287,2.053802741160696
2024-06,holdout,24,HW_Damped_Add,revenue_only,10,2025-04,2.328755,2.0487464431475964
2024-06,holdout,24,HW_Damped_Add,revenue_only,11,2025-05,2.098333,2.0497803551407388
2024-06,holdout,24,HW_Damped_Add,revenue_only,12,2025-06,2.356699,1.9693671539908169
2024-06,holdout,24,HW_Damped_Add,revenue_only,13,2025-07,2.667033,2.0445407620469416
2024-06,holdout,24,HW_Damped_Add,revenue_only,14,2025-08,2.544064,2.065808054438831
2024-06,holdout,24,HW_Damped_Add,revenue_only,15,2025-09,2.851779,2.014556620469527
2024-06,holdout,24,HW_Damped_Add,revenue_only,16,2025-10,2.853997,1.953847612889621
2024-06,holdout,24,HW_Damped_Add,revenue_only,17,2025-11,3.024742,2.0283138928995577
2024-06,holdout,24,HW_Damped_Add,revenue_only,18,2025-12,3.250133,2.002911225089992
2024-06,holdout,24,HW_Damped_Add,revenue_only,19,2026-01,3.533279,2.017175027693766
2024-06,holdout,24,HW_Damped_Add,revenue_only,20,2026-02,2.740833,1.8285018852544888
2024-06,holdout,24,HW_Damped_Add,revenue_only,21,2026-03,3.781706,2.097930662337094
2024-06,holdout,24,HW_Damped_Add,revenue_only,22,2026-04,4.610166,2.092653724718112
2024-06,holdout,24,HW_Damped_Add,revenue_only,23,2026-05,4.794425,2.093468100303402
2024-06,holdout,24,HW_Damped_Add,revenue_only,24,2026-06,4.895221,2.0128364604276667
2024-06,holdout,24,Ridge,revenue_only,1,2024-07,2.140634,1.6464788969385644
2024-06,holdout,24,Ridge,revenue_only,2,2024-08,2.211638,1.614742130927202
2024-06,holdout,24,Ridge,revenue_only,3,2024-09,2.269814,1.5722709045223446
2024-06,holdout,24,Ridge,revenue_only,4,2024-10,2.030244,1.5312818395280157
2024-06,holdout,24,Ridge,revenue_only,5,2024-11,2.260922,1.5027441743910328
2024-06,holdout,24,Ridge,revenue_only,6,2024-12,2.018859,1.4939323835867762
2024-06,holdout,24,Ridge,revenue_only,7,2025-01,2.021128,1.5073073047794203
2024-06,holdout,24,Ridge,revenue_only,8,2025-02,2.153377,1.5402282342057585
2024-06,holdout,24,Ridge,revenue_only,9,2025-03,2.194287,1.585225916264597
2024-06,holdout,24,Ridge,revenue_only,10,2025-04,2.328755,1.6311492249050583
2024-06,holdout,24,Ridge,revenue_only,11,2025-05,2.098333,1.6656895361530255
2024-06,holdout,24,Ridge,revenue_only,12,2025-06,2.356699,1.679107314892733
2024-06,holdout,24,Ridge,revenue_only,13,2025-07,2.667033,1.6677765984598878
2024-06,holdout,24,Ridge,revenue_only,14,2025-08,2.544064,1.6356293078004296
2024-06,holdout,24,Ridge,revenue_only,15,2025-09,2.851779,1.592608703262092
2024-06,holdout,24,Ridge,revenue_only,16,2025-10,2.853997,1.551089432339518
2024-06,holdout,24,Ridge,revenue_only,17,2025-11,3.024742,1.522182623889898
2024-06,holdout,24,Ridge,revenue_only,18,2025-12,3.250133,1.5132568499117505
2024-06,holdout,24,Ridge,revenue_only,19,2026-01,3.533279,1.5268047797472395
2024-06,holdout,24,Ridge,revenue_only,20,2026-02,2.740833,1.560151551332885
2024-06,holdout,24,Ridge,revenue_only,21,2026-03,3.781706,1.6057312919916988
2024-06,holdout,24,Ridge,revenue_only,22,2026-04,4.610166,1.6522486324913692
2024-06,holdout,24,Ridge,revenue_only,23,2026-05,4.794425,1.6872357330913166
2024-06,holdout,24,Ridge,revenue_only,24,2026-06,4.895221,1.7008270748491765
2024-06,holdout,24,GradientBoosting,revenue_only,1,2024-07,2.140634,1.7820178638261623
2024-06,holdout,24,GradientBoosting,revenue_only,2,2024-08,2.211638,1.7104170029732748
2024-06,holdout,24,GradientBoosting,revenue_only,3,2024-09,2.269814,1.6325327491698445
2024-06,holdout,24,GradientBoosting,revenue_only,4,2024-10,2.030244,1.4258385516566072
2024-06,holdout,24,GradientBoosting,revenue_only,5,2024-11,2.260922,1.4737789956921603
2024-06,holdout,24,GradientBoosting,revenue_only,6,2024-12,2.018859,1.4737789956921603
2024-06,holdout,24,GradientBoosting,revenue_only,7,2025-01,2.021128,1.4737789956921603
2024-06,holdout,24,GradientBoosting,revenue_only,8,2025-02,2.153377,1.3186684589009492
2024-06,holdout,24,GradientBoosting,revenue_only,9,2025-03,2.194287,1.691037234104004
2024-06,holdout,24,GradientBoosting,revenue_only,10,2025-04,2.328755,1.763354529769832
2024-06,holdout,24,GradientBoosting,revenue_only,11,2025-05,2.098333,1.8335026514311903
2024-06,holdout,24,GradientBoosting,revenue_only,12,2025-06,2.356699,1.7897528410077306
2024-06,holdout,24,GradientBoosting,revenue_only,13,2025-07,2.667033,1.7897528410077306
2024-06,holdout,24,GradientBoosting,revenue_only,14,2025-08,2.544064,1.717841191449455
2024-06,holdout,24,GradientBoosting,revenue_only,15,2025-09,2.851779,1.6396188754199366
2024-06,holdout,24,GradientBoosting,revenue_only,16,2025-10,2.853997,1.4320275068211668
2024-06,holdout,24,GradientBoosting,revenue_only,17,2025-11,3.024742,1.4801760398148702
2024-06,holdout,24,GradientBoosting,revenue_only,18,2025-12,3.250133,1.4801760398148702
2024-06,holdout,24,GradientBoosting,revenue_only,19,2026-01,3.533279,1.4801760398148702
2024-06,holdout,24,GradientBoosting,revenue_only,20,2026-02,2.740833,1.324392234541308
2024-06,holdout,24,GradientBoosting,revenue_only,21,2026-03,3.781706,1.6983773032943834
2024-06,holdout,24,GradientBoosting,revenue_only,22,2026-04,4.610166,1.763354529769832
2024-06,holdout,24,GradientBoosting,revenue_only,23,2026-05,4.794425,1.8335026514311903
2024-06,holdout,24,GradientBoosting,revenue_only,24,2026-06,4.895221,1.7897528410077306
2024-06,holdout,24,Ridge,quarterly_expanded,1,2024-07,2.140634,1.8046287399299543
2024-06,holdout,24,Ridge,quarterly_expanded,2,2024-08,2.211638,1.7693839062657144
2024-06,holdout,24,Ridge,quarterly_expanded,3,2024-09,2.269814,1.7227346365284786
2024-06,holdout,24,Ridge,quarterly_expanded,4,2024-10,2.030244,1.677967275483614
2024-06,holdout,24,Ridge,quarterly_expanded,5,2024-11,2.260922,1.64694398563694
2024-06,holdout,24,Ridge,quarterly_expanded,6,2024-12,2.018859,1.637470663109328
2024-06,holdout,24,Ridge,quarterly_expanded,7,2025-01,2.021128,1.652100103155054
2024-06,holdout,24,Ridge,quarterly_expanded,8,2025-02,2.153377,1.687834103506474
2024-06,holdout,24,Ridge,quarterly_expanded,9,2025-03,2.194287,1.736445062416942
2024-06,holdout,24,Ridge,quarterly_expanded,10,2025-04,2.328755,1.785761884645788
2024-06,holdout,24,Ridge,quarterly_expanded,11,2025-05,2.098333,1.8224507887377808
2024-06,holdout,24,Ridge,quarterly_expanded,12,2025-06,2.356699,1.8360677961805263
2024-06,holdout,24,Ridge,quarterly_expanded,13,2025-07,2.667033,1.822860715824619
2024-06,holdout,24,Ridge,quarterly_expanded,14,2025-08,2.544064,1.7872598072827268
2024-06,holdout,24,Ridge,quarterly_expanded,15,2025-09,2.851779,1.7401392448399424
2024-06,holdout,24,Ridge,quarterly_expanded,16,2025-10,2.853997,1.694919603816721
2024-06,holdout,24,Ridge,quarterly_expanded,17,2025-11,3.024742,1.6635828889091784
2024-06,holdout,24,Ridge,quarterly_expanded,18,2025-12,3.250133,1.654013858392358
2024-06,holdout,24,Ridge,quarterly_expanded,19,2026-01,3.533279,1.6687910981446743
2024-06,holdout,24,Ridge,quarterly_expanded,20,2026-02,2.740833,1.7048861153737556
2024-06,holdout,24,Ridge,quarterly_expanded,21,2026-03,3.781706,1.75398818573084
2024-06,holdout,24,Ridge,quarterly_expanded,22,2026-04,4.610166,1.8038032506697692
2024-06,holdout,24,Ridge,quarterly_expanded,23,2026-05,4.794425,1.840862818932296
2024-06,holdout,24,Ridge,quarterly_expanded,24,2026-06,4.895221,1.8546173975806644
2024-06,holdout,24,GradientBoosting,quarterly_expanded,1,2024-07,2.140634,1.819564605008836
2024-06,holdout,24,GradientBoosting,quarterly_expanded,2,2024-08,2.211638,1.7612550541894818
2024-06,holdout,24,GradientBoosting,quarterly_expanded,3,2024-09,2.269814,1.645528718024834
2024-06,holdout,24,GradientBoosting,quarterly_expanded,4,2024-10,2.030244,1.4270777550152345
2024-06,holdout,24,GradientBoosting,quarterly_expanded,5,2024-11,2.260922,1.4944185280718605
2024-06,holdout,24,GradientBoosting,quarterly_expanded,6,2024-12,2.018859,1.49026705521117
2024-06,holdout,24,GradientBoosting,quarterly_expanded,7,2025-01,2.021128,1.49026705521117
2024-06,holdout,24,GradientBoosting,quarterly_expanded,8,2025-02,2.153377,1.3526241183237695
2024-06,holdout,24,GradientBoosting,quarterly_expanded,9,2025-03,2.194287,1.7159857589194412
2024-06,holdout,24,GradientBoosting,quarterly_expanded,10,2025-04,2.328755,1.874064468225346
2024-06,holdout,24,GradientBoosting,quarterly_expanded,11,2025-05,2.098333,1.95440608424018
2024-06,holdout,24,GradientBoosting,quarterly_expanded,12,2025-06,2.356699,1.9120868465240308
2024-06,holdout,24,GradientBoosting,quarterly_expanded,13,2025-07,2.667033,1.9120868465240308
2024-06,holdout,24,GradientBoosting,quarterly_expanded,14,2025-08,2.544064,1.850812338962443
2024-06,holdout,24,GradientBoosting,quarterly_expanded,15,2025-09,2.851779,1.7300351373473777
2024-06,holdout,24,GradientBoosting,quarterly_expanded,16,2025-10,2.853997,1.501138302189503
2024-06,holdout,24,GradientBoosting,quarterly_expanded,17,2025-11,3.024742,1.5693521487395208
2024-06,holdout,24,GradientBoosting,quarterly_expanded,18,2025-12,3.250133,1.5622038373702771
2024-06,holdout,24,GradientBoosting,quarterly_expanded,19,2026-01,3.533279,1.5711143708735384
2024-06,holdout,24,GradientBoosting,quarterly_expanded,20,2026-02,2.740833,1.4397836812023226
2024-06,holdout,24,GradientBoosting,quarterly_expanded,21,2026-03,3.781706,1.8265593962123992
2024-06,holdout,24,GradientBoosting,quarterly_expanded,22,2026-04,4.610166,1.9526954407882409
2024-06,holdout,24,GradientBoosting,quarterly_expanded,23,2026-05,4.794425,1.995982810205908
2024-06,holdout,24,GradientBoosting,quarterly_expanded,24,2026-06,4.895221,1.9527633013722097
2024-06,holdout,24,Ridge,peer_fx,1,2024-07,2.140634,1.7924747893478763
2024-06,holdout,24,Ridge,peer_fx,2,2024-08,2.211638,1.7577559776204816
2024-06,holdout,24,Ridge,peer_fx,3,2024-09,2.269814,1.7115440063915466
2024-06,holdout,24,Ridge,peer_fx,4,2024-10,2.030244,1.6670808392176186
2024-06,holdout,24,Ridge,peer_fx,5,2024-11,2.260922,1.636221989858775
2024-06,holdout,24,Ridge,peer_fx,6,2024-12,2.018859,1.6267988479908049
2024-06,holdout,24,Ridge,peer_fx,7,2025-01,2.021128,1.641415398875265
2024-06,holdout,24,Ridge,peer_fx,8,2025-02,2.153377,1.6771430747565086
2024-06,holdout,24,Ridge,peer_fx,9,2025-03,2.194287,1.7258290062892243
2024-06,holdout,24,Ridge,peer_fx,10,2025-04,2.328755,1.7753595115309766
2024-06,holdout,24,Ridge,peer_fx,11,2025-05,2.098333,1.8124159826502644
2024-06,holdout,24,Ridge,peer_fx,12,2025-06,2.356699,1.8265156148714337
2024-06,holdout,24,Ridge,peer_fx,13,2025-07,2.667033,1.8138270707313435
2024-06,holdout,24,Ridge,peer_fx,14,2025-08,2.544064,1.7786946822877188
2024-06,holdout,24,Ridge,peer_fx,15,2025-09,2.851779,1.731932225763912
2024-06,holdout,24,Ridge,peer_fx,16,2025-10,2.853997,1.6869394053628703
2024-06,holdout,24,Ridge,peer_fx,17,2025-11,3.024742,1.655712959852273
2024-06,holdout,24,Ridge,peer_fx,18,2025-12,3.250133,1.646177567827214
2024-06,holdout,24,Ridge,peer_fx,19,2026-01,3.533279,1.660968233689021
2024-06,holdout,24,Ridge,peer_fx,20,2026-02,2.740833,1.6971215040573535
2024-06,holdout,24,Ridge,peer_fx,21,2026-03,3.781706,1.7463873911440786
2024-06,holdout,24,Ridge,peer_fx,22,2026-04,4.610166,1.7965079126534351
2024-06,holdout,24,Ridge,peer_fx,23,2026-05,4.794425,1.8340058071071652
2024-06,holdout,24,Ridge,peer_fx,24,2026-06,4.895221,1.848273396677793
2024-06,holdout,24,GradientBoosting,peer_fx,1,2024-07,2.140634,1.7498860605982722
2024-06,holdout,24,GradientBoosting,peer_fx,2,2024-08,2.211638,1.7350396027410924
2024-06,holdout,24,GradientBoosting,peer_fx,3,2024-09,2.269814,1.6833533122536886
2024-06,holdout,24,GradientBoosting,peer_fx,4,2024-10,2.030244,1.4557042017968933
2024-06,holdout,24,GradientBoosting,peer_fx,5,2024-11,2.260922,1.5107314161901784
2024-06,holdout,24,GradientBoosting,peer_fx,6,2024-12,2.018859,1.5107314161901784
2024-06,holdout,24,GradientBoosting,peer_fx,7,2025-01,2.021128,1.5107314161901784
2024-06,holdout,24,GradientBoosting,peer_fx,8,2025-02,2.153377,1.3333224714312508
2024-06,holdout,24,GradientBoosting,peer_fx,9,2025-03,2.194287,1.716614096719956
2024-06,holdout,24,GradientBoosting,peer_fx,10,2025-04,2.328755,1.760894119046398
2024-06,holdout,24,GradientBoosting,peer_fx,11,2025-05,2.098333,1.7689597132552997
2024-06,holdout,24,GradientBoosting,peer_fx,12,2025-06,2.356699,1.7231758149673062
2024-06,holdout,24,GradientBoosting,peer_fx,13,2025-07,2.667033,1.7231758149673062
2024-06,holdout,24,GradientBoosting,peer_fx,14,2025-08,2.544064,1.7085559733139148
2024-06,holdout,24,GradientBoosting,peer_fx,15,2025-09,2.851779,1.6576586219156082
2024-06,holdout,24,GradientBoosting,peer_fx,16,2025-10,2.853997,1.4334843455036606
2024-06,holdout,24,GradientBoosting,peer_fx,17,2025-11,3.024742,1.486380308511897
2024-06,holdout,24,GradientBoosting,peer_fx,18,2025-12,3.250133,1.486380308511897
2024-06,holdout,24,GradientBoosting,peer_fx,19,2026-01,3.533279,1.486380308511897
2024-06,holdout,24,GradientBoosting,peer_fx,20,2026-02,2.740833,1.3118309748463888
2024-06,holdout,24,GradientBoosting,peer_fx,21,2026-03,3.781706,1.6987773844129177
2024-06,holdout,24,GradientBoosting,peer_fx,22,2026-04,4.610166,1.748677968655004
2024-06,holdout,24,GradientBoosting,peer_fx,23,2026-05,4.794425,1.7689597132552997
2024-06,holdout,24,GradientBoosting,peer_fx,24,2026-06,4.895221,1.7231758149673062
2024-06,holdout,24,Ridge,all,1,2024-07,2.140634,1.7759455007270033
2024-06,holdout,24,Ridge,all,2,2024-08,2.211638,1.7411962362097066
2024-06,holdout,24,Ridge,all,3,2024-09,2.269814,1.695164474066995
2024-06,holdout,24,Ridge,all,4,2024-10,2.030244,1.6509888119116245
2024-06,holdout,24,Ridge,all,5,2024-11,2.260922,1.6203978286017573
2024-06,holdout,24,Ridge,all,6,2024-12,2.018859,1.611109746702898
2024-06,holdout,24,Ridge,all,7,2025-01,2.021128,1.6256527936908731
2024-06,holdout,24,Ridge,all,8,2025-02,2.153377,1.6610712023347876
2024-06,holdout,24,Ridge,all,9,2025-03,2.194287,1.709238498891635
2024-06,holdout,24,Ridge,all,10,2025-04,2.328755,1.7581216340022972
2024-06,holdout,24,Ridge,all,11,2025-05,2.098333,1.7945267458573957
2024-06,holdout,24,Ridge,all,12,2025-06,2.356699,1.8081106440076984
2024-06,holdout,24,Ridge,all,13,2025-07,2.667033,1.795150535082945
2024-06,holdout,24,Ridge,all,14,2025-08,2.544064,1.760025492807477
2024-06,holdout,24,Ridge,all,15,2025-09,2.851779,1.7134959442332265
2024-06,holdout,24,Ridge,all,16,2025-10,2.853997,1.6688425674694711
2024-06,holdout,24,Ridge,all,17,2025-11,3.024742,1.6379207739600754
2024-06,holdout,24,Ridge,all,18,2025-12,3.250133,1.6285322509542703
2024-06,holdout,24,Ridge,all,19,2026-01,3.533279,1.6432325661224512
2024-06,holdout,24,Ridge,all,20,2026-02,2.740833,1.679033988633943
2024-06,holdout,24,Ridge,all,21,2026-03,3.781706,1.7277221652430377
2024-06,holdout,24,Ridge,all,22,2026-04,4.610166,1.7771339214678283
2024-06,holdout,24,Ridge,all,23,2026-05,4.794425,1.8139327173766453
2024-06,holdout,24,Ridge,all,24,2026-06,4.895221,1.8276635114933828
2024-06,holdout,24,GradientBoosting,all,1,2024-07,2.140634,1.819564605008836
2024-06,holdout,24,GradientBoosting,all,2,2024-08,2.211638,1.7612550541894818
2024-06,holdout,24,GradientBoosting,all,3,2024-09,2.269814,1.645528718024834
2024-06,holdout,24,GradientBoosting,all,4,2024-10,2.030244,1.4270777550152345
2024-06,holdout,24,GradientBoosting,all,5,2024-11,2.260922,1.4944185280718605
2024-06,holdout,24,GradientBoosting,all,6,2024-12,2.018859,1.49026705521117
2024-06,holdout,24,GradientBoosting,all,7,2025-01,2.021128,1.49026705521117
2024-06,holdout,24,GradientBoosting,all,8,2025-02,2.153377,1.3526241183237695
2024-06,holdout,24,GradientBoosting,all,9,2025-03,2.194287,1.7159857589194412
2024-06,holdout,24,GradientBoosting,all,10,2025-04,2.328755,1.874064468225346
2024-06,holdout,24,GradientBoosting,all,11,2025-05,2.098333,1.95440608424018
2024-06,holdout,24,GradientBoosting,all,12,2025-06,2.356699,1.9120868465240308
2024-06,holdout,24,GradientBoosting,all,13,2025-07,2.667033,1.9120868465240308
2024-06,holdout,24,GradientBoosting,all,14,2025-08,2.544064,1.850812338962443
2024-06,holdout,24,GradientBoosting,all,15,2025-09,2.851779,1.7300351373473777
2024-06,holdout,24,GradientBoosting,all,16,2025-10,2.853997,1.501138302189503
2024-06,holdout,24,GradientBoosting,all,17,2025-11,3.024742,1.5693521487395208
2024-06,holdout,24,GradientBoosting,all,18,2025-12,3.250133,1.5622038373702771
2024-06,holdout,24,GradientBoosting,all,19,2026-01,3.533279,1.5711143708735384
2024-06,holdout,24,GradientBoosting,all,20,2026-02,2.740833,1.4397836812023226
2024-06,holdout,24,GradientBoosting,all,21,2026-03,3.781706,1.8265593962123992
2024-06,holdout,24,GradientBoosting,all,22,2026-04,4.610166,1.9526954407882409
2024-06,holdout,24,GradientBoosting,all,23,2026-05,4.794425,1.995982810205908
2024-06,holdout,24,GradientBoosting,all,24,2026-06,4.895221,1.9527633013722097
2024-09,holdout,24,HW_Damped_Add,revenue_only,1,2024-10,2.030244,2.2081590469793637
2024-09,holdout,24,HW_Damped_Add,revenue_only,2,2024-11,2.260922,2.2816827250040204
2024-09,holdout,24,HW_Damped_Add,revenue_only,3,2024-12,2.018859,2.255335788400449
2024-09,holdout,24,HW_Damped_Add,revenue_only,4,2025-01,2.021128,2.2681610041237192
2024-09,holdout,24,HW_Damped_Add,revenue_only,5,2025-02,2.153377,2.0785670537145995
2024-09,holdout,24,HW_Damped_Add,revenue_only,6,2025-03,2.194287,2.347074257390781
2024-09,holdout,24,HW_Damped_Add,revenue_only,7,2025-04,2.328755,2.340881626383416
2024-09,holdout,24,HW_Damped_Add,revenue_only,8,2025-05,2.098333,2.340778022782797
2024-09,holdout,24,HW_Damped_Add,revenue_only,9,2025-06,2.356699,2.259230775300745
2024-09,holdout,24,HW_Damped_Add,revenue_only,10,2025-07,2.667033,2.34511078780383
2024-09,holdout,24,HW_Damped_Add,revenue_only,11,2025-08,2.544064,2.3693712540982754
2024-09,holdout,24,HW_Damped_Add,revenue_only,12,2025-09,2.851779,2.326093881921268
2024-09,holdout,24,HW_Damped_Add,revenue_only,13,2025-10,2.853997,2.2641575309910458
2024-09,holdout,24,HW_Damped_Add,revenue_only,14,2025-11,3.024742,2.3374012165956444
2024-09,holdout,24,HW_Damped_Add,revenue_only,15,2025-12,3.250133,2.310775687534114
2024-09,holdout,24,HW_Damped_Add,revenue_only,16,2026-01,3.533279,2.323323703761717
2024-09,holdout,24,HW_Damped_Add,revenue_only,17,2026-02,2.740833,2.133453939854407
2024-09,holdout,24,HW_Damped_Add,revenue_only,18,2026-03,3.781706,2.401686709099889
2024-09,holdout,24,HW_Damped_Add,revenue_only,19,2026-04,4.610166,2.3952210158339797
2024-09,holdout,24,HW_Damped_Add,revenue_only,20,2026-05,4.794425,2.394845715286108
2024-09,holdout,24,HW_Damped_Add,revenue_only,21,2026-06,4.895221,2.313028129341539
2024-09,holdout,24,HW_Damped_Add,revenue_only,22,2026-07,5.908074,2.39863915507442
2024-09,holdout,24,HW_Damped_Add,revenue_only,23,2026-08,5.91454,2.422631979532512
2024-09,holdout,24,HW_Damped_Add,revenue_only,24,2026-09,6.12557,2.379088303728333
2024-09,holdout,24,Ridge,revenue_only,1,2024-10,2.030244,1.5925039051313477
2024-09,holdout,24,Ridge,revenue_only,2,2024-11,2.260922,1.5504987556153096
2024-09,holdout,24,Ridge,revenue_only,3,2024-12,2.018859,1.527562941722604
2024-09,holdout,24,Ridge,revenue_only,4,2025-01,2.021128,1.5298744307229983
2024-09,holdout,24,Ridge,revenue_only,5,2025-02,2.153377,1.5578421082990903
2024-09,holdout,24,Ridge,revenue_only,6,2025-03,2.194287,1.606023496208824
2024-09,holdout,24,Ridge,revenue_only,7,2025-04,2.328755,1.6636216179052894
2024-09,holdout,24,Ridge,revenue_only,8,2025-05,2.098333,1.7162835464201436
2024-09,holdout,24,Ridge,revenue_only,9,2025-06,2.356699,1.7497932908546718
2024-09,holdout,24,Ridge,revenue_only,10,2025-07,2.667033,1.75491252941339
2024-09,holdout,24,Ridge,revenue_only,11,2025-08,2.544064,1.7310643886401111
2024-09,holdout,24,Ridge,revenue_only,12,2025-09,2.851779,1.68659250461416
2024-09,holdout,24,Ridge,revenue_only,13,2025-10,2.853997,1.635433559861761
2024-09,holdout,24,Ridge,revenue_only,14,2025-11,3.024742,1.5922960636307086
2024-09,holdout,24,Ridge,revenue_only,15,2025-12,3.250133,1.5687419614134333
2024-09,holdout,24,Ridge,revenue_only,16,2026-01,3.533279,1.571115761987683
2024-09,holdout,24,Ridge,revenue_only,17,2026-02,2.740833,1.5998373735027027
2024-09,holdout,24,Ridge,revenue_only,18,2026-03,3.781706,1.6493176030295478
2024-09,holdout,24,Ridge,revenue_only,19,2026-04,4.610166,1.708468416351812
2024-09,holdout,24,Ridge,revenue_only,20,2026-05,4.794425,1.7625499698994815
2024-09,holdout,24,Ridge,revenue_only,21,2026-06,4.895221,1.7969630476031109
2024-09,holdout,24,Ridge,revenue_only,22,2026-07,5.908074,1.8022202871696127
2024-09,holdout,24,Ridge,revenue_only,23,2026-08,5.91454,1.777729264174156
2024-09,holdout,24,Ridge,revenue_only,24,2026-09,6.12557,1.7320585368547636
2024-09,holdout,24,GradientBoosting,revenue_only,1,2024-10,2.030244,1.523371537890215
2024-09,holdout,24,GradientBoosting,revenue_only,2,2024-11,2.260922,1.5665543000369369
2024-09,holdout,24,GradientBoosting,revenue_only,3,2024-12,2.018859,1.463148731165906
2024-09,holdout,24,GradientBoosting,revenue_only,4,2025-01,2.021128,1.463148731165906
2024-09,holdout,24,GradientBoosting,revenue_only,5,2025-02,2.153377,1.2969667306791586
2024-09,holdout,24,GradientBoosting,revenue_only,6,2025-03,2.194287,1.7777773408094864
2024-09,holdout,24,GradientBoosting,revenue_only,7,2025-04,2.328755,1.773975311596942
2024-09,holdout,24,GradientBoosting,revenue_only,8,2025-05,2.098333,1.7696500577119252
2024-09,holdout,24,GradientBoosting,revenue_only,9,2025-06,2.356699,1.7532017433541216
2024-09,holdout,24,GradientBoosting,revenue_only,10,2025-07,2.667033,1.894717090900368
2024-09,holdout,24,GradientBoosting,revenue_only,11,2025-08,2.544064,1.919757808836088
2024-09,holdout,24,GradientBoosting,revenue_only,12,2025-09,2.851779,1.9229183437442303
2024-09,holdout,24,GradientBoosting,revenue_only,13,2025-10,2.853997,1.5105518600165742
2024-09,holdout,24,GradientBoosting,revenue_only,14,2025-11,3.024742,1.5551475616484798
2024-09,holdout,24,GradientBoosting,revenue_only,15,2025-12,3.250133,1.4524949320608134
2024-09,holdout,24,GradientBoosting,revenue_only,16,2026-01,3.533279,1.4524949320608134
2024-09,holdout,24,GradientBoosting,revenue_only,17,2026-02,2.740833,1.2875229723651054
2024-09,holdout,24,GradientBoosting,revenue_only,18,2026-03,3.781706,1.7814069046369616
2024-09,holdout,24,GradientBoosting,revenue_only,19,2026-04,4.610166,1.7835923073515871
2024-09,holdout,24,GradientBoosting,revenue_only,20,2026-05,4.794425,1.7792436055933227
2024-09,holdout,24,GradientBoosting,revenue_only,21,2026-06,4.895221,1.7686972063833355
2024-09,holdout,24,GradientBoosting,revenue_only,22,2026-07,5.908074,1.9114633203312703
2024-09,holdout,24,GradientBoosting,revenue_only,23,2026-08,5.91454,1.9340300894026712
2024-09,holdout,24,GradientBoosting,revenue_only,24,2026-09,6.12557,1.9316603580519995
2024-09,holdout,24,Ridge,quarterly_expanded,1,2024-10,2.030244,1.892777202319916
2024-09,holdout,24,Ridge,quarterly_expanded,2,2024-11,2.260922,1.844285518267135
2024-09,holdout,24,Ridge,quarterly_expanded,3,2024-12,2.018859,1.818215527263381
2024-09,holdout,24,Ridge,quarterly_expanded,4,2025-01,2.021128,1.8217244880460453
2024-09,holdout,24,Ridge,quarterly_expanded,5,2025-02,2.153377,1.855199855851486
2024-09,holdout,24,Ridge,quarterly_expanded,6,2025-03,2.194287,1.9121649009277613
2024-09,holdout,24,Ridge,quarterly_expanded,7,2025-04,2.328755,1.9798947661069308
2024-09,holdout,24,Ridge,quarterly_expanded,8,2025-05,2.098333,2.0415751920104293
2024-09,holdout,24,Ridge,quarterly_expanded,9,2025-06,2.356699,2.0806551488739795
2024-09,holdout,24,Ridge,quarterly_expanded,10,2025-07,2.667033,2.0864822928733164
2024-09,holdout,24,Ridge,quarterly_expanded,11,2025-08,2.544064,2.0585367736533677
2024-09,holdout,24,Ridge,quarterly_expanded,12,2025-09,2.851779,2.0066698302970614
2024-09,holdout,24,Ridge,quarterly_expanded,13,2025-10,2.853997,1.9472023619852443
2024-09,holdout,24,Ridge,quarterly_expanded,14,2025-11,3.024742,1.8973163417983545
2024-09,holdout,24,Ridge,quarterly_expanded,15,2025-12,3.250133,1.870496730912708
2024-09,holdout,24,Ridge,quarterly_expanded,16,2026-01,3.533279,1.8741065888060413
2024-09,holdout,24,Ridge,quarterly_expanded,17,2026-02,2.740833,1.908544511652526
2024-09,holdout,24,Ridge,quarterly_expanded,18,2026-03,3.781706,1.9671475369780456
2024-09,holdout,24,Ridge,quarterly_expanded,19,2026-04,4.610166,2.0368249154313443
2024-09,holdout,24,Ridge,quarterly_expanded,20,2026-05,4.794425,2.100278908252232
2024-09,holdout,24,Ridge,quarterly_expanded,21,2026-06,4.895221,2.1404825752330674
2024-09,holdout,24,Ridge,quarterly_expanded,22,2026-07,5.908074,2.1464772736821134
2024-09,holdout,24,Ridge,quarterly_expanded,23,2026-08,5.91454,2.1177282054001765
2024-09,holdout,24,Ridge,quarterly_expanded,24,2026-09,6.12557,2.064369873268657
2024-09,holdout,24,GradientBoosting,quarterly_expanded,1,2024-10,2.030244,1.666688379210033
2024-09,holdout,24,GradientBoosting,quarterly_expanded,2,2024-11,2.260922,1.7351555727428345
2024-09,holdout,24,GradientBoosting,quarterly_expanded,3,2024-12,2.018859,1.5998582500096898
2024-09,holdout,24,GradientBoosting,quarterly_expanded,4,2025-01,2.021128,1.5998582500096898
2024-09,holdout,24,GradientBoosting,quarterly_expanded,5,2025-02,2.153377,1.3953163615366848
2024-09,holdout,24,GradientBoosting,quarterly_expanded,6,2025-03,2.194287,1.8197820320869136
2024-09,holdout,24,GradientBoosting,quarterly_expanded,7,2025-04,2.328755,1.866923010172114
2024-09,holdout,24,GradientBoosting,quarterly_expanded,8,2025-05,2.098333,1.901676825007225
2024-09,holdout,24,GradientBoosting,quarterly_expanded,9,2025-06,2.356699,1.8447312183474385
2024-09,holdout,24,GradientBoosting,quarterly_expanded,10,2025-07,2.667033,2.062498437250426
2024-09,holdout,24,GradientBoosting,quarterly_expanded,11,2025-08,2.544064,2.0394568754156484
2024-09,holdout,24,GradientBoosting,quarterly_expanded,12,2025-09,2.851779,1.9802798093600091
2024-09,holdout,24,GradientBoosting,quarterly_expanded,13,2025-10,2.853997,1.6073105365875764
2024-09,holdout,24,GradientBoosting,quarterly_expanded,14,2025-11,3.024742,1.6752181095739276
2024-09,holdout,24,GradientBoosting,quarterly_expanded,15,2025-12,3.250133,1.5453779540834915
2024-09,holdout,24,GradientBoosting,quarterly_expanded,16,2026-01,3.533279,1.5453779540834915
2024-09,holdout,24,GradientBoosting,quarterly_expanded,17,2026-02,2.740833,1.3699979029312046
2024-09,holdout,24,GradientBoosting,quarterly_expanded,18,2026-03,3.781706,1.821115046287641
2024-09,holdout,24,GradientBoosting,quarterly_expanded,19,2026-04,4.610166,1.8781688621022408
2024-09,holdout,24,GradientBoosting,quarterly_expanded,20,2026-05,4.794425,1.913132024753793
2024-09,holdout,24,GradientBoosting,quarterly_expanded,21,2026-06,4.895221,1.8751955470738724
2024-09,holdout,24,GradientBoosting,quarterly_expanded,22,2026-07,5.908074,2.104338152205582
2024-09,holdout,24,GradientBoosting,quarterly_expanded,23,2026-08,5.91454,2.075969999780932
2024-09,holdout,24,GradientBoosting,quarterly_expanded,24,2026-09,6.12557,2.012907507161624
2024-09,holdout,24,Ridge,peer_fx,1,2024-10,2.030244,1.888019262056421
2024-09,holdout,24,Ridge,peer_fx,2,2024-11,2.260922,1.8396081548438932
2024-09,holdout,24,Ridge,peer_fx,3,2024-12,2.018859,1.8137458703894789
2024-09,holdout,24,Ridge,peer_fx,4,2025-01,2.021128,1.8175787036456577
2024-09,holdout,24,Ridge,peer_fx,5,2025-02,2.153377,1.8514667752653309
2024-09,holdout,24,Ridge,peer_fx,6,2025-03,2.194287,1.908889271171001
2024-09,holdout,24,Ridge,peer_fx,7,2025-04,2.328755,1.9770572913643976
2024-09,holdout,24,Ridge,peer_fx,8,2025-05,2.098333,2.03907974292346
2024-09,holdout,24,Ridge,peer_fx,9,2025-06,2.356699,2.0783417443391303
2024-09,holdout,24,Ridge,peer_fx,10,2025-07,2.667033,2.0841742833522536
2024-09,holdout,24,Ridge,peer_fx,11,2025-08,2.544064,2.056104560294545
2024-09,holdout,24,Ridge,peer_fx,12,2025-09,2.851779,2.004076259174614
2024-09,holdout,24,Ridge,peer_fx,13,2025-10,2.853997,1.9445073398894224
2024-09,holdout,24,Ridge,peer_fx,14,2025-11,3.024742,1.8946478097464927
2024-09,holdout,24,Ridge,peer_fx,15,2025-12,3.250133,1.868011745719719
2024-09,holdout,24,Ridge,peer_fx,16,2026-01,3.533279,1.8719592543860737
2024-09,holdout,24,Ridge,peer_fx,17,2026-02,2.740833,1.9068612309302009
2024-09,holdout,24,Ridge,peer_fx,18,2026-03,3.781706,1.966001763554708
2024-09,holdout,24,Ridge,peer_fx,19,2026-04,4.610166,2.0362093182527534
2024-09,holdout,24,Ridge,peer_fx,20,2026-05,4.794425,2.100087433650354
2024-09,holdout,24,Ridge,peer_fx,21,2026-06,4.895221,2.1405241238186337
2024-09,holdout,24,Ridge,peer_fx,22,2026-07,5.908074,2.146531167893416
2024-09,holdout,24,Ridge,peer_fx,23,2026-08,5.91454,2.117621620405575
2024-09,holdout,24,Ridge,peer_fx,24,2026-09,6.12557,2.0640366727078017
2024-09,holdout,24,GradientBoosting,peer_fx,1,2024-10,2.030244,1.5025664315874463
2024-09,holdout,24,GradientBoosting,peer_fx,2,2024-11,2.260922,1.5377399255592974
2024-09,holdout,24,GradientBoosting,peer_fx,3,2024-12,2.018859,1.4563181134272694
2024-09,holdout,24,GradientBoosting,peer_fx,4,2025-01,2.021128,1.4563181134272694
2024-09,holdout,24,GradientBoosting,peer_fx,5,2025-02,2.153377,1.295612851437868
2024-09,holdout,24,GradientBoosting,peer_fx,6,2025-03,2.194287,1.8195877233549165
2024-09,holdout,24,GradientBoosting,peer_fx,7,2025-04,2.328755,1.8113038361772464
2024-09,holdout,24,GradientBoosting,peer_fx,8,2025-05,2.098333,1.8113038361772464
2024-09,holdout,24,GradientBoosting,peer_fx,9,2025-06,2.356699,1.80638840520784
2024-09,holdout,24,GradientBoosting,peer_fx,10,2025-07,2.667033,1.913707993171697
2024-09,holdout,24,GradientBoosting,peer_fx,11,2025-08,2.544064,1.929144009109122
2024-09,holdout,24,GradientBoosting,peer_fx,12,2025-09,2.851779,1.929299070996308
2024-09,holdout,24,GradientBoosting,peer_fx,13,2025-10,2.853997,1.4808289662582357
2024-09,holdout,24,GradientBoosting,peer_fx,14,2025-11,3.024742,1.516405959926412
2024-09,holdout,24,GradientBoosting,peer_fx,15,2025-12,3.250133,1.436113760229439
2024-09,holdout,24,GradientBoosting,peer_fx,16,2026-01,3.533279,1.436974283860529
2024-09,holdout,24,GradientBoosting,peer_fx,17,2026-02,2.740833,1.2784036208778553
2024-09,holdout,24,GradientBoosting,peer_fx,18,2026-03,3.781706,1.8067430849627024
2024-09,holdout,24,GradientBoosting,peer_fx,19,2026-04,4.610166,1.808962810809245
2024-09,holdout,24,GradientBoosting,peer_fx,20,2026-05,4.794425,1.808962810809245
2024-09,holdout,24,GradientBoosting,peer_fx,21,2026-06,4.895221,1.8104579651932973
2024-09,holdout,24,GradientBoosting,peer_fx,22,2026-07,5.908074,1.916881451938431
2024-09,holdout,24,GradientBoosting,peer_fx,23,2026-08,5.91454,1.940855916674225
2024-09,holdout,24,GradientBoosting,peer_fx,24,2026-09,6.12557,1.9384743486193627
2024-09,holdout,24,Ridge,all,1,2024-10,2.030244,1.9446017064112155
2024-09,holdout,24,Ridge,all,2,2024-11,2.260922,1.8950726593289329
2024-09,holdout,24,Ridge,all,3,2024-12,2.018859,1.8686867325362584
2024-09,holdout,24,Ridge,all,4,2025-01,2.021128,1.8727440145894596
2024-09,holdout,24,Ridge,all,5,2025-02,2.153377,1.9075829571431115
2024-09,holdout,24,Ridge,all,6,2025-03,2.194287,1.966485819600312
2024-09,holdout,24,Ridge,all,7,2025-04,2.328755,2.0363192749188044
2024-09,holdout,24,Ridge,all,8,2025-05,2.098333,2.099771395803707
2024-09,holdout,24,Ridge,all,9,2025-06,2.356699,2.1398470169115167
2024-09,holdout,24,Ridge,all,10,2025-07,2.667033,2.1456661838328737
2024-09,holdout,24,Ridge,all,11,2025-08,2.544064,2.116793470934468
2024-09,holdout,24,Ridge,all,12,2025-09,2.851779,2.0634428668438014
2024-09,holdout,24,Ridge,all,13,2025-10,2.853997,2.002436449833271
2024-09,holdout,24,Ridge,all,14,2025-11,3.024742,1.9514343505982013
2024-09,holdout,24,Ridge,all,15,2025-12,3.250133,1.9242636752881437
2024-09,holdout,24,Ridge,all,16,2026-01,3.533279,1.9284416256847712
2024-09,holdout,24,Ridge,all,17,2026-02,2.740833,1.964316719393204
2024-09,holdout,24,Ridge,all,18,2026-03,3.781706,2.02497142230483
2024-09,holdout,24,Ridge,all,19,2026-04,4.610166,2.096881806774061
2024-09,holdout,24,Ridge,all,20,2026-05,4.794425,2.1622210684132197
2024-09,holdout,24,Ridge,all,21,2026-06,4.895221,2.2034885856592497
2024-09,holdout,24,Ridge,all,22,2026-07,5.908074,2.2094808214536394
2024-09,holdout,24,Ridge,all,23,2026-08,5.91454,2.179749400092276
2024-09,holdout,24,Ridge,all,24,2026-09,6.12557,2.1248120862456616
2024-09,holdout,24,GradientBoosting,all,1,2024-10,2.030244,1.6861286530006805
2024-09,holdout,24,GradientBoosting,all,2,2024-11,2.260922,1.7475591055079391
2024-09,holdout,24,GradientBoosting,all,3,2024-12,2.018859,1.599833733259752
2024-09,holdout,24,GradientBoosting,all,4,2025-01,2.021128,1.599833733259752
2024-09,holdout,24,GradientBoosting,all,5,2025-02,2.153377,1.388240255226054
2024-09,holdout,24,GradientBoosting,all,6,2025-03,2.194287,1.828044067160604
2024-09,holdout,24,GradientBoosting,all,7,2025-04,2.328755,1.8564085541819928
2024-09,holdout,24,GradientBoosting,all,8,2025-05,2.098333,1.903927917244048
2024-09,holdout,24,GradientBoosting,all,9,2025-06,2.356699,1.8727251045506856
2024-09,holdout,24,GradientBoosting,all,10,2025-07,2.667033,2.090080780387265
2024-09,holdout,24,GradientBoosting,all,11,2025-08,2.544064,2.078858148573121
2024-09,holdout,24,GradientBoosting,all,12,2025-09,2.851779,2.019789695904904
2024-09,holdout,24,GradientBoosting,all,13,2025-10,2.853997,1.6319627375621917
2024-09,holdout,24,GradientBoosting,all,14,2025-11,3.024742,1.6943342574826996
2024-09,holdout,24,GradientBoosting,all,15,2025-12,3.250133,1.5528691490778397
2024-09,holdout,24,GradientBoosting,all,16,2026-01,3.533279,1.5528691490778397
2024-09,holdout,24,GradientBoosting,all,17,2026-02,2.740833,1.3653772021192716
2024-09,holdout,24,GradientBoosting,all,18,2026-03,3.781706,1.822433731303594
2024-09,holdout,24,GradientBoosting,all,19,2026-04,4.610166,1.879552001766512
2024-09,holdout,24,GradientBoosting,all,20,2026-05,4.794425,1.92766377854364
2024-09,holdout,24,GradientBoosting,all,21,2026-06,4.895221,1.9023276546732868
2024-09,holdout,24,GradientBoosting,all,22,2026-07,5.908074,2.120157940234216
2024-09,holdout,24,GradientBoosting,all,23,2026-08,5.91454,2.103435211446582
2024-09,holdout,24,GradientBoosting,all,24,2026-09,6.12557,2.03951328686258
